time_target,class,wavelength,r_b
2021-08-28T14:02:08Z,algae_brown,340,0.0270588235294118
2021-08-28T14:02:08Z,algae_brown,342,0.0268250000000001
2021-08-28T14:02:08Z,algae_brown,344,0.021794117647058894
2021-08-28T14:02:08Z,algae_brown,346,0.020481249999999968
2021-08-28T14:02:08Z,algae_brown,348,0.021023529411764726
2021-08-28T14:02:08Z,algae_brown,350,0.03203124999999998
2021-08-28T14:02:08Z,algae_brown,352,0.030531250000000006
2021-08-28T14:02:08Z,algae_brown,354,0.027541176470588274
2021-08-28T14:02:08Z,algae_brown,356,0.022874999999999965
2021-08-28T14:02:08Z,algae_brown,358,0.02152352941176471
2021-08-28T14:02:08Z,algae_brown,360,0.02447647058823529
2021-08-28T14:02:08Z,algae_brown,362,0.024575000000000017
2021-08-28T14:02:08Z,algae_brown,364,0.023137500000000037
2021-08-28T14:02:08Z,algae_brown,366,0.025223529411764672
2021-08-28T14:02:08Z,algae_brown,368,0.02526875000000006
2021-08-28T14:02:08Z,algae_brown,370,0.02768235294117646
2021-08-28T14:02:08Z,algae_brown,372,0.024399999999999998
2021-08-28T14:02:08Z,algae_brown,374,0.022374999999999968
2021-08-28T14:02:08Z,algae_brown,376,0.018582352941176508
2021-08-28T14:02:08Z,algae_brown,378,0.017806250000000013
2021-08-28T14:02:08Z,algae_brown,380,0.021152941176470576
2021-08-28T14:02:08Z,algae_brown,382,0.023612499999999988
2021-08-28T14:02:08Z,algae_brown,384,0.021824999999999987
2021-08-28T14:02:08Z,algae_brown,386,0.018629411764705867
2021-08-28T14:02:08Z,algae_brown,388,0.021412499999999994
2021-08-28T14:02:08Z,algae_brown,390,0.021143750000000003
2021-08-28T14:02:08Z,algae_brown,392,0.020481249999999996
2021-08-28T14:02:08Z,algae_brown,394,0.019799999999999998
2021-08-28T14:02:08Z,algae_brown,396,0.01924117647058823
2021-08-28T14:02:08Z,algae_brown,398,0.01805
2021-08-28T14:02:08Z,algae_brown,400,0.01835
2021-08-28T14:02:08Z,algae_brown,402,0.0173
2021-08-28T14:02:08Z,algae_brown,404,0.017199999999999997
2021-08-28T14:02:08Z,algae_brown,406,0.01717058823529411
2021-08-28T14:02:08Z,algae_brown,408,0.015906249999999993
2021-08-28T14:02:08Z,algae_brown,410,0.016343749999999987
2021-08-28T14:02:08Z,algae_brown,412,0.01606875
2021-08-28T14:02:08Z,algae_brown,414,0.01571875
2021-08-28T14:02:08Z,algae_brown,416,0.016412500000000003
2021-08-28T14:02:08Z,algae_brown,418,0.01603750000000001
2021-08-28T14:02:08Z,algae_brown,420,0.016324999999999996
2021-08-28T14:02:08Z,algae_brown,422,0.0159125
2021-08-28T14:02:08Z,algae_brown,424,0.01545625
2021-08-28T14:02:08Z,algae_brown,426,0.015112500000000003
2021-08-28T14:02:08Z,algae_brown,428,0.01538235294117647
2021-08-28T14:02:08Z,algae_brown,430,0.015375000000000003
2021-08-28T14:02:08Z,algae_brown,432,0.015366666666666667
2021-08-28T14:02:08Z,algae_brown,434,0.015487499999999998
2021-08-28T14:02:08Z,algae_brown,436,0.015533333333333338
2021-08-28T14:02:08Z,algae_brown,438,0.015275
2021-08-28T14:02:08Z,algae_brown,440,0.01543125
2021-08-28T14:02:08Z,algae_brown,442,0.015306250000000002
2021-08-28T14:02:08Z,algae_brown,444,0.01541875
2021-08-28T14:02:08Z,algae_brown,446,0.015631250000000003
2021-08-28T14:02:08Z,algae_brown,448,0.0158
2021-08-28T14:02:08Z,algae_brown,450,0.015893749999999998
2021-08-28T14:02:08Z,algae_brown,452,0.01611875
2021-08-28T14:02:08Z,algae_brown,454,0.01624375
2021-08-28T14:02:08Z,algae_brown,456,0.0163
2021-08-28T14:02:08Z,algae_brown,458,0.016393749999999995
2021-08-28T14:02:08Z,algae_brown,460,0.0165
2021-08-28T14:02:08Z,algae_brown,462,0.0166
2021-08-28T14:02:08Z,algae_brown,464,0.016775
2021-08-28T14:02:08Z,algae_brown,466,0.0168
2021-08-28T14:02:08Z,algae_brown,468,0.016925
2021-08-28T14:02:08Z,algae_brown,470,0.0171
2021-08-28T14:02:08Z,algae_brown,472,0.017275000000000002
2021-08-28T14:02:08Z,algae_brown,474,0.017506250000000004
2021-08-28T14:02:08Z,algae_brown,476,0.0176625
2021-08-28T14:02:08Z,algae_brown,478,0.01785625
2021-08-28T14:02:08Z,algae_brown,480,0.01798125
2021-08-28T14:02:08Z,algae_brown,482,0.018125
2021-08-28T14:02:08Z,algae_brown,484,0.0183375
2021-08-28T14:02:08Z,algae_brown,486,0.0184625
2021-08-28T14:02:08Z,algae_brown,488,0.018500000000000003
2021-08-28T14:02:08Z,algae_brown,490,0.018518750000000004
2021-08-28T14:02:08Z,algae_brown,492,0.018600000000000002
2021-08-28T14:02:08Z,algae_brown,494,0.01866875
2021-08-28T14:02:08Z,algae_brown,496,0.018799999999999997
2021-08-28T14:02:08Z,algae_brown,498,0.018949999999999998
2021-08-28T14:02:08Z,algae_brown,500,0.0192
2021-08-28T14:02:08Z,algae_brown,502,0.019375
2021-08-28T14:02:08Z,algae_brown,504,0.019606250000000002
2021-08-28T14:02:08Z,algae_brown,506,0.0197625
2021-08-28T14:02:08Z,algae_brown,508,0.020079999999999994
2021-08-28T14:02:08Z,algae_brown,510,0.020375
2021-08-28T14:02:08Z,algae_brown,512,0.0207375
2021-08-28T14:02:08Z,algae_brown,514,0.021120000000000007
2021-08-28T14:02:08Z,algae_brown,516,0.021437499999999998
2021-08-28T14:02:08Z,algae_brown,518,0.0216875
2021-08-28T14:02:08Z,algae_brown,520,0.021949999999999994
2021-08-28T14:02:08Z,algae_brown,522,0.022199999999999998
2021-08-28T14:02:08Z,algae_brown,524,0.022540000000000008
2021-08-28T14:02:08Z,algae_brown,526,0.022912500000000002
2021-08-28T14:02:08Z,algae_brown,528,0.023166666666666665
2021-08-28T14:02:08Z,algae_brown,530,0.023362499999999998
2021-08-28T14:02:08Z,algae_brown,532,0.023662499999999993
2021-08-28T14:02:08Z,algae_brown,534,0.024037499999999996
2021-08-28T14:02:08Z,algae_brown,536,0.024287500000000004
2021-08-28T14:02:08Z,algae_brown,538,0.024693333333333338
2021-08-28T14:02:08Z,algae_brown,540,0.025099999999999997
2021-08-28T14:02:08Z,algae_brown,542,0.025525
2021-08-28T14:02:08Z,algae_brown,544,0.026024999999999993
2021-08-28T14:02:08Z,algae_brown,546,0.026546666666666656
2021-08-28T14:02:08Z,algae_brown,548,0.02728000000000002
2021-08-28T14:02:08Z,algae_brown,550,0.02806250000000001
2021-08-28T14:02:08Z,algae_brown,552,0.0288125
2021-08-28T14:02:08Z,algae_brown,554,0.0298
2021-08-28T14:02:08Z,algae_brown,556,0.03083999999999999
2021-08-28T14:02:08Z,algae_brown,558,0.03206249999999998
2021-08-28T14:02:08Z,algae_brown,560,0.03327999999999997
2021-08-28T14:02:08Z,algae_brown,562,0.034433333333333364
2021-08-28T14:02:08Z,algae_brown,564,0.03578125000000002
2021-08-28T14:02:08Z,algae_brown,566,0.03720666666666668
2021-08-28T14:02:08Z,algae_brown,568,0.038599999999999995
2021-08-28T14:02:08Z,algae_brown,570,0.040043749999999996
2021-08-28T14:02:08Z,algae_brown,572,0.04141874999999998
2021-08-28T14:02:08Z,algae_brown,574,0.0428533333333333
2021-08-28T14:02:08Z,algae_brown,576,0.0442466666666667
2021-08-28T14:02:08Z,algae_brown,578,0.04562000000000003
2021-08-28T14:02:08Z,algae_brown,580,0.04662500000000001
2021-08-28T14:02:08Z,algae_brown,582,0.047437500000000014
2021-08-28T14:02:08Z,algae_brown,584,0.0482
2021-08-28T14:02:08Z,algae_brown,586,0.048975
2021-08-28T14:02:08Z,algae_brown,588,0.04975999999999999
2021-08-28T14:02:08Z,algae_brown,590,0.05061999999999998
2021-08-28T14:02:08Z,algae_brown,592,0.051550000000000006
2021-08-28T14:02:08Z,algae_brown,594,0.05280000000000003
2021-08-28T14:02:08Z,algae_brown,596,0.05435000000000003
2021-08-28T14:02:08Z,algae_brown,598,0.05588000000000002
2021-08-28T14:02:08Z,algae_brown,600,0.057150000000000006
2021-08-28T14:02:08Z,algae_brown,602,0.0581
2021-08-28T14:02:08Z,algae_brown,604,0.05778125
2021-08-28T14:02:08Z,algae_brown,606,0.05676000000000001
2021-08-28T14:02:08Z,algae_brown,608,0.05518666666666668
2021-08-28T14:02:08Z,algae_brown,610,0.05352000000000005
2021-08-28T14:02:08Z,algae_brown,612,0.05165333333333338
2021-08-28T14:02:08Z,algae_brown,614,0.04978124999999997
2021-08-28T14:02:08Z,algae_brown,616,0.048039999999999965
2021-08-28T14:02:08Z,algae_brown,618,0.04660624999999998
2021-08-28T14:02:08Z,algae_brown,620,0.04551333333333332
2021-08-28T14:02:08Z,algae_brown,622,0.044981249999999993
2021-08-28T14:02:08Z,algae_brown,624,0.04463333333333333
2021-08-28T14:02:08Z,algae_brown,626,0.04443333333333334
2021-08-28T14:02:08Z,algae_brown,628,0.044199999999999996
2021-08-28T14:02:08Z,algae_brown,630,0.04374666666666667
2021-08-28T14:02:08Z,algae_brown,632,0.04336000000000001
2021-08-28T14:02:08Z,algae_brown,634,0.04293750000000001
2021-08-28T14:02:08Z,algae_brown,636,0.042699999999999995
2021-08-28T14:02:08Z,algae_brown,638,0.04285999999999999
2021-08-28T14:02:08Z,algae_brown,640,0.043693333333333306
2021-08-28T14:02:08Z,algae_brown,642,0.044946666666666704
2021-08-28T14:02:08Z,algae_brown,644,0.046600000000000044
2021-08-28T14:02:08Z,algae_brown,646,0.04812000000000003
2021-08-28T14:02:08Z,algae_brown,648,0.0489
2021-08-28T14:02:08Z,algae_brown,650,0.04865999999999999
2021-08-28T14:02:08Z,algae_brown,652,0.04756666666666665
2021-08-28T14:02:08Z,algae_brown,654,0.04568666666666664
2021-08-28T14:02:08Z,algae_brown,656,0.043379999999999974
2021-08-28T14:02:08Z,algae_brown,658,0.04085624999999999
2021-08-28T14:02:08Z,algae_brown,660,0.038
2021-08-28T14:02:08Z,algae_brown,662,0.03503333333333333
2021-08-28T14:02:08Z,algae_brown,664,0.03323333333333333
2021-08-28T14:02:08Z,algae_brown,666,0.032
2021-08-28T14:02:08Z,algae_brown,668,0.03383333333333333
2021-08-28T14:02:08Z,algae_brown,670,0.03623333333333333
2021-08-28T14:02:08Z,algae_brown,672,0.039599999999999996
2021-08-28T14:02:08Z,algae_brown,674,0.043833333333333335
2021-08-28T14:02:08Z,algae_brown,676,0.04856666666666666
2021-08-28T14:02:08Z,algae_brown,678,0.054000000000000006
2021-08-28T14:02:08Z,algae_brown,680,0.060000000000000005
2021-08-28T14:02:08Z,algae_brown,682,0.0662
2021-08-28T14:02:08Z,algae_brown,684,0.0724
2021-08-28T14:02:08Z,algae_brown,686,0.08233333333333334
2021-08-28T14:02:08Z,algae_brown,688,0.09733333333333334
2021-08-28T14:02:08Z,algae_brown,690,0.11130000000000001
2021-08-28T14:02:08Z,algae_brown,692,0.12766666666666668
2021-08-28T14:02:08Z,algae_brown,694,0.14886666666666665
2021-08-28T14:02:08Z,algae_brown,696,0.1754
2021-08-28T14:02:08Z,algae_brown,698,0.20306666666666665
2021-08-28T14:02:08Z,algae_brown,700,0.2382
2021-08-28T14:02:08Z,algae_brown,702,0.2798
2021-08-28T14:02:08Z,algae_brown,704,0.3272
2021-08-28T14:02:08Z,algae_brown,706,0.38
2021-08-28T14:02:08Z,algae_brown,708,0.4399800000000006
2021-08-28T14:02:08Z,algae_brown,710,0.506260000000001
2021-08-28T14:02:08Z,algae_brown,712,0.607726666666668
2021-08-28T14:02:08Z,algae_brown,714,0.7098428571428587
2021-08-28T14:02:08Z,algae_brown,716,0.84790666666667
2021-08-28T14:02:08Z,algae_brown,718,0.9814000000000028
2021-08-28T14:02:08Z,algae_brown,720,1.148073333333337
2021-08-28T14:02:08Z,algae_brown,722,1.2879000000000018
2021-08-28T14:02:08Z,algae_brown,724,1.4104428571428549
2021-08-28T14:02:08Z,algae_brown,726,1.3966400000000019
2021-08-28T14:02:08Z,algae_brown,728,1.4105866666666633
2021-08-28T14:02:08Z,algae_brown,730,1.4045428571428582
2021-08-28T14:02:08Z,algae_brown,732,1.492346666666666
2021-08-28T14:02:08Z,algae_brown,734,1.4515357142857148
2021-08-28T14:02:08Z,algae_brown,736,1.4
2021-08-28T14:02:08Z,algae_brown,738,1.3391142857142853
2021-08-28T14:02:08Z,algae_brown,740,1.448080000000003
2021-08-28T14:02:08Z,algae_brown,742,1.2932642857142855
2021-08-28T14:02:08Z,algae_brown,744,1.2549133333333315
2021-08-28T14:02:08Z,algae_brown,746,1.2547000000000013
2021-08-28T14:02:08Z,algae_brown,748,1.2640000000000025
2021-08-28T14:02:08Z,algae_brown,750,1.2
2021-08-28T14:02:08Z,algae_brown,752,1.0885714285714307
2021-08-28T14:02:08Z,algae_brown,754,1.1000285714285727
2021-08-28T14:02:08Z,algae_brown,756,1.0403333333333333
2021-08-28T14:02:08Z,algae_brown,758,1.0973799999999974
2021-08-28T14:02:08Z,algae_brown,760,0.996171428571432
2021-08-28T14:02:08Z,algae_brown,762,0.9723999999999959
2021-08-28T14:02:08Z,algae_brown,764,0.801439999999997
2021-08-28T14:02:08Z,algae_brown,766,0.8596571428571437
2021-08-28T14:02:08Z,algae_brown,768,0.6841466666666692
2021-08-28T14:02:08Z,algae_brown,770,0.7018
2021-08-28T14:02:08Z,algae_brown,772,0.6314285714285693
2021-08-28T14:02:08Z,algae_brown,774,0.5556
2021-08-28T14:02:08Z,algae_brown,776,0.5037066666666633
2021-08-28T14:02:08Z,algae_brown,778,0.44439999999999996
2021-08-28T14:02:08Z,algae_brown,780,0.44133333333333213
2021-08-28T14:02:08Z,algae_brown,782,0.43571428571428633
2021-08-28T14:02:08Z,algae_brown,784,0.3778
2021-08-28T14:02:08Z,algae_brown,786,0.475
2021-08-28T14:02:08Z,algae_brown,788,0.41499999999999776
2021-08-28T14:02:08Z,algae_brown,790,0.30872142857142887
2021-08-28T14:02:08Z,algae_brown,792,0.2839285714285716
2021-08-28T14:02:08Z,algae_brown,794,0.3429
2021-08-28T14:02:08Z,algae_brown,796,0.3714285714285726
2021-08-28T14:02:08Z,algae_brown,798,0.4
2021-08-28T14:02:08Z,algae_brown,800,0.2591571428571426
2021-08-28T19:01:58Z,algae_brown,340,0.0353
2021-08-28T19:01:58Z,algae_brown,342,0.035275
2021-08-28T19:01:58Z,algae_brown,344,0.0352
2021-08-28T19:01:58Z,algae_brown,346,0.03499375
2021-08-28T19:01:58Z,algae_brown,348,0.03472352941176471
2021-08-28T19:01:58Z,algae_brown,350,0.0347
2021-08-28T19:01:58Z,algae_brown,352,0.0347625
2021-08-28T19:01:58Z,algae_brown,354,0.03505882352941176
2021-08-28T19:01:58Z,algae_brown,356,0.035275
2021-08-28T19:01:58Z,algae_brown,358,0.034829411764705887
2021-08-28T19:01:58Z,algae_brown,360,0.034664705882352945
2021-08-28T19:01:58Z,algae_brown,362,0.0344625
2021-08-28T19:01:58Z,algae_brown,364,0.03433750000000001
2021-08-28T19:01:58Z,algae_brown,366,0.03438235294117647
2021-08-28T19:01:58Z,algae_brown,368,0.0345
2021-08-28T19:01:58Z,algae_brown,370,0.0345
2021-08-28T19:01:58Z,algae_brown,372,0.0344
2021-08-28T19:01:58Z,algae_brown,374,0.034075
2021-08-28T19:01:58Z,algae_brown,376,0.033811764705882354
2021-08-28T19:01:58Z,algae_brown,378,0.0338375
2021-08-28T19:01:58Z,algae_brown,380,0.03408235294117647
2021-08-28T19:01:58Z,algae_brown,382,0.0340125
2021-08-28T19:01:58Z,algae_brown,384,0.033549999999999996
2021-08-28T19:01:58Z,algae_brown,386,0.03338823529411765
2021-08-28T19:01:58Z,algae_brown,388,0.03326875
2021-08-28T19:01:58Z,algae_brown,390,0.03336875
2021-08-28T19:01:58Z,algae_brown,392,0.03358125
2021-08-28T19:01:58Z,algae_brown,394,0.03309375
2021-08-28T19:01:58Z,algae_brown,396,0.03285294117647059
2021-08-28T19:01:58Z,algae_brown,398,0.0325
2021-08-28T19:01:58Z,algae_brown,400,0.032575
2021-08-28T19:01:58Z,algae_brown,402,0.0327
2021-08-28T19:01:58Z,algae_brown,404,0.032775
2021-08-28T19:01:58Z,algae_brown,406,0.032652941176470586
2021-08-28T19:01:58Z,algae_brown,408,0.03253125
2021-08-28T19:01:58Z,algae_brown,410,0.03231250000000001
2021-08-28T19:01:58Z,algae_brown,412,0.032281250000000004
2021-08-28T19:01:58Z,algae_brown,414,0.0322
2021-08-28T19:01:58Z,algae_brown,416,0.0322
2021-08-28T19:01:58Z,algae_brown,418,0.032106249999999996
2021-08-28T19:01:58Z,algae_brown,420,0.0321
2021-08-28T19:01:58Z,algae_brown,422,0.0321
2021-08-28T19:01:58Z,algae_brown,424,0.0321
2021-08-28T19:01:58Z,algae_brown,426,0.0321
2021-08-28T19:01:58Z,algae_brown,428,0.03218235294117647
2021-08-28T19:01:58Z,algae_brown,430,0.031987499999999995
2021-08-28T19:01:58Z,algae_brown,432,0.0318
2021-08-28T19:01:58Z,algae_brown,434,0.03170625
2021-08-28T19:01:58Z,algae_brown,436,0.03171333333333333
2021-08-28T19:01:58Z,algae_brown,438,0.03175625
2021-08-28T19:01:58Z,algae_brown,440,0.0317
2021-08-28T19:01:58Z,algae_brown,442,0.03179375
2021-08-28T19:01:58Z,algae_brown,444,0.0319375
2021-08-28T19:01:58Z,algae_brown,446,0.0321
2021-08-28T19:01:58Z,algae_brown,448,0.0322375
2021-08-28T19:01:58Z,algae_brown,450,0.032393750000000006
2021-08-28T19:01:58Z,algae_brown,452,0.0326
2021-08-28T19:01:58Z,algae_brown,454,0.03264375
2021-08-28T19:01:58Z,algae_brown,456,0.03276875
2021-08-28T19:01:58Z,algae_brown,458,0.03289375
2021-08-28T19:01:58Z,algae_brown,460,0.033025
2021-08-28T19:01:58Z,algae_brown,462,0.03315
2021-08-28T19:01:58Z,algae_brown,464,0.033275000000000006
2021-08-28T19:01:58Z,algae_brown,466,0.0335
2021-08-28T19:01:58Z,algae_brown,468,0.03364999999999999
2021-08-28T19:01:58Z,algae_brown,470,0.0339
2021-08-28T19:01:58Z,algae_brown,472,0.03415000000000001
2021-08-28T19:01:58Z,algae_brown,474,0.03451250000000001
2021-08-28T19:01:58Z,algae_brown,476,0.03479375
2021-08-28T19:01:58Z,algae_brown,478,0.035112500000000005
2021-08-28T19:01:58Z,algae_brown,480,0.0353625
2021-08-28T19:01:58Z,algae_brown,482,0.03572499999999999
2021-08-28T19:01:58Z,algae_brown,484,0.035975
2021-08-28T19:01:58Z,algae_brown,486,0.0361
2021-08-28T19:01:58Z,algae_brown,488,0.036187500000000004
2021-08-28T19:01:58Z,algae_brown,490,0.03641875
2021-08-28T19:01:58Z,algae_brown,492,0.03654375
2021-08-28T19:01:58Z,algae_brown,494,0.0367375
2021-08-28T19:01:58Z,algae_brown,496,0.037000000000000005
2021-08-28T19:01:58Z,algae_brown,498,0.037349999999999994
2021-08-28T19:01:58Z,algae_brown,500,0.03765
2021-08-28T19:01:58Z,algae_brown,502,0.038025
2021-08-28T19:01:58Z,algae_brown,504,0.038425
2021-08-28T19:01:58Z,algae_brown,506,0.038925
2021-08-28T19:01:58Z,algae_brown,508,0.03943999999999999
2021-08-28T19:01:58Z,algae_brown,510,0.0400375
2021-08-28T19:01:58Z,algae_brown,512,0.0406625
2021-08-28T19:01:58Z,algae_brown,514,0.041340000000000016
2021-08-28T19:01:58Z,algae_brown,516,0.04204375
2021-08-28T19:01:58Z,algae_brown,518,0.042762499999999995
2021-08-28T19:01:58Z,algae_brown,520,0.04357499999999999
2021-08-28T19:01:58Z,algae_brown,522,0.04445
2021-08-28T19:01:58Z,algae_brown,524,0.04536000000000002
2021-08-28T19:01:58Z,algae_brown,526,0.04623750000000001
2021-08-28T19:01:58Z,algae_brown,528,0.04706666666666666
2021-08-28T19:01:58Z,algae_brown,530,0.0480375
2021-08-28T19:01:58Z,algae_brown,532,0.04899999999999998
2021-08-28T19:01:58Z,algae_brown,534,0.05004999999999998
2021-08-28T19:01:58Z,algae_brown,536,0.05109375000000002
2021-08-28T19:01:58Z,algae_brown,538,0.05233333333333335
2021-08-28T19:01:58Z,algae_brown,540,0.0535
2021-08-28T19:01:58Z,algae_brown,542,0.05484375
2021-08-28T19:01:58Z,algae_brown,544,0.05627499999999997
2021-08-28T19:01:58Z,algae_brown,546,0.05783999999999996
2021-08-28T19:01:58Z,algae_brown,548,0.05960000000000005
2021-08-28T19:01:58Z,algae_brown,550,0.06160000000000003
2021-08-28T19:01:58Z,algae_brown,552,0.06366875
2021-08-28T19:01:58Z,algae_brown,554,0.066
2021-08-28T19:01:58Z,algae_brown,556,0.0684333333333333
2021-08-28T19:01:58Z,algae_brown,558,0.07108124999999996
2021-08-28T19:01:58Z,algae_brown,560,0.07381999999999994
2021-08-28T19:01:58Z,algae_brown,562,0.07659333333333339
2021-08-28T19:01:58Z,algae_brown,564,0.07946250000000005
2021-08-28T19:01:58Z,algae_brown,566,0.08231333333333336
2021-08-28T19:01:58Z,algae_brown,568,0.0849
2021-08-28T19:01:58Z,algae_brown,570,0.0873625
2021-08-28T19:01:58Z,algae_brown,572,0.08955624999999996
2021-08-28T19:01:58Z,algae_brown,574,0.09177333333333328
2021-08-28T19:01:58Z,algae_brown,576,0.0935466666666667
2021-08-28T19:01:58Z,algae_brown,578,0.09492000000000002
2021-08-28T19:01:58Z,algae_brown,580,0.095925
2021-08-28T19:01:58Z,algae_brown,582,0.0967375
2021-08-28T19:01:58Z,algae_brown,584,0.09749999999999999
2021-08-28T19:01:58Z,algae_brown,586,0.09833749999999998
2021-08-28T19:01:58Z,algae_brown,588,0.09934666666666664
2021-08-28T19:01:58Z,algae_brown,590,0.10049999999999996
2021-08-28T19:01:58Z,algae_brown,592,0.10200000000000001
2021-08-28T19:01:58Z,algae_brown,594,0.10406000000000004
2021-08-28T19:01:58Z,algae_brown,596,0.10642500000000003
2021-08-28T19:01:58Z,algae_brown,598,0.10868000000000004
2021-08-28T19:01:58Z,algae_brown,600,0.11059375
2021-08-28T19:01:58Z,algae_brown,602,0.1118
2021-08-28T19:01:58Z,algae_brown,604,0.111875
2021-08-28T19:01:58Z,algae_brown,606,0.11112000000000001
2021-08-28T19:01:58Z,algae_brown,608,0.10949333333333335
2021-08-28T19:01:58Z,algae_brown,610,0.10744000000000005
2021-08-28T19:01:58Z,algae_brown,612,0.10498666666666673
2021-08-28T19:01:58Z,algae_brown,614,0.10263749999999996
2021-08-28T19:01:58Z,algae_brown,616,0.10028666666666662
2021-08-28T19:01:58Z,algae_brown,618,0.09833124999999997
2021-08-28T19:01:58Z,algae_brown,620,0.09693999999999998
2021-08-28T19:01:58Z,algae_brown,622,0.09606874999999998
2021-08-28T19:01:58Z,algae_brown,624,0.09546666666666667
2021-08-28T19:01:58Z,algae_brown,626,0.095
2021-08-28T19:01:58Z,algae_brown,628,0.09449999999999999
2021-08-28T19:01:58Z,algae_brown,630,0.09374000000000002
2021-08-28T19:01:58Z,algae_brown,632,0.09288
2021-08-28T19:01:58Z,algae_brown,634,0.09216250000000002
2021-08-28T19:01:58Z,algae_brown,636,0.09197999999999999
2021-08-28T19:01:58Z,algae_brown,638,0.09283333333333331
2021-08-28T19:01:58Z,algae_brown,640,0.0945133333333333
2021-08-28T19:01:58Z,algae_brown,642,0.09676666666666672
2021-08-28T19:01:58Z,algae_brown,644,0.09938666666666672
2021-08-28T19:01:58Z,algae_brown,646,0.10160000000000004
2021-08-28T19:01:58Z,algae_brown,648,0.10257499999999999
2021-08-28T19:01:58Z,algae_brown,650,0.10191999999999998
2021-08-28T19:01:58Z,algae_brown,652,0.09958666666666664
2021-08-28T19:01:58Z,algae_brown,654,0.09563333333333326
2021-08-28T19:01:58Z,algae_brown,656,0.08973999999999992
2021-08-28T19:01:58Z,algae_brown,658,0.08237499999999998
2021-08-28T19:01:58Z,algae_brown,660,0.0745
2021-08-28T19:01:58Z,algae_brown,662,0.0671
2021-08-28T19:01:58Z,algae_brown,664,0.06076666666666667
2021-08-28T19:01:58Z,algae_brown,666,0.0556
2021-08-28T19:01:58Z,algae_brown,668,0.052199999999999996
2021-08-28T19:01:58Z,algae_brown,670,0.05026666666666667
2021-08-28T19:01:58Z,algae_brown,672,0.0495
2021-08-28T19:01:58Z,algae_brown,674,0.05006666666666667
2021-08-28T19:01:58Z,algae_brown,676,0.051533333333333334
2021-08-28T19:01:58Z,algae_brown,678,0.0538
2021-08-28T19:01:58Z,algae_brown,680,0.05706666666666667
2021-08-28T19:01:58Z,algae_brown,682,0.06146666666666666
2021-08-28T19:01:58Z,algae_brown,684,0.0674
2021-08-28T19:01:58Z,algae_brown,686,0.07593333333333334
2021-08-28T19:01:58Z,algae_brown,688,0.08800000000000001
2021-08-28T19:01:58Z,algae_brown,690,0.1035
2021-08-28T19:01:58Z,algae_brown,692,0.12236666666666667
2021-08-28T19:01:58Z,algae_brown,694,0.14336666666666667
2021-08-28T19:01:58Z,algae_brown,696,0.1656
2021-08-28T19:01:58Z,algae_brown,698,0.1874
2021-08-28T19:01:58Z,algae_brown,700,0.20806666666666665
2021-08-28T19:01:58Z,algae_brown,702,0.22719999999999999
2021-08-28T19:01:58Z,algae_brown,704,0.2439666666666667
2021-08-28T19:01:58Z,algae_brown,706,0.2586333333333333
2021-08-28T19:01:58Z,algae_brown,708,0.2720600000000001
2021-08-28T19:01:58Z,algae_brown,710,0.2829400000000001
2021-08-28T19:01:58Z,algae_brown,712,0.2926333333333334
2021-08-28T19:01:58Z,algae_brown,714,0.3014500000000001
2021-08-28T19:01:58Z,algae_brown,716,0.31010000000000015
2021-08-28T19:01:58Z,algae_brown,718,0.31738000000000016
2021-08-28T19:01:58Z,algae_brown,720,0.32392000000000015
2021-08-28T19:01:58Z,algae_brown,722,0.33126000000000017
2021-08-28T19:01:58Z,algae_brown,724,0.33875714285714276
2021-08-28T19:01:58Z,algae_brown,726,0.34569999999999984
2021-08-28T19:01:58Z,algae_brown,728,0.35241999999999984
2021-08-28T19:01:58Z,algae_brown,730,0.3593499999999999
2021-08-28T19:01:58Z,algae_brown,732,0.36577999999999994
2021-08-28T19:01:58Z,algae_brown,734,0.37245
2021-08-28T19:01:58Z,algae_brown,736,0.3789
2021-08-28T19:01:58Z,algae_brown,738,0.38507142857142856
2021-08-28T19:01:58Z,algae_brown,740,0.39105333333333336
2021-08-28T19:01:58Z,algae_brown,742,0.39657857142857156
2021-08-28T19:01:58Z,algae_brown,744,0.40197333333333346
2021-08-28T19:01:58Z,algae_brown,746,0.4069600000000001
2021-08-28T19:01:58Z,algae_brown,748,0.4118599999999999
2021-08-28T19:01:58Z,algae_brown,750,0.4162066666666666
2021-08-28T19:01:58Z,algae_brown,752,0.4203928571428571
2021-08-28T19:01:58Z,algae_brown,754,0.42452857142857137
2021-08-28T19:01:58Z,algae_brown,756,0.42826666666666663
2021-08-28T19:01:58Z,algae_brown,758,0.43362666666666677
2021-08-28T19:01:58Z,algae_brown,760,0.43998571428571426
2021-08-28T19:01:58Z,algae_brown,762,0.43986
2021-08-28T19:01:58Z,algae_brown,764,0.43966
2021-08-28T19:01:58Z,algae_brown,766,0.44184285714285704
2021-08-28T19:01:58Z,algae_brown,768,0.44561333333333325
2021-08-28T19:01:58Z,algae_brown,770,0.4492333333333333
2021-08-28T19:01:58Z,algae_brown,772,0.4520571428571429
2021-08-28T19:01:58Z,algae_brown,774,0.4545214285714286
2021-08-28T19:01:58Z,algae_brown,776,0.45684666666666673
2021-08-28T19:01:58Z,algae_brown,778,0.4589857142857143
2021-08-28T19:01:58Z,algae_brown,780,0.46107333333333334
2021-08-28T19:01:58Z,algae_brown,782,0.4629357142857143
2021-08-28T19:01:58Z,algae_brown,784,0.4646
2021-08-28T19:01:58Z,algae_brown,786,0.46627142857142856
2021-08-28T19:01:58Z,algae_brown,788,0.4677
2021-08-28T19:01:58Z,algae_brown,790,0.46921428571428564
2021-08-28T19:01:58Z,algae_brown,792,0.4707071428571429
2021-08-28T19:01:58Z,algae_brown,794,0.47200000000000003
2021-08-28T19:01:58Z,algae_brown,796,0.4730142857142857
2021-08-28T19:01:58Z,algae_brown,798,0.47378000000000003
2021-08-28T19:01:58Z,algae_brown,800,0.47505000000000003
2021-08-28T19:02:59Z,algae_brown_membranipora,340,0.06082941176470589
2021-08-28T19:02:59Z,algae_brown_membranipora,342,0.0613
2021-08-28T19:02:59Z,algae_brown_membranipora,344,0.06139411764705883
2021-08-28T19:02:59Z,algae_brown_membranipora,346,0.06143125
2021-08-28T19:02:59Z,algae_brown_membranipora,348,0.06184117647058824
2021-08-28T19:02:59Z,algae_brown_membranipora,350,0.062012500000000005
2021-08-28T19:02:59Z,algae_brown_membranipora,352,0.0623875
2021-08-28T19:02:59Z,algae_brown_membranipora,354,0.06306470588235294
2021-08-28T19:02:59Z,algae_brown_membranipora,356,0.06345
2021-08-28T19:02:59Z,algae_brown_membranipora,358,0.06359411764705883
2021-08-28T19:02:59Z,algae_brown_membranipora,360,0.06383529411764706
2021-08-28T19:02:59Z,algae_brown_membranipora,362,0.0641125
2021-08-28T19:02:59Z,algae_brown_membranipora,364,0.064425
2021-08-28T19:02:59Z,algae_brown_membranipora,366,0.06482941176470589
2021-08-28T19:02:59Z,algae_brown_membranipora,368,0.06521874999999999
2021-08-28T19:02:59Z,algae_brown_membranipora,370,0.06561764705882353
2021-08-28T19:02:59Z,algae_brown_membranipora,372,0.06595000000000001
2021-08-28T19:02:59Z,algae_brown_membranipora,374,0.065775
2021-08-28T19:02:59Z,algae_brown_membranipora,376,0.06579411764705882
2021-08-28T19:02:59Z,algae_brown_membranipora,378,0.0663125
2021-08-28T19:02:59Z,algae_brown_membranipora,380,0.06696470588235294
2021-08-28T19:02:59Z,algae_brown_membranipora,382,0.0670125
2021-08-28T19:02:59Z,algae_brown_membranipora,384,0.0666375
2021-08-28T19:02:59Z,algae_brown_membranipora,386,0.0665
2021-08-28T19:02:59Z,algae_brown_membranipora,388,0.0665625
2021-08-28T19:02:59Z,algae_brown_membranipora,390,0.06698124999999999
2021-08-28T19:02:59Z,algae_brown_membranipora,392,0.06728125
2021-08-28T19:02:59Z,algae_brown_membranipora,394,0.06666874999999998
2021-08-28T19:02:59Z,algae_brown_membranipora,396,0.06605294117647059
2021-08-28T19:02:59Z,algae_brown_membranipora,398,0.06575
2021-08-28T19:02:59Z,algae_brown_membranipora,400,0.0661
2021-08-28T19:02:59Z,algae_brown_membranipora,402,0.0664
2021-08-28T19:02:59Z,algae_brown_membranipora,404,0.06645000000000001
2021-08-28T19:02:59Z,algae_brown_membranipora,406,0.06620588235294117
2021-08-28T19:02:59Z,algae_brown_membranipora,408,0.06603125
2021-08-28T19:02:59Z,algae_brown_membranipora,410,0.0658125
2021-08-28T19:02:59Z,algae_brown_membranipora,412,0.06568125000000001
2021-08-28T19:02:59Z,algae_brown_membranipora,414,0.06559999999999999
2021-08-28T19:02:59Z,algae_brown_membranipora,416,0.06559999999999999
2021-08-28T19:02:59Z,algae_brown_membranipora,418,0.06550625
2021-08-28T19:02:59Z,algae_brown_membranipora,420,0.0653
2021-08-28T19:02:59Z,algae_brown_membranipora,422,0.0653
2021-08-28T19:02:59Z,algae_brown_membranipora,424,0.06523124999999999
2021-08-28T19:02:59Z,algae_brown_membranipora,426,0.0652
2021-08-28T19:02:59Z,algae_brown_membranipora,428,0.06528235294117647
2021-08-28T19:02:59Z,algae_brown_membranipora,430,0.06505
2021-08-28T19:02:59Z,algae_brown_membranipora,432,0.06473333333333334
2021-08-28T19:02:59Z,algae_brown_membranipora,434,0.06479375000000001
2021-08-28T19:02:59Z,algae_brown_membranipora,436,0.06502666666666666
2021-08-28T19:02:59Z,algae_brown_membranipora,438,0.06524374999999999
2021-08-28T19:02:59Z,algae_brown_membranipora,440,0.06523124999999999
2021-08-28T19:02:59Z,algae_brown_membranipora,442,0.06529375
2021-08-28T19:02:59Z,algae_brown_membranipora,444,0.06541875
2021-08-28T19:02:59Z,algae_brown_membranipora,446,0.0655
2021-08-28T19:02:59Z,algae_brown_membranipora,448,0.0655
2021-08-28T19:02:59Z,algae_brown_membranipora,450,0.06559374999999999
2021-08-28T19:02:59Z,algae_brown_membranipora,452,0.0658
2021-08-28T19:02:59Z,algae_brown_membranipora,454,0.0658
2021-08-28T19:02:59Z,algae_brown_membranipora,456,0.0658
2021-08-28T19:02:59Z,algae_brown_membranipora,458,0.0658
2021-08-28T19:02:59Z,algae_brown_membranipora,460,0.0658
2021-08-28T19:02:59Z,algae_brown_membranipora,462,0.06584999999999999
2021-08-28T19:02:59Z,algae_brown_membranipora,464,0.065975
2021-08-28T19:02:59Z,algae_brown_membranipora,466,0.066
2021-08-28T19:02:59Z,algae_brown_membranipora,468,0.0661
2021-08-28T19:02:59Z,algae_brown_membranipora,470,0.06615
2021-08-28T19:02:59Z,algae_brown_membranipora,472,0.066275
2021-08-28T19:02:59Z,algae_brown_membranipora,474,0.06650625
2021-08-28T19:02:59Z,algae_brown_membranipora,476,0.06663125
2021-08-28T19:02:59Z,algae_brown_membranipora,478,0.06675625
2021-08-28T19:02:59Z,algae_brown_membranipora,480,0.06696250000000001
2021-08-28T19:02:59Z,algae_brown_membranipora,482,0.067225
2021-08-28T19:02:59Z,algae_brown_membranipora,484,0.0674375
2021-08-28T19:02:59Z,algae_brown_membranipora,486,0.0674375
2021-08-28T19:02:59Z,algae_brown_membranipora,488,0.067225
2021-08-28T19:02:59Z,algae_brown_membranipora,490,0.06723749999999999
2021-08-28T19:02:59Z,algae_brown_membranipora,492,0.0674
2021-08-28T19:02:59Z,algae_brown_membranipora,494,0.06746875000000001
2021-08-28T19:02:59Z,algae_brown_membranipora,496,0.0676
2021-08-28T19:02:59Z,algae_brown_membranipora,498,0.06785
2021-08-28T19:02:59Z,algae_brown_membranipora,500,0.06805
2021-08-28T19:02:59Z,algae_brown_membranipora,502,0.068175
2021-08-28T19:02:59Z,algae_brown_membranipora,504,0.0684125
2021-08-28T19:02:59Z,algae_brown_membranipora,506,0.06872500000000001
2021-08-28T19:02:59Z,algae_brown_membranipora,508,0.06917999999999999
2021-08-28T19:02:59Z,algae_brown_membranipora,510,0.0695625
2021-08-28T19:02:59Z,algae_brown_membranipora,512,0.0700625
2021-08-28T19:02:59Z,algae_brown_membranipora,514,0.0707
2021-08-28T19:02:59Z,algae_brown_membranipora,516,0.07127499999999999
2021-08-28T19:02:59Z,algae_brown_membranipora,518,0.07168125
2021-08-28T19:02:59Z,algae_brown_membranipora,520,0.07227499999999999
2021-08-28T19:02:59Z,algae_brown_membranipora,522,0.0731
2021-08-28T19:02:59Z,algae_brown_membranipora,524,0.07364000000000001
2021-08-28T19:02:59Z,algae_brown_membranipora,526,0.07401250000000001
2021-08-28T19:02:59Z,algae_brown_membranipora,528,0.0743
2021-08-28T19:02:59Z,algae_brown_membranipora,530,0.07481249999999999
2021-08-28T19:02:59Z,algae_brown_membranipora,532,0.07534999999999999
2021-08-28T19:02:59Z,algae_brown_membranipora,534,0.07579375
2021-08-28T19:02:59Z,algae_brown_membranipora,536,0.07637500000000001
2021-08-28T19:02:59Z,algae_brown_membranipora,538,0.07704
2021-08-28T19:02:59Z,algae_brown_membranipora,540,0.07769999999999999
2021-08-28T19:02:59Z,algae_brown_membranipora,542,0.07825625
2021-08-28T19:02:59Z,algae_brown_membranipora,544,0.07888124999999999
2021-08-28T19:02:59Z,algae_brown_membranipora,546,0.07961999999999998
2021-08-28T19:02:59Z,algae_brown_membranipora,548,0.08049333333333335
2021-08-28T19:02:59Z,algae_brown_membranipora,550,0.08145000000000001
2021-08-28T19:02:59Z,algae_brown_membranipora,552,0.08245
2021-08-28T19:02:59Z,algae_brown_membranipora,554,0.0837
2021-08-28T19:02:59Z,algae_brown_membranipora,556,0.08499333333333332
2021-08-28T19:02:59Z,algae_brown_membranipora,558,0.08636249999999998
2021-08-28T19:02:59Z,algae_brown_membranipora,560,0.0877533333333333
2021-08-28T19:02:59Z,algae_brown_membranipora,562,0.08938666666666671
2021-08-28T19:02:59Z,algae_brown_membranipora,564,0.09121250000000003
2021-08-28T19:02:59Z,algae_brown_membranipora,566,0.09302666666666669
2021-08-28T19:02:59Z,algae_brown_membranipora,568,0.09480000000000001
2021-08-28T19:02:59Z,algae_brown_membranipora,570,0.0963125
2021-08-28T19:02:59Z,algae_brown_membranipora,572,0.09761874999999998
2021-08-28T19:02:59Z,algae_brown_membranipora,574,0.09896666666666665
2021-08-28T19:02:59Z,algae_brown_membranipora,576,0.09996666666666668
2021-08-28T19:02:59Z,algae_brown_membranipora,578,0.10058666666666667
2021-08-28T19:02:59Z,algae_brown_membranipora,580,0.10095
2021-08-28T19:02:59Z,algae_brown_membranipora,582,0.1012125
2021-08-28T19:02:59Z,algae_brown_membranipora,584,0.10146666666666666
2021-08-28T19:02:59Z,algae_brown_membranipora,586,0.10178749999999999
2021-08-28T19:02:59Z,algae_brown_membranipora,588,0.10227333333333333
2021-08-28T19:02:59Z,algae_brown_membranipora,590,0.10268
2021-08-28T19:02:59Z,algae_brown_membranipora,592,0.1034
2021-08-28T19:02:59Z,algae_brown_membranipora,594,0.10460000000000004
2021-08-28T19:02:59Z,algae_brown_membranipora,596,0.10605000000000003
2021-08-28T19:02:59Z,algae_brown_membranipora,598,0.10750000000000003
2021-08-28T19:02:59Z,algae_brown_membranipora,600,0.10865000000000001
2021-08-28T19:02:59Z,algae_brown_membranipora,602,0.1092
2021-08-28T19:02:59Z,algae_brown_membranipora,604,0.1088125
2021-08-28T19:02:59Z,algae_brown_membranipora,606,0.10780000000000001
2021-08-28T19:02:59Z,algae_brown_membranipora,608,0.10618666666666668
2021-08-28T19:02:59Z,algae_brown_membranipora,610,0.10418000000000004
2021-08-28T19:02:59Z,algae_brown_membranipora,612,0.10204666666666672
2021-08-28T19:02:59Z,algae_brown_membranipora,614,0.10008124999999997
2021-08-28T19:02:59Z,algae_brown_membranipora,616,0.09822666666666663
2021-08-28T19:02:59Z,algae_brown_membranipora,618,0.09661874999999998
2021-08-28T19:02:59Z,algae_brown_membranipora,620,0.09541333333333332
2021-08-28T19:02:59Z,algae_brown_membranipora,622,0.09466875
2021-08-28T19:02:59Z,algae_brown_membranipora,624,0.09406666666666667
2021-08-28T19:02:59Z,algae_brown_membranipora,626,0.09353333333333333
2021-08-28T19:02:59Z,algae_brown_membranipora,628,0.09300000000000001
2021-08-28T19:02:59Z,algae_brown_membranipora,630,0.09234
2021-08-28T19:02:59Z,algae_brown_membranipora,632,0.09160000000000001
2021-08-28T19:02:59Z,algae_brown_membranipora,634,0.09105
2021-08-28T19:02:59Z,algae_brown_membranipora,636,0.09082
2021-08-28T19:02:59Z,algae_brown_membranipora,638,0.09116666666666666
2021-08-28T19:02:59Z,algae_brown_membranipora,640,0.09200666666666665
2021-08-28T19:02:59Z,algae_brown_membranipora,642,0.09323333333333336
2021-08-28T19:02:59Z,algae_brown_membranipora,644,0.09466000000000004
2021-08-28T19:02:59Z,algae_brown_membranipora,646,0.09610000000000003
2021-08-28T19:02:59Z,algae_brown_membranipora,648,0.09655
2021-08-28T19:02:59Z,algae_brown_membranipora,650,0.09579999999999998
2021-08-28T19:02:59Z,algae_brown_membranipora,652,0.09417333333333332
2021-08-28T19:02:59Z,algae_brown_membranipora,654,0.09185999999999997
2021-08-28T19:02:59Z,algae_brown_membranipora,656,0.08869999999999996
2021-08-28T19:02:59Z,algae_brown_membranipora,658,0.08483749999999998
2021-08-28T19:02:59Z,algae_brown_membranipora,660,0.0812
2021-08-28T19:02:59Z,algae_brown_membranipora,662,0.07843333333333334
2021-08-28T19:02:59Z,algae_brown_membranipora,664,0.07643333333333334
2021-08-28T19:02:59Z,algae_brown_membranipora,666,0.075
2021-08-28T19:02:59Z,algae_brown_membranipora,668,0.07423333333333333
2021-08-28T19:02:59Z,algae_brown_membranipora,670,0.0741
2021-08-28T19:02:59Z,algae_brown_membranipora,672,0.07440000000000001
2021-08-28T19:02:59Z,algae_brown_membranipora,674,0.07523333333333333
2021-08-28T19:02:59Z,algae_brown_membranipora,676,0.07636666666666667
2021-08-28T19:02:59Z,algae_brown_membranipora,678,0.0776
2021-08-28T19:02:59Z,algae_brown_membranipora,680,0.07906666666666667
2021-08-28T19:02:59Z,algae_brown_membranipora,682,0.08066666666666666
2021-08-28T19:02:59Z,algae_brown_membranipora,684,0.08289999999999999
2021-08-28T19:02:59Z,algae_brown_membranipora,686,0.08673333333333334
2021-08-28T19:02:59Z,algae_brown_membranipora,688,0.09133333333333334
2021-08-28T19:02:59Z,algae_brown_membranipora,690,0.0971
2021-08-28T19:02:59Z,algae_brown_membranipora,692,0.10669999999999999
2021-08-28T19:02:59Z,algae_brown_membranipora,694,0.12016666666666667
2021-08-28T19:02:59Z,algae_brown_membranipora,696,0.1369
2021-08-28T19:02:59Z,algae_brown_membranipora,698,0.15683333333333335
2021-08-28T19:02:59Z,algae_brown_membranipora,700,0.17816666666666667
2021-08-28T19:02:59Z,algae_brown_membranipora,702,0.1999
2021-08-28T19:02:59Z,algae_brown_membranipora,704,0.2207
2021-08-28T19:02:59Z,algae_brown_membranipora,706,0.2399666666666667
2021-08-28T19:02:59Z,algae_brown_membranipora,708,0.25838000000000017
2021-08-28T19:02:59Z,algae_brown_membranipora,710,0.2736600000000002
2021-08-28T19:02:59Z,algae_brown_membranipora,712,0.28746000000000016
2021-08-28T19:02:59Z,algae_brown_membranipora,714,0.3000428571428573
2021-08-28T19:02:59Z,algae_brown_membranipora,716,0.31236666666666696
2021-08-28T19:02:59Z,algae_brown_membranipora,718,0.32298000000000027
2021-08-28T19:02:59Z,algae_brown_membranipora,720,0.3319800000000002
2021-08-28T19:02:59Z,algae_brown_membranipora,722,0.3409666666666669
2021-08-28T19:02:59Z,algae_brown_membranipora,724,0.350442857142857
2021-08-28T19:02:59Z,algae_brown_membranipora,726,0.35911999999999983
2021-08-28T19:02:59Z,algae_brown_membranipora,728,0.3671999999999998
2021-08-28T19:02:59Z,algae_brown_membranipora,730,0.3751999999999999
2021-08-28T19:02:59Z,algae_brown_membranipora,732,0.3823133333333333
2021-08-28T19:02:59Z,algae_brown_membranipora,734,0.3896714285714285
2021-08-28T19:02:59Z,algae_brown_membranipora,736,0.3969
2021-08-28T19:02:59Z,algae_brown_membranipora,738,0.40365
2021-08-28T19:02:59Z,algae_brown_membranipora,740,0.4101000000000001
2021-08-28T19:02:59Z,algae_brown_membranipora,742,0.41598571428571435
2021-08-28T19:02:59Z,algae_brown_membranipora,744,0.42156666666666676
2021-08-28T19:02:59Z,algae_brown_membranipora,746,0.4266600000000001
2021-08-28T19:02:59Z,algae_brown_membranipora,748,0.4316599999999999
2021-08-28T19:02:59Z,algae_brown_membranipora,750,0.4360066666666666
2021-08-28T19:02:59Z,algae_brown_membranipora,752,0.4401
2021-08-28T19:02:59Z,algae_brown_membranipora,754,0.4439714285714285
2021-08-28T19:02:59Z,algae_brown_membranipora,756,0.4477
2021-08-28T19:02:59Z,algae_brown_membranipora,758,0.4544400000000001
2021-08-28T19:02:59Z,algae_brown_membranipora,760,0.4633285714285715
2021-08-28T19:02:59Z,algae_brown_membranipora,762,0.46349999999999997
2021-08-28T19:02:59Z,algae_brown_membranipora,764,0.4596200000000001
2021-08-28T19:02:59Z,algae_brown_membranipora,766,0.4586142857142857
2021-08-28T19:02:59Z,algae_brown_membranipora,768,0.46114666666666665
2021-08-28T19:02:59Z,algae_brown_membranipora,770,0.4648
2021-08-28T19:02:59Z,algae_brown_membranipora,772,0.4678285714285715
2021-08-28T19:02:59Z,algae_brown_membranipora,774,0.47041428571428573
2021-08-28T19:02:59Z,algae_brown_membranipora,776,0.4726000000000001
2021-08-28T19:02:59Z,algae_brown_membranipora,778,0.4745142857142857
2021-08-28T19:02:59Z,algae_brown_membranipora,780,0.47644666666666663
2021-08-28T19:02:59Z,algae_brown_membranipora,782,0.4781071428571429
2021-08-28T19:02:59Z,algae_brown_membranipora,784,0.4797
2021-08-28T19:02:59Z,algae_brown_membranipora,786,0.48122857142857145
2021-08-28T19:02:59Z,algae_brown_membranipora,788,0.48260000000000003
2021-08-28T19:02:59Z,algae_brown_membranipora,790,0.48407142857142854
2021-08-28T19:02:59Z,algae_brown_membranipora,792,0.48534285714285713
2021-08-28T19:02:59Z,algae_brown_membranipora,794,0.4864
2021-08-28T19:02:59Z,algae_brown_membranipora,796,0.48731428571428576
2021-08-28T19:02:59Z,algae_brown_membranipora,798,0.48808
2021-08-28T19:02:59Z,algae_brown_membranipora,800,0.48915
2021-08-28T19:03:48Z,algae_brown_membranipora,340,0.06801764705882354
2021-08-28T19:03:48Z,algae_brown_membranipora,342,0.068475
2021-08-28T19:03:48Z,algae_brown_membranipora,344,0.06890588235294118
2021-08-28T19:03:48Z,algae_brown_membranipora,346,0.06900624999999999
2021-08-28T19:03:48Z,algae_brown_membranipora,348,0.06918823529411765
2021-08-28T19:03:48Z,algae_brown_membranipora,350,0.06950625
2021-08-28T19:03:48Z,algae_brown_membranipora,352,0.06969375
2021-08-28T19:03:48Z,algae_brown_membranipora,354,0.07021764705882352
2021-08-28T19:03:48Z,algae_brown_membranipora,356,0.070725
2021-08-28T19:03:48Z,algae_brown_membranipora,358,0.07089411764705883
2021-08-28T19:03:48Z,algae_brown_membranipora,360,0.07125294117647059
2021-08-28T19:03:48Z,algae_brown_membranipora,362,0.07161250000000001
2021-08-28T19:03:48Z,algae_brown_membranipora,364,0.071925
2021-08-28T19:03:48Z,algae_brown_membranipora,366,0.07224705882352941
2021-08-28T19:03:48Z,algae_brown_membranipora,368,0.07271875
2021-08-28T19:03:48Z,algae_brown_membranipora,370,0.07305882352941176
2021-08-28T19:03:48Z,algae_brown_membranipora,372,0.07325000000000001
2021-08-28T19:03:48Z,algae_brown_membranipora,374,0.0733
2021-08-28T19:03:48Z,algae_brown_membranipora,376,0.0733
2021-08-28T19:03:48Z,algae_brown_membranipora,378,0.07385625
2021-08-28T19:03:48Z,algae_brown_membranipora,380,0.07418235294117646
2021-08-28T19:03:48Z,algae_brown_membranipora,382,0.074175
2021-08-28T19:03:48Z,algae_brown_membranipora,384,0.07392499999999999
2021-08-28T19:03:48Z,algae_brown_membranipora,386,0.0739
2021-08-28T19:03:48Z,algae_brown_membranipora,388,0.07393125
2021-08-28T19:03:48Z,algae_brown_membranipora,390,0.07411250000000001
2021-08-28T19:03:48Z,algae_brown_membranipora,392,0.0742
2021-08-28T19:03:48Z,algae_brown_membranipora,394,0.07359375
2021-08-28T19:03:48Z,algae_brown_membranipora,396,0.0733235294117647
2021-08-28T19:03:48Z,algae_brown_membranipora,398,0.07285
2021-08-28T19:03:48Z,algae_brown_membranipora,400,0.07295
2021-08-28T19:03:48Z,algae_brown_membranipora,402,0.0729
2021-08-28T19:03:48Z,algae_brown_membranipora,404,0.07275000000000001
2021-08-28T19:03:48Z,algae_brown_membranipora,406,0.07245882352941176
2021-08-28T19:03:48Z,algae_brown_membranipora,408,0.0721625
2021-08-28T19:03:48Z,algae_brown_membranipora,410,0.0719125
2021-08-28T19:03:48Z,algae_brown_membranipora,412,0.0716625
2021-08-28T19:03:48Z,algae_brown_membranipora,414,0.07145625
2021-08-28T19:03:48Z,algae_brown_membranipora,416,0.07133125
2021-08-28T19:03:48Z,algae_brown_membranipora,418,0.0711125
2021-08-28T19:03:48Z,algae_brown_membranipora,420,0.07098125
2021-08-28T19:03:48Z,algae_brown_membranipora,422,0.07085625000000001
2021-08-28T19:03:48Z,algae_brown_membranipora,424,0.07073125
2021-08-28T19:03:48Z,algae_brown_membranipora,426,0.0707
2021-08-28T19:03:48Z,algae_brown_membranipora,428,0.07078235294117648
2021-08-28T19:03:48Z,algae_brown_membranipora,430,0.0705875
2021-08-28T19:03:48Z,algae_brown_membranipora,432,0.07053333333333334
2021-08-28T19:03:48Z,algae_brown_membranipora,434,0.07069375
2021-08-28T19:03:48Z,algae_brown_membranipora,436,0.07092666666666667
2021-08-28T19:03:48Z,algae_brown_membranipora,438,0.0711
2021-08-28T19:03:48Z,algae_brown_membranipora,440,0.0711
2021-08-28T19:03:48Z,algae_brown_membranipora,442,0.0712875
2021-08-28T19:03:48Z,algae_brown_membranipora,444,0.07141874999999999
2021-08-28T19:03:48Z,algae_brown_membranipora,446,0.07150000000000001
2021-08-28T19:03:48Z,algae_brown_membranipora,448,0.07150000000000001
2021-08-28T19:03:48Z,algae_brown_membranipora,450,0.0716875
2021-08-28T19:03:48Z,algae_brown_membranipora,452,0.07178125
2021-08-28T19:03:48Z,algae_brown_membranipora,454,0.0717
2021-08-28T19:03:48Z,algae_brown_membranipora,456,0.0717
2021-08-28T19:03:48Z,algae_brown_membranipora,458,0.0717
2021-08-28T19:03:48Z,algae_brown_membranipora,460,0.0717
2021-08-28T19:03:48Z,algae_brown_membranipora,462,0.07175000000000001
2021-08-28T19:03:48Z,algae_brown_membranipora,464,0.0718
2021-08-28T19:03:48Z,algae_brown_membranipora,466,0.0719
2021-08-28T19:03:48Z,algae_brown_membranipora,468,0.071925
2021-08-28T19:03:48Z,algae_brown_membranipora,470,0.07205
2021-08-28T19:03:48Z,algae_brown_membranipora,472,0.072175
2021-08-28T19:03:48Z,algae_brown_membranipora,474,0.07230625
2021-08-28T19:03:48Z,algae_brown_membranipora,476,0.07243125
2021-08-28T19:03:48Z,algae_brown_membranipora,478,0.07255625
2021-08-28T19:03:48Z,algae_brown_membranipora,480,0.07276250000000001
2021-08-28T19:03:48Z,algae_brown_membranipora,482,0.072925
2021-08-28T19:03:48Z,algae_brown_membranipora,484,0.0731
2021-08-28T19:03:48Z,algae_brown_membranipora,486,0.07303749999999999
2021-08-28T19:03:48Z,algae_brown_membranipora,488,0.073
2021-08-28T19:03:48Z,algae_brown_membranipora,490,0.073
2021-08-28T19:03:48Z,algae_brown_membranipora,492,0.073
2021-08-28T19:03:48Z,algae_brown_membranipora,494,0.07306875
2021-08-28T19:03:48Z,algae_brown_membranipora,496,0.0732
2021-08-28T19:03:48Z,algae_brown_membranipora,498,0.07342499999999999
2021-08-28T19:03:48Z,algae_brown_membranipora,500,0.07355
2021-08-28T19:03:48Z,algae_brown_membranipora,502,0.07375000000000001
2021-08-28T19:03:48Z,algae_brown_membranipora,504,0.07401875000000001
2021-08-28T19:03:48Z,algae_brown_membranipora,506,0.07439375
2021-08-28T19:03:48Z,algae_brown_membranipora,508,0.07478
2021-08-28T19:03:48Z,algae_brown_membranipora,510,0.07525000000000001
2021-08-28T19:03:48Z,algae_brown_membranipora,512,0.07575
2021-08-28T19:03:48Z,algae_brown_membranipora,514,0.0763
2021-08-28T19:03:48Z,algae_brown_membranipora,516,0.07680625
2021-08-28T19:03:48Z,algae_brown_membranipora,518,0.07718124999999999
2021-08-28T19:03:48Z,algae_brown_membranipora,520,0.07782499999999999
2021-08-28T19:03:48Z,algae_brown_membranipora,522,0.0784
2021-08-28T19:03:48Z,algae_brown_membranipora,524,0.07892000000000002
2021-08-28T19:03:48Z,algae_brown_membranipora,526,0.07953125000000001
2021-08-28T19:03:48Z,algae_brown_membranipora,528,0.08020000000000001
2021-08-28T19:03:48Z,algae_brown_membranipora,530,0.08097499999999999
2021-08-28T19:03:48Z,algae_brown_membranipora,532,0.08163749999999999
2021-08-28T19:03:48Z,algae_brown_membranipora,534,0.0823125
2021-08-28T19:03:48Z,algae_brown_membranipora,536,0.08306250000000001
2021-08-28T19:03:48Z,algae_brown_membranipora,538,0.08384000000000001
2021-08-28T19:03:48Z,algae_brown_membranipora,540,0.08460000000000001
2021-08-28T19:03:48Z,algae_brown_membranipora,542,0.08541875
2021-08-28T19:03:48Z,algae_brown_membranipora,544,0.08629374999999999
2021-08-28T19:03:48Z,algae_brown_membranipora,546,0.08729333333333332
2021-08-28T19:03:48Z,algae_brown_membranipora,548,0.08842000000000003
2021-08-28T19:03:48Z,algae_brown_membranipora,550,0.08963750000000002
2021-08-28T19:03:48Z,algae_brown_membranipora,552,0.09102500000000001
2021-08-28T19:03:48Z,algae_brown_membranipora,554,0.09269999999999999
2021-08-28T19:03:48Z,algae_brown_membranipora,556,0.09449999999999999
2021-08-28T19:03:48Z,algae_brown_membranipora,558,0.09649999999999997
2021-08-28T19:03:48Z,algae_brown_membranipora,560,0.09867333333333328
2021-08-28T19:03:48Z,algae_brown_membranipora,562,0.10106666666666672
2021-08-28T19:03:48Z,algae_brown_membranipora,564,0.10367500000000004
2021-08-28T19:03:48Z,algae_brown_membranipora,566,0.10634000000000003
2021-08-28T19:03:48Z,algae_brown_membranipora,568,0.10890000000000001
2021-08-28T19:03:48Z,algae_brown_membranipora,570,0.11123125
2021-08-28T19:03:48Z,algae_brown_membranipora,572,0.11329999999999997
2021-08-28T19:03:48Z,algae_brown_membranipora,574,0.11512666666666663
2021-08-28T19:03:48Z,algae_brown_membranipora,576,0.11652000000000003
2021-08-28T19:03:48Z,algae_brown_membranipora,578,0.11753333333333334
2021-08-28T19:03:48Z,algae_brown_membranipora,580,0.118175
2021-08-28T19:03:48Z,algae_brown_membranipora,582,0.1186125
2021-08-28T19:03:48Z,algae_brown_membranipora,584,0.1189
2021-08-28T19:03:48Z,algae_brown_membranipora,586,0.11935
2021-08-28T19:03:48Z,algae_brown_membranipora,588,0.12005999999999999
2021-08-28T19:03:48Z,algae_brown_membranipora,590,0.12099999999999997
2021-08-28T19:03:48Z,algae_brown_membranipora,592,0.1225
2021-08-28T19:03:48Z,algae_brown_membranipora,594,0.12456000000000005
2021-08-28T19:03:48Z,algae_brown_membranipora,596,0.12713750000000004
2021-08-28T19:03:48Z,algae_brown_membranipora,598,0.12952000000000002
2021-08-28T19:03:48Z,algae_brown_membranipora,600,0.13142500000000001
2021-08-28T19:03:48Z,algae_brown_membranipora,602,0.1325
2021-08-28T19:03:48Z,algae_brown_membranipora,604,0.13188750000000002
2021-08-28T19:03:48Z,algae_brown_membranipora,606,0.13018000000000002
2021-08-28T19:03:48Z,algae_brown_membranipora,608,0.12754000000000004
2021-08-28T19:03:48Z,algae_brown_membranipora,610,0.12440000000000008
2021-08-28T19:03:48Z,algae_brown_membranipora,612,0.12106666666666675
2021-08-28T19:03:48Z,algae_brown_membranipora,614,0.11794999999999996
2021-08-28T19:03:48Z,algae_brown_membranipora,616,0.1150466666666666
2021-08-28T19:03:48Z,algae_brown_membranipora,618,0.11269999999999997
2021-08-28T19:03:48Z,algae_brown_membranipora,620,0.11091999999999998
2021-08-28T19:03:48Z,algae_brown_membranipora,622,0.10975625
2021-08-28T19:03:48Z,algae_brown_membranipora,624,0.1089
2021-08-28T19:03:48Z,algae_brown_membranipora,626,0.10816666666666667
2021-08-28T19:03:48Z,algae_brown_membranipora,628,0.1074
2021-08-28T19:03:48Z,algae_brown_membranipora,630,0.10661333333333334
2021-08-28T19:03:48Z,algae_brown_membranipora,632,0.10568000000000001
2021-08-28T19:03:48Z,algae_brown_membranipora,634,0.10487500000000002
2021-08-28T19:03:48Z,algae_brown_membranipora,636,0.10475999999999999
2021-08-28T19:03:48Z,algae_brown_membranipora,638,0.10542666666666664
2021-08-28T19:03:48Z,algae_brown_membranipora,640,0.10683999999999996
2021-08-28T19:03:48Z,algae_brown_membranipora,642,0.10884000000000005
2021-08-28T19:03:48Z,algae_brown_membranipora,644,0.11114666666666671
2021-08-28T19:03:48Z,algae_brown_membranipora,646,0.11296000000000005
2021-08-28T19:03:48Z,algae_brown_membranipora,648,0.11353749999999999
2021-08-28T19:03:48Z,algae_brown_membranipora,650,0.11253999999999997
2021-08-28T19:03:48Z,algae_brown_membranipora,652,0.11008666666666662
2021-08-28T19:03:48Z,algae_brown_membranipora,654,0.10637333333333328
2021-08-28T19:03:48Z,algae_brown_membranipora,656,0.10151999999999994
2021-08-28T19:03:48Z,algae_brown_membranipora,658,0.09604374999999998
2021-08-28T19:03:48Z,algae_brown_membranipora,660,0.0908
2021-08-28T19:03:48Z,algae_brown_membranipora,662,0.08689999999999999
2021-08-28T19:03:48Z,algae_brown_membranipora,664,0.08403333333333333
2021-08-28T19:03:48Z,algae_brown_membranipora,666,0.08199999999999999
2021-08-28T19:03:48Z,algae_brown_membranipora,668,0.08093333333333333
2021-08-28T19:03:48Z,algae_brown_membranipora,670,0.0806
2021-08-28T19:03:48Z,algae_brown_membranipora,672,0.0808
2021-08-28T19:03:48Z,algae_brown_membranipora,674,0.08153333333333333
2021-08-28T19:03:48Z,algae_brown_membranipora,676,0.08266666666666667
2021-08-28T19:03:48Z,algae_brown_membranipora,678,0.084
2021-08-28T19:03:48Z,algae_brown_membranipora,680,0.08553333333333334
2021-08-28T19:03:48Z,algae_brown_membranipora,682,0.08746666666666668
2021-08-28T19:03:48Z,algae_brown_membranipora,684,0.09
2021-08-28T19:03:48Z,algae_brown_membranipora,686,0.09446666666666667
2021-08-28T19:03:48Z,algae_brown_membranipora,688,0.10113333333333334
2021-08-28T19:03:48Z,algae_brown_membranipora,690,0.1108
2021-08-28T19:03:48Z,algae_brown_membranipora,692,0.1268
2021-08-28T19:03:48Z,algae_brown_membranipora,694,0.14986666666666668
2021-08-28T19:03:48Z,algae_brown_membranipora,696,0.1802
2021-08-28T19:03:48Z,algae_brown_membranipora,698,0.21739999999999998
2021-08-28T19:03:48Z,algae_brown_membranipora,700,0.259
2021-08-28T19:03:48Z,algae_brown_membranipora,702,0.30329999999999996
2021-08-28T19:03:48Z,algae_brown_membranipora,704,0.3472666666666666
2021-08-28T19:03:48Z,algae_brown_membranipora,706,0.3887333333333334
2021-08-28T19:03:48Z,algae_brown_membranipora,708,0.42873333333333374
2021-08-28T19:03:48Z,algae_brown_membranipora,710,0.46248000000000034
2021-08-28T19:03:48Z,algae_brown_membranipora,712,0.4925400000000003
2021-08-28T19:03:48Z,algae_brown_membranipora,714,0.5192642857142861
2021-08-28T19:03:48Z,algae_brown_membranipora,716,0.5429333333333338
2021-08-28T19:03:48Z,algae_brown_membranipora,718,0.5629600000000005
2021-08-28T19:03:48Z,algae_brown_membranipora,720,0.5837333333333339
2021-08-28T19:03:48Z,algae_brown_membranipora,722,0.6039000000000004
2021-08-28T19:03:48Z,algae_brown_membranipora,724,0.621385714285714
2021-08-28T19:03:48Z,algae_brown_membranipora,726,0.6375999999999996
2021-08-28T19:03:48Z,algae_brown_membranipora,728,0.6527199999999997
2021-08-28T19:03:48Z,algae_brown_membranipora,730,0.667742857142857
2021-08-28T19:03:48Z,algae_brown_membranipora,732,0.6816666666666665
2021-08-28T19:03:48Z,algae_brown_membranipora,734,0.69485
2021-08-28T19:03:48Z,algae_brown_membranipora,736,0.7066
2021-08-28T19:03:48Z,algae_brown_membranipora,738,0.7176214285714286
2021-08-28T19:03:48Z,algae_brown_membranipora,740,0.7282000000000001
2021-08-28T19:03:48Z,algae_brown_membranipora,742,0.7377785714285716
2021-08-28T19:03:48Z,algae_brown_membranipora,744,0.746846666666667
2021-08-28T19:03:48Z,algae_brown_membranipora,746,0.7547400000000002
2021-08-28T19:03:48Z,algae_brown_membranipora,748,0.76218
2021-08-28T19:03:48Z,algae_brown_membranipora,750,0.7685533333333332
2021-08-28T19:03:48Z,algae_brown_membranipora,752,0.7746928571428571
2021-08-28T19:03:48Z,algae_brown_membranipora,754,0.7803571428571429
2021-08-28T19:03:48Z,algae_brown_membranipora,756,0.7850666666666667
2021-08-28T19:03:48Z,algae_brown_membranipora,758,0.7915400000000001
2021-08-28T19:03:48Z,algae_brown_membranipora,760,0.7957428571428571
2021-08-28T19:03:48Z,algae_brown_membranipora,762,0.7963600000000001
2021-08-28T19:03:48Z,algae_brown_membranipora,764,0.7994999999999999
2021-08-28T19:03:48Z,algae_brown_membranipora,766,0.8047
2021-08-28T19:03:48Z,algae_brown_membranipora,768,0.8094866666666666
2021-08-28T19:03:48Z,algae_brown_membranipora,770,0.8130666666666666
2021-08-28T19:03:48Z,algae_brown_membranipora,772,0.8158285714285715
2021-08-28T19:03:48Z,algae_brown_membranipora,774,0.8187642857142857
2021-08-28T19:03:48Z,algae_brown_membranipora,776,0.8219266666666668
2021-08-28T19:03:48Z,algae_brown_membranipora,778,0.8250714285714286
2021-08-28T19:03:48Z,algae_brown_membranipora,780,0.82834
2021-08-28T19:03:48Z,algae_brown_membranipora,782,0.83145
2021-08-28T19:03:48Z,algae_brown_membranipora,784,0.8345999999999999
2021-08-28T19:03:48Z,algae_brown_membranipora,786,0.837657142857143
2021-08-28T19:03:48Z,algae_brown_membranipora,788,0.84048
2021-08-28T19:03:48Z,algae_brown_membranipora,790,0.843792857142857
2021-08-28T19:03:48Z,algae_brown_membranipora,792,0.8472071428571429
2021-08-28T19:03:48Z,algae_brown_membranipora,794,0.8504
2021-08-28T19:03:48Z,algae_brown_membranipora,796,0.8535142857142858
2021-08-28T19:03:48Z,algae_brown_membranipora,798,0.8562
2021-08-28T19:03:48Z,algae_brown_membranipora,800,0.8594285714285714
2021-08-28T19:08:11Z,algae_brown,340,0.01399411764705882
2021-08-28T19:08:11Z,algae_brown,342,0.013825000000000002
2021-08-28T19:08:11Z,algae_brown,344,0.013364705882352937
2021-08-28T19:08:11Z,algae_brown,346,0.0131
2021-08-28T19:08:11Z,algae_brown,348,0.012923529411764705
2021-08-28T19:08:11Z,algae_brown,350,0.0128
2021-08-28T19:08:11Z,algae_brown,352,0.01276875
2021-08-28T19:08:11Z,algae_brown,354,0.012594117647058825
2021-08-28T19:08:11Z,algae_brown,356,0.012349999999999998
2021-08-28T19:08:11Z,algae_brown,358,0.012111764705882355
2021-08-28T19:08:11Z,algae_brown,360,0.011882352941176469
2021-08-28T19:08:11Z,algae_brown,362,0.011724999999999998
2021-08-28T19:08:11Z,algae_brown,364,0.011475
2021-08-28T19:08:11Z,algae_brown,366,0.01131764705882353
2021-08-28T19:08:11Z,algae_brown,368,0.011087499999999998
2021-08-28T19:08:11Z,algae_brown,370,0.010841176470588236
2021-08-28T19:08:11Z,algae_brown,372,0.010600000000000002
2021-08-28T19:08:11Z,algae_brown,374,0.010424999999999999
2021-08-28T19:08:11Z,algae_brown,376,0.010117647058823533
2021-08-28T19:08:11Z,algae_brown,378,0.0099625
2021-08-28T19:08:11Z,algae_brown,380,0.009758823529411764
2021-08-28T19:08:11Z,algae_brown,382,0.0096375
2021-08-28T19:08:11Z,algae_brown,384,0.009512499999999998
2021-08-28T19:08:11Z,algae_brown,386,0.009388235294117647
2021-08-28T19:08:11Z,algae_brown,388,0.009268750000000001
2021-08-28T19:08:11Z,algae_brown,390,0.009087500000000002
2021-08-28T19:08:11Z,algae_brown,392,0.009000000000000001
2021-08-28T19:08:11Z,algae_brown,394,0.008893749999999999
2021-08-28T19:08:11Z,algae_brown,396,0.008770588235294117
2021-08-28T19:08:11Z,algae_brown,398,0.00865
2021-08-28T19:08:11Z,algae_brown,400,0.0086
2021-08-28T19:08:11Z,algae_brown,402,0.0085
2021-08-28T19:08:11Z,algae_brown,404,0.008375
2021-08-28T19:08:11Z,algae_brown,406,0.0083
2021-08-28T19:08:11Z,algae_brown,408,0.008231249999999999
2021-08-28T19:08:11Z,algae_brown,410,0.008106250000000002
2021-08-28T19:08:11Z,algae_brown,412,0.00808125
2021-08-28T19:08:11Z,algae_brown,414,0.008
2021-08-28T19:08:11Z,algae_brown,416,0.00793125
2021-08-28T19:08:11Z,algae_brown,418,0.0079
2021-08-28T19:08:11Z,algae_brown,420,0.00778125
2021-08-28T19:08:11Z,algae_brown,422,0.0077
2021-08-28T19:08:11Z,algae_brown,424,0.00763125
2021-08-28T19:08:11Z,algae_brown,426,0.0076
2021-08-28T19:08:11Z,algae_brown,428,0.0075
2021-08-28T19:08:11Z,algae_brown,430,0.007462499999999999
2021-08-28T19:08:11Z,algae_brown,432,0.0074
2021-08-28T19:08:11Z,algae_brown,434,0.007306250000000001
2021-08-28T19:08:11Z,algae_brown,436,0.007286666666666668
2021-08-28T19:08:11Z,algae_brown,438,0.0072
2021-08-28T19:08:11Z,algae_brown,440,0.00713125
2021-08-28T19:08:11Z,algae_brown,442,0.0070999999999999995
2021-08-28T19:08:11Z,algae_brown,444,0.0070999999999999995
2021-08-28T19:08:11Z,algae_brown,446,0.0070999999999999995
2021-08-28T19:08:11Z,algae_brown,448,0.007031249999999999
2021-08-28T19:08:11Z,algae_brown,450,0.006999999999999999
2021-08-28T19:08:11Z,algae_brown,452,0.006999999999999999
2021-08-28T19:08:11Z,algae_brown,454,0.006956249999999999
2021-08-28T19:08:11Z,algae_brown,456,0.0069
2021-08-28T19:08:11Z,algae_brown,458,0.0069
2021-08-28T19:08:11Z,algae_brown,460,0.006875000000000001
2021-08-28T19:08:11Z,algae_brown,462,0.0068000000000000005
2021-08-28T19:08:11Z,algae_brown,464,0.0068000000000000005
2021-08-28T19:08:11Z,algae_brown,466,0.0068000000000000005
2021-08-28T19:08:11Z,algae_brown,468,0.0068000000000000005
2021-08-28T19:08:11Z,algae_brown,470,0.0068000000000000005
2021-08-28T19:08:11Z,algae_brown,472,0.0068000000000000005
2021-08-28T19:08:11Z,algae_brown,474,0.0068000000000000005
2021-08-28T19:08:11Z,algae_brown,476,0.0068000000000000005
2021-08-28T19:08:11Z,algae_brown,478,0.0068000000000000005
2021-08-28T19:08:11Z,algae_brown,480,0.0068000000000000005
2021-08-28T19:08:11Z,algae_brown,482,0.006787500000000001
2021-08-28T19:08:11Z,algae_brown,484,0.006737500000000001
2021-08-28T19:08:11Z,algae_brown,486,0.0068000000000000005
2021-08-28T19:08:11Z,algae_brown,488,0.0067125
2021-08-28T19:08:11Z,algae_brown,490,0.0067
2021-08-28T19:08:11Z,algae_brown,492,0.0067
2021-08-28T19:08:11Z,algae_brown,494,0.0067
2021-08-28T19:08:11Z,algae_brown,496,0.0066
2021-08-28T19:08:11Z,algae_brown,498,0.0066
2021-08-28T19:08:11Z,algae_brown,500,0.0066
2021-08-28T19:08:11Z,algae_brown,502,0.006675000000000001
2021-08-28T19:08:11Z,algae_brown,504,0.0067
2021-08-28T19:08:11Z,algae_brown,506,0.0067
2021-08-28T19:08:11Z,algae_brown,508,0.0067
2021-08-28T19:08:11Z,algae_brown,510,0.006787500000000001
2021-08-28T19:08:11Z,algae_brown,512,0.0068000000000000005
2021-08-28T19:08:11Z,algae_brown,514,0.0068000000000000005
2021-08-28T19:08:11Z,algae_brown,516,0.006868750000000001
2021-08-28T19:08:11Z,algae_brown,518,0.0069
2021-08-28T19:08:11Z,algae_brown,520,0.0069
2021-08-28T19:08:11Z,algae_brown,522,0.00685
2021-08-28T19:08:11Z,algae_brown,524,0.006880000000000003
2021-08-28T19:08:11Z,algae_brown,526,0.00700625
2021-08-28T19:08:11Z,algae_brown,528,0.007133333333333333
2021-08-28T19:08:11Z,algae_brown,530,0.007262499999999999
2021-08-28T19:08:11Z,algae_brown,532,0.007387499999999997
2021-08-28T19:08:11Z,algae_brown,534,0.007518749999999998
2021-08-28T19:08:11Z,algae_brown,536,0.007643750000000002
2021-08-28T19:08:11Z,algae_brown,538,0.007773333333333335
2021-08-28T19:08:11Z,algae_brown,540,0.008
2021-08-28T19:08:11Z,algae_brown,542,0.0081625
2021-08-28T19:08:11Z,algae_brown,544,0.008412499999999996
2021-08-28T19:08:11Z,algae_brown,546,0.008673333333333326
2021-08-28T19:08:11Z,algae_brown,548,0.009026666666666674
2021-08-28T19:08:11Z,algae_brown,550,0.009375000000000008
2021-08-28T19:08:11Z,algae_brown,552,0.00980625
2021-08-28T19:08:11Z,algae_brown,554,0.0103
2021-08-28T19:08:11Z,algae_brown,556,0.010833333333333327
2021-08-28T19:08:11Z,algae_brown,558,0.011481249999999988
2021-08-28T19:08:11Z,algae_brown,560,0.012133333333333317
2021-08-28T19:08:11Z,algae_brown,562,0.012880000000000018
2021-08-28T19:08:11Z,algae_brown,564,0.013618750000000011
2021-08-28T19:08:11Z,algae_brown,566,0.014266666666666674
2021-08-28T19:08:11Z,algae_brown,568,0.0149
2021-08-28T19:08:11Z,algae_brown,570,0.015324999999999998
2021-08-28T19:08:11Z,algae_brown,572,0.015712499999999997
2021-08-28T19:08:11Z,algae_brown,574,0.015886666666666664
2021-08-28T19:08:11Z,algae_brown,576,0.0161
2021-08-28T19:08:11Z,algae_brown,578,0.0161
2021-08-28T19:08:11Z,algae_brown,580,0.0161
2021-08-28T19:08:11Z,algae_brown,582,0.016093749999999997
2021-08-28T19:08:11Z,algae_brown,584,0.015966666666666667
2021-08-28T19:08:11Z,algae_brown,586,0.0159
2021-08-28T19:08:11Z,algae_brown,588,0.0159
2021-08-28T19:08:11Z,algae_brown,590,0.01615999999999999
2021-08-28T19:08:11Z,algae_brown,592,0.016599999999999997
2021-08-28T19:08:11Z,algae_brown,594,0.01712000000000001
2021-08-28T19:08:11Z,algae_brown,596,0.017662500000000015
2021-08-28T19:08:11Z,algae_brown,598,0.01826000000000001
2021-08-28T19:08:11Z,algae_brown,600,0.0186375
2021-08-28T19:08:11Z,algae_brown,602,0.018799999999999997
2021-08-28T19:08:11Z,algae_brown,604,0.018475000000000002
2021-08-28T19:08:11Z,algae_brown,606,0.01784000000000001
2021-08-28T19:08:11Z,algae_brown,608,0.016946666666666676
2021-08-28T19:08:11Z,algae_brown,610,0.015960000000000023
2021-08-28T19:08:11Z,algae_brown,612,0.015026666666666688
2021-08-28T19:08:11Z,algae_brown,614,0.014131249999999986
2021-08-28T19:08:11Z,algae_brown,616,0.013346666666666654
2021-08-28T19:08:11Z,algae_brown,618,0.012824999999999993
2021-08-28T19:08:11Z,algae_brown,620,0.012379999999999995
2021-08-28T19:08:11Z,algae_brown,622,0.01199375
2021-08-28T19:08:11Z,algae_brown,624,0.011833333333333333
2021-08-28T19:08:11Z,algae_brown,626,0.011633333333333332
2021-08-28T19:08:11Z,algae_brown,628,0.0115
2021-08-28T19:08:11Z,algae_brown,630,0.01134666666666667
2021-08-28T19:08:11Z,algae_brown,632,0.011140000000000002
2021-08-28T19:08:11Z,algae_brown,634,0.011012500000000003
2021-08-28T19:08:11Z,algae_brown,636,0.011019999999999999
2021-08-28T19:08:11Z,algae_brown,638,0.01120666666666666
2021-08-28T19:08:11Z,algae_brown,640,0.01155999999999999
2021-08-28T19:08:11Z,algae_brown,642,0.011953333333333345
2021-08-28T19:08:11Z,algae_brown,644,0.01244000000000001
2021-08-28T19:08:11Z,algae_brown,646,0.012680000000000002
2021-08-28T19:08:11Z,algae_brown,648,0.012687499999999997
2021-08-28T19:08:11Z,algae_brown,650,0.012479999999999996
2021-08-28T19:08:11Z,algae_brown,652,0.011933333333333325
2021-08-28T19:08:11Z,algae_brown,654,0.011059999999999992
2021-08-28T19:08:11Z,algae_brown,656,0.01021999999999999
2021-08-28T19:08:11Z,algae_brown,658,0.009249999999999998
2021-08-28T19:08:11Z,algae_brown,660,0.0084
2021-08-28T19:08:11Z,algae_brown,662,0.0079
2021-08-28T19:08:11Z,algae_brown,664,0.007566666666666667
2021-08-28T19:08:11Z,algae_brown,666,0.0075
2021-08-28T19:08:11Z,algae_brown,668,0.007533333333333333
2021-08-28T19:08:11Z,algae_brown,670,0.007733333333333333
2021-08-28T19:08:11Z,algae_brown,672,0.008100000000000001
2021-08-28T19:08:11Z,algae_brown,674,0.008499999999999999
2021-08-28T19:08:11Z,algae_brown,676,0.008966666666666666
2021-08-28T19:08:11Z,algae_brown,678,0.0095
2021-08-28T19:08:11Z,algae_brown,680,0.010066666666666666
2021-08-28T19:08:11Z,algae_brown,682,0.010666666666666666
2021-08-28T19:08:11Z,algae_brown,684,0.011399999999999999
2021-08-28T19:08:11Z,algae_brown,686,0.0126
2021-08-28T19:08:11Z,algae_brown,688,0.014266666666666667
2021-08-28T19:08:11Z,algae_brown,690,0.016399999999999998
2021-08-28T19:08:11Z,algae_brown,692,0.020133333333333333
2021-08-28T19:08:11Z,algae_brown,694,0.026066666666666665
2021-08-28T19:08:11Z,algae_brown,696,0.0347
2021-08-28T19:08:11Z,algae_brown,698,0.04646666666666667
2021-08-28T19:08:11Z,algae_brown,700,0.06093333333333334
2021-08-28T19:08:11Z,algae_brown,702,0.0776
2021-08-28T19:08:11Z,algae_brown,704,0.09566666666666666
2021-08-28T19:08:11Z,algae_brown,706,0.11393333333333333
2021-08-28T19:08:11Z,algae_brown,708,0.13255333333333355
2021-08-28T19:08:11Z,algae_brown,710,0.14930000000000018
2021-08-28T19:08:11Z,algae_brown,712,0.16478666666666683
2021-08-28T19:08:11Z,algae_brown,714,0.17864285714285733
2021-08-28T19:08:11Z,algae_brown,716,0.19092000000000026
2021-08-28T19:08:11Z,algae_brown,718,0.2024400000000003
2021-08-28T19:08:11Z,algae_brown,720,0.21441333333333357
2021-08-28T19:08:11Z,algae_brown,722,0.22380000000000017
2021-08-28T19:08:11Z,algae_brown,724,0.23222857142857126
2021-08-28T19:08:11Z,algae_brown,726,0.24029999999999985
2021-08-28T19:08:11Z,algae_brown,728,0.24747333333333316
2021-08-28T19:08:11Z,algae_brown,730,0.25444999999999995
2021-08-28T19:08:11Z,algae_brown,732,0.2604933333333333
2021-08-28T19:08:11Z,algae_brown,734,0.2658142857142857
2021-08-28T19:08:11Z,algae_brown,736,0.2708
2021-08-28T19:08:11Z,algae_brown,738,0.27565000000000006
2021-08-28T19:08:11Z,algae_brown,740,0.2804666666666667
2021-08-28T19:08:11Z,algae_brown,742,0.28482142857142867
2021-08-28T19:08:11Z,algae_brown,744,0.2891466666666668
2021-08-28T19:08:11Z,algae_brown,746,0.2930400000000001
2021-08-28T19:08:11Z,algae_brown,748,0.29671999999999993
2021-08-28T19:08:11Z,algae_brown,750,0.30013333333333325
2021-08-28T19:08:11Z,algae_brown,752,0.30343571428571425
2021-08-28T19:08:11Z,algae_brown,754,0.3063714285714285
2021-08-28T19:08:11Z,algae_brown,756,0.3088666666666667
2021-08-28T19:08:11Z,algae_brown,758,0.30949333333333334
2021-08-28T19:08:11Z,algae_brown,760,0.31090000000000007
2021-08-28T19:08:11Z,algae_brown,762,0.31594000000000017
2021-08-28T19:08:11Z,algae_brown,764,0.3205999999999999
2021-08-28T19:08:11Z,algae_brown,766,0.3235714285714285
2021-08-28T19:08:11Z,algae_brown,768,0.32427999999999996
2021-08-28T19:08:11Z,algae_brown,770,0.32513333333333333
2021-08-28T19:08:11Z,algae_brown,772,0.32610000000000006
2021-08-28T19:08:11Z,algae_brown,774,0.32726428571428573
2021-08-28T19:08:11Z,algae_brown,776,0.3284266666666667
2021-08-28T19:08:11Z,algae_brown,778,0.32948571428571427
2021-08-28T19:08:11Z,algae_brown,780,0.33058666666666664
2021-08-28T19:08:11Z,algae_brown,782,0.3314857142857143
2021-08-28T19:08:11Z,algae_brown,784,0.3323
2021-08-28T19:08:11Z,algae_brown,786,0.3330285714285714
2021-08-28T19:08:11Z,algae_brown,788,0.33352000000000004
2021-08-28T19:08:11Z,algae_brown,790,0.3338857142857143
2021-08-28T19:08:11Z,algae_brown,792,0.33445714285714284
2021-08-28T19:08:11Z,algae_brown,794,0.3347
2021-08-28T19:08:11Z,algae_brown,796,0.3349285714285714
2021-08-28T19:08:11Z,algae_brown,798,0.33494
2021-08-28T19:08:11Z,algae_brown,800,0.33490000000000003
2021-08-28T19:09:05Z,algae_brown_membranipora,340,0.05341764705882353
2021-08-28T19:09:05Z,algae_brown_membranipora,342,0.053675
2021-08-28T19:09:05Z,algae_brown_membranipora,344,0.05378823529411766
2021-08-28T19:09:05Z,algae_brown_membranipora,346,0.054068750000000006
2021-08-28T19:09:05Z,algae_brown_membranipora,348,0.05436470588235295
2021-08-28T19:09:05Z,algae_brown_membranipora,350,0.05440625
2021-08-28T19:09:05Z,algae_brown_membranipora,352,0.054625
2021-08-28T19:09:05Z,algae_brown_membranipora,354,0.055005882352941175
2021-08-28T19:09:05Z,algae_brown_membranipora,356,0.055099999999999996
2021-08-28T19:09:05Z,algae_brown_membranipora,358,0.055664705882352936
2021-08-28T19:09:05Z,algae_brown_membranipora,360,0.05591764705882353
2021-08-28T19:09:05Z,algae_brown_membranipora,362,0.056075
2021-08-28T19:09:05Z,algae_brown_membranipora,364,0.05626249999999999
2021-08-28T19:09:05Z,algae_brown_membranipora,366,0.05638235294117647
2021-08-28T19:09:05Z,algae_brown_membranipora,368,0.0563125
2021-08-28T19:09:05Z,algae_brown_membranipora,370,0.05647058823529412
2021-08-28T19:09:05Z,algae_brown_membranipora,372,0.0564
2021-08-28T19:09:05Z,algae_brown_membranipora,374,0.05655
2021-08-28T19:09:05Z,algae_brown_membranipora,376,0.056976470588235295
2021-08-28T19:09:05Z,algae_brown_membranipora,378,0.0568625
2021-08-28T19:09:05Z,algae_brown_membranipora,380,0.05665882352941177
2021-08-28T19:09:05Z,algae_brown_membranipora,382,0.056537500000000004
2021-08-28T19:09:05Z,algae_brown_membranipora,384,0.057025
2021-08-28T19:09:05Z,algae_brown_membranipora,386,0.05698823529411765
2021-08-28T19:09:05Z,algae_brown_membranipora,388,0.0569625
2021-08-28T19:09:05Z,algae_brown_membranipora,390,0.05704375
2021-08-28T19:09:05Z,algae_brown_membranipora,392,0.05643125
2021-08-28T19:09:05Z,algae_brown_membranipora,394,0.0567
2021-08-28T19:09:05Z,algae_brown_membranipora,396,0.0567
2021-08-28T19:09:05Z,algae_brown_membranipora,398,0.0568
2021-08-28T19:09:05Z,algae_brown_membranipora,400,0.0566
2021-08-28T19:09:05Z,algae_brown_membranipora,402,0.0562
2021-08-28T19:09:05Z,algae_brown_membranipora,404,0.055975
2021-08-28T19:09:05Z,algae_brown_membranipora,406,0.055852941176470584
2021-08-28T19:09:05Z,algae_brown_membranipora,408,0.05573125
2021-08-28T19:09:05Z,algae_brown_membranipora,410,0.055606249999999996
2021-08-28T19:09:05Z,algae_brown_membranipora,412,0.055562499999999994
2021-08-28T19:09:05Z,algae_brown_membranipora,414,0.05535625
2021-08-28T19:09:05Z,algae_brown_membranipora,416,0.05523125
2021-08-28T19:09:05Z,algae_brown_membranipora,418,0.055106249999999996
2021-08-28T19:09:05Z,algae_brown_membranipora,420,0.055099999999999996
2021-08-28T19:09:05Z,algae_brown_membranipora,422,0.05505625
2021-08-28T19:09:05Z,algae_brown_membranipora,424,0.055
2021-08-28T19:09:05Z,algae_brown_membranipora,426,0.055
2021-08-28T19:09:05Z,algae_brown_membranipora,428,0.05488235294117647
2021-08-28T19:09:05Z,algae_brown_membranipora,430,0.0549125
2021-08-28T19:09:05Z,algae_brown_membranipora,432,0.055233333333333336
2021-08-28T19:09:05Z,algae_brown_membranipora,434,0.05520625
2021-08-28T19:09:05Z,algae_brown_membranipora,436,0.05528666666666667
2021-08-28T19:09:05Z,algae_brown_membranipora,438,0.0552
2021-08-28T19:09:05Z,algae_brown_membranipora,440,0.0553375
2021-08-28T19:09:05Z,algae_brown_membranipora,442,0.0554
2021-08-28T19:09:05Z,algae_brown_membranipora,444,0.0553
2021-08-28T19:09:05Z,algae_brown_membranipora,446,0.0553
2021-08-28T19:09:05Z,algae_brown_membranipora,448,0.0553
2021-08-28T19:09:05Z,algae_brown_membranipora,450,0.0553
2021-08-28T19:09:05Z,algae_brown_membranipora,452,0.0552
2021-08-28T19:09:05Z,algae_brown_membranipora,454,0.0552
2021-08-28T19:09:05Z,algae_brown_membranipora,456,0.0552
2021-08-28T19:09:05Z,algae_brown_membranipora,458,0.0552
2021-08-28T19:09:05Z,algae_brown_membranipora,460,0.0552
2021-08-28T19:09:05Z,algae_brown_membranipora,462,0.05515
2021-08-28T19:09:05Z,algae_brown_membranipora,464,0.055099999999999996
2021-08-28T19:09:05Z,algae_brown_membranipora,466,0.055099999999999996
2021-08-28T19:09:05Z,algae_brown_membranipora,468,0.055099999999999996
2021-08-28T19:09:05Z,algae_brown_membranipora,470,0.055099999999999996
2021-08-28T19:09:05Z,algae_brown_membranipora,472,0.055175
2021-08-28T19:09:05Z,algae_brown_membranipora,474,0.0552
2021-08-28T19:09:05Z,algae_brown_membranipora,476,0.05523125
2021-08-28T19:09:05Z,algae_brown_membranipora,478,0.0553
2021-08-28T19:09:05Z,algae_brown_membranipora,480,0.0553
2021-08-28T19:09:05Z,algae_brown_membranipora,482,0.0552875
2021-08-28T19:09:05Z,algae_brown_membranipora,484,0.055162499999999996
2021-08-28T19:09:05Z,algae_brown_membranipora,486,0.055162499999999996
2021-08-28T19:09:05Z,algae_brown_membranipora,488,0.0552875
2021-08-28T19:09:05Z,algae_brown_membranipora,490,0.055281250000000004
2021-08-28T19:09:05Z,algae_brown_membranipora,492,0.0552
2021-08-28T19:09:05Z,algae_brown_membranipora,494,0.05526875
2021-08-28T19:09:05Z,algae_brown_membranipora,496,0.0552
2021-08-28T19:09:05Z,algae_brown_membranipora,498,0.055224999999999996
2021-08-28T19:09:05Z,algae_brown_membranipora,500,0.0553
2021-08-28T19:09:05Z,algae_brown_membranipora,502,0.055375
2021-08-28T19:09:05Z,algae_brown_membranipora,504,0.055512500000000006
2021-08-28T19:09:05Z,algae_brown_membranipora,506,0.0557
2021-08-28T19:09:05Z,algae_brown_membranipora,508,0.055819999999999995
2021-08-28T19:09:05Z,algae_brown_membranipora,510,0.055987499999999996
2021-08-28T19:09:05Z,algae_brown_membranipora,512,0.0562125
2021-08-28T19:09:05Z,algae_brown_membranipora,514,0.05638
2021-08-28T19:09:05Z,algae_brown_membranipora,516,0.0566375
2021-08-28T19:09:05Z,algae_brown_membranipora,518,0.05698125
2021-08-28T19:09:05Z,algae_brown_membranipora,520,0.05739999999999999
2021-08-28T19:09:05Z,algae_brown_membranipora,522,0.05785
2021-08-28T19:09:05Z,algae_brown_membranipora,524,0.05824000000000001
2021-08-28T19:09:05Z,algae_brown_membranipora,526,0.058412500000000006
2021-08-28T19:09:05Z,algae_brown_membranipora,528,0.05866666666666667
2021-08-28T19:09:05Z,algae_brown_membranipora,530,0.058925
2021-08-28T19:09:05Z,algae_brown_membranipora,532,0.059175
2021-08-28T19:09:05Z,algae_brown_membranipora,534,0.059456249999999995
2021-08-28T19:09:05Z,algae_brown_membranipora,536,0.059743750000000005
2021-08-28T19:09:05Z,algae_brown_membranipora,538,0.060020000000000004
2021-08-28T19:09:05Z,algae_brown_membranipora,540,0.0603
2021-08-28T19:09:05Z,algae_brown_membranipora,542,0.060724999999999994
2021-08-28T19:09:05Z,algae_brown_membranipora,544,0.061168749999999994
2021-08-28T19:09:05Z,algae_brown_membranipora,546,0.06155999999999999
2021-08-28T19:09:05Z,algae_brown_membranipora,548,0.06205333333333334
2021-08-28T19:09:05Z,algae_brown_membranipora,550,0.06261875000000001
2021-08-28T19:09:05Z,algae_brown_membranipora,552,0.06324375
2021-08-28T19:09:05Z,algae_brown_membranipora,554,0.064
2021-08-28T19:09:05Z,algae_brown_membranipora,556,0.06478666666666666
2021-08-28T19:09:05Z,algae_brown_membranipora,558,0.06574999999999999
2021-08-28T19:09:05Z,algae_brown_membranipora,560,0.06679333333333332
2021-08-28T19:09:05Z,algae_brown_membranipora,562,0.06803333333333336
2021-08-28T19:09:05Z,algae_brown_membranipora,564,0.06933750000000002
2021-08-28T19:09:05Z,algae_brown_membranipora,566,0.07063333333333335
2021-08-28T19:09:05Z,algae_brown_membranipora,568,0.0718
2021-08-28T19:09:05Z,algae_brown_membranipora,570,0.0728875
2021-08-28T19:09:05Z,algae_brown_membranipora,572,0.07363749999999998
2021-08-28T19:09:05Z,algae_brown_membranipora,574,0.07433333333333332
2021-08-28T19:09:05Z,algae_brown_membranipora,576,0.07472666666666668
2021-08-28T19:09:05Z,algae_brown_membranipora,578,0.07494666666666668
2021-08-28T19:09:05Z,algae_brown_membranipora,580,0.075075
2021-08-28T19:09:05Z,algae_brown_membranipora,582,0.0751
2021-08-28T19:09:05Z,algae_brown_membranipora,584,0.0751
2021-08-28T19:09:05Z,algae_brown_membranipora,586,0.0751
2021-08-28T19:09:05Z,algae_brown_membranipora,588,0.07528666666666667
2021-08-28T19:09:05Z,algae_brown_membranipora,590,0.07545999999999999
2021-08-28T19:09:05Z,algae_brown_membranipora,592,0.07595
2021-08-28T19:09:05Z,algae_brown_membranipora,594,0.07660000000000002
2021-08-28T19:09:05Z,algae_brown_membranipora,596,0.07738750000000003
2021-08-28T19:09:05Z,algae_brown_membranipora,598,0.0782
2021-08-28T19:09:05Z,algae_brown_membranipora,600,0.078775
2021-08-28T19:09:05Z,algae_brown_membranipora,602,0.0789
2021-08-28T19:09:05Z,algae_brown_membranipora,604,0.07854375000000001
2021-08-28T19:09:05Z,algae_brown_membranipora,606,0.07772000000000001
2021-08-28T19:09:05Z,algae_brown_membranipora,608,0.07646666666666668
2021-08-28T19:09:05Z,algae_brown_membranipora,610,0.07508000000000004
2021-08-28T19:09:05Z,algae_brown_membranipora,612,0.07361333333333336
2021-08-28T19:09:05Z,algae_brown_membranipora,614,0.07220624999999999
2021-08-28T19:09:05Z,algae_brown_membranipora,616,0.07097999999999997
2021-08-28T19:09:05Z,algae_brown_membranipora,618,0.06993749999999999
2021-08-28T19:09:05Z,algae_brown_membranipora,620,0.06916
2021-08-28T19:09:05Z,algae_brown_membranipora,622,0.068575
2021-08-28T19:09:05Z,algae_brown_membranipora,624,0.06813333333333334
2021-08-28T19:09:05Z,algae_brown_membranipora,626,0.0678
2021-08-28T19:09:05Z,algae_brown_membranipora,628,0.0674
2021-08-28T19:09:05Z,algae_brown_membranipora,630,0.06702
2021-08-28T19:09:05Z,algae_brown_membranipora,632,0.06668
2021-08-28T19:09:05Z,algae_brown_membranipora,634,0.06633750000000001
2021-08-28T19:09:05Z,algae_brown_membranipora,636,0.06621999999999999
2021-08-28T19:09:05Z,algae_brown_membranipora,638,0.06640666666666666
2021-08-28T19:09:05Z,algae_brown_membranipora,640,0.06684666666666665
2021-08-28T19:09:05Z,algae_brown_membranipora,642,0.06736666666666669
2021-08-28T19:09:05Z,algae_brown_membranipora,644,0.06808000000000002
2021-08-28T19:09:05Z,algae_brown_membranipora,646,0.06872000000000002
2021-08-28T19:09:05Z,algae_brown_membranipora,648,0.06907499999999998
2021-08-28T19:09:05Z,algae_brown_membranipora,650,0.0687
2021-08-28T19:09:05Z,algae_brown_membranipora,652,0.06774
2021-08-28T19:09:05Z,algae_brown_membranipora,654,0.06631333333333331
2021-08-28T19:09:05Z,algae_brown_membranipora,656,0.06445999999999998
2021-08-28T19:09:05Z,algae_brown_membranipora,658,0.062468749999999997
2021-08-28T19:09:05Z,algae_brown_membranipora,660,0.060599999999999994
2021-08-28T19:09:05Z,algae_brown_membranipora,662,0.0592
2021-08-28T19:09:05Z,algae_brown_membranipora,664,0.058133333333333335
2021-08-28T19:09:05Z,algae_brown_membranipora,666,0.0575
2021-08-28T19:09:05Z,algae_brown_membranipora,668,0.0572
2021-08-28T19:09:05Z,algae_brown_membranipora,670,0.05726666666666667
2021-08-28T19:09:05Z,algae_brown_membranipora,672,0.0575
2021-08-28T19:09:05Z,algae_brown_membranipora,674,0.05783333333333333
2021-08-28T19:09:05Z,algae_brown_membranipora,676,0.058366666666666664
2021-08-28T19:09:05Z,algae_brown_membranipora,678,0.058899999999999994
2021-08-28T19:09:05Z,algae_brown_membranipora,680,0.05956666666666667
2021-08-28T19:09:05Z,algae_brown_membranipora,682,0.060366666666666666
2021-08-28T19:09:05Z,algae_brown_membranipora,684,0.061399999999999996
2021-08-28T19:09:05Z,algae_brown_membranipora,686,0.06313333333333333
2021-08-28T19:09:05Z,algae_brown_membranipora,688,0.06586666666666667
2021-08-28T19:09:05Z,algae_brown_membranipora,690,0.0692
2021-08-28T19:09:05Z,algae_brown_membranipora,692,0.07440000000000001
2021-08-28T19:09:05Z,algae_brown_membranipora,694,0.0822
2021-08-28T19:09:05Z,algae_brown_membranipora,696,0.09269999999999999
2021-08-28T19:09:05Z,algae_brown_membranipora,698,0.10603333333333334
2021-08-28T19:09:05Z,algae_brown_membranipora,700,0.12143333333333334
2021-08-28T19:09:05Z,algae_brown_membranipora,702,0.1384
2021-08-28T19:09:05Z,algae_brown_membranipora,704,0.1559
2021-08-28T19:09:05Z,algae_brown_membranipora,706,0.1729
2021-08-28T19:09:05Z,algae_brown_membranipora,708,0.18986000000000017
2021-08-28T19:09:05Z,algae_brown_membranipora,710,0.20478000000000016
2021-08-28T19:09:05Z,algae_brown_membranipora,712,0.2185333333333335
2021-08-28T19:09:05Z,algae_brown_membranipora,714,0.23099285714285728
2021-08-28T19:09:05Z,algae_brown_membranipora,716,0.24229333333333358
2021-08-28T19:09:05Z,algae_brown_membranipora,718,0.2527200000000002
2021-08-28T19:09:05Z,algae_brown_membranipora,720,0.2637666666666669
2021-08-28T19:09:05Z,algae_brown_membranipora,722,0.27368666666666686
2021-08-28T19:09:05Z,algae_brown_membranipora,724,0.2823285714285713
2021-08-28T19:09:05Z,algae_brown_membranipora,726,0.2910399999999998
2021-08-28T19:09:05Z,algae_brown_membranipora,728,0.2991466666666665
2021-08-28T19:09:05Z,algae_brown_membranipora,730,0.3071928571428571
2021-08-28T19:09:05Z,algae_brown_membranipora,732,0.3144866666666666
2021-08-28T19:09:05Z,algae_brown_membranipora,734,0.3213214285714285
2021-08-28T19:09:05Z,algae_brown_membranipora,736,0.32770000000000005
2021-08-28T19:09:05Z,algae_brown_membranipora,738,0.33377142857142855
2021-08-28T19:09:05Z,algae_brown_membranipora,740,0.3397533333333334
2021-08-28T19:09:05Z,algae_brown_membranipora,742,0.3452785714285715
2021-08-28T19:09:05Z,algae_brown_membranipora,744,0.35067333333333345
2021-08-28T19:09:05Z,algae_brown_membranipora,746,0.35542000000000007
2021-08-28T19:09:05Z,algae_brown_membranipora,748,0.3599199999999999
2021-08-28T19:09:05Z,algae_brown_membranipora,750,0.36405333333333323
2021-08-28T19:09:05Z,algae_brown_membranipora,752,0.3680999999999999
2021-08-28T19:09:05Z,algae_brown_membranipora,754,0.3718857142857142
2021-08-28T19:09:05Z,algae_brown_membranipora,756,0.3752
2021-08-28T19:09:05Z,algae_brown_membranipora,758,0.37786000000000003
2021-08-28T19:09:05Z,algae_brown_membranipora,760,0.37942857142857145
2021-08-28T19:09:05Z,algae_brown_membranipora,762,0.38368000000000013
2021-08-28T19:09:05Z,algae_brown_membranipora,764,0.38759999999999994
2021-08-28T19:09:05Z,algae_brown_membranipora,766,0.3906857142857142
2021-08-28T19:09:05Z,algae_brown_membranipora,768,0.39262
2021-08-28T19:09:05Z,algae_brown_membranipora,770,0.39420000000000005
2021-08-28T19:09:05Z,algae_brown_membranipora,772,0.3957857142857143
2021-08-28T19:09:05Z,algae_brown_membranipora,774,0.3972785714285714
2021-08-28T19:09:05Z,algae_brown_membranipora,776,0.39876666666666666
2021-08-28T19:09:05Z,algae_brown_membranipora,778,0.4001571428571428
2021-08-28T19:09:05Z,algae_brown_membranipora,780,0.4015666666666667
2021-08-28T19:09:05Z,algae_brown_membranipora,782,0.4028785714285714
2021-08-28T19:09:05Z,algae_brown_membranipora,784,0.40399999999999997
2021-08-28T19:09:05Z,algae_brown_membranipora,786,0.40520000000000006
2021-08-28T19:09:05Z,algae_brown_membranipora,788,0.40608
2021-08-28T19:09:05Z,algae_brown_membranipora,790,0.4067285714285714
2021-08-28T19:09:05Z,algae_brown_membranipora,792,0.4077142857142857
2021-08-28T19:09:05Z,algae_brown_membranipora,794,0.4083
2021-08-28T19:09:05Z,algae_brown_membranipora,796,0.40887142857142855
2021-08-28T19:09:05Z,algae_brown_membranipora,798,0.40934
2021-08-28T19:09:05Z,algae_brown_membranipora,800,0.40974285714285713
2021-09-01T13:16:09Z,sediment,340,0.09017647058823533
2021-09-01T13:16:09Z,sediment,342,0.0904000000000001
2021-09-01T13:16:09Z,sediment,344,0.07902352941176463
2021-09-01T13:16:09Z,sediment,346,0.07465625
2021-09-01T13:16:09Z,sediment,348,0.08535294117647066
2021-09-01T13:16:09Z,sediment,350,0.08746249999999994
2021-09-01T13:16:09Z,sediment,352,0.081587500000000035
2021-09-01T13:16:09Z,sediment,354,0.0769235294117647
2021-09-01T13:16:09Z,sediment,356,0.07557499999999998
2021-09-01T13:16:09Z,sediment,358,0.06860000000000008
2021-09-01T13:16:09Z,sediment,360,0.07057647058823527
2021-09-01T13:16:09Z,sediment,362,0.07002500000000005
2021-09-01T13:16:09Z,sediment,364,0.07008750000000004
2021-09-01T13:16:09Z,sediment,366,0.0651588235294118
2021-09-01T13:16:09Z,sediment,368,0.06278750000000001
2021-09-01T13:16:09Z,sediment,370,0.06383529411764706
2021-09-01T13:16:09Z,sediment,372,0.06375
2021-09-01T13:16:09Z,sediment,374,0.065125
2021-09-01T13:16:09Z,sediment,376,0.061729411764705935
2021-09-01T13:16:09Z,sediment,378,0.06055000000000001
2021-09-01T13:16:09Z,sediment,380,0.06169411764705882
2021-09-01T13:16:09Z,sediment,382,0.062775
2021-09-01T13:16:09Z,sediment,384,0.063875
2021-09-01T13:16:09Z,sediment,386,0.06334705882352942
2021-09-01T13:16:09Z,sediment,388,0.0625125
2021-09-01T13:16:09Z,sediment,390,0.06269375
2021-09-01T13:16:09Z,sediment,392,0.06254375
2021-09-01T13:16:09Z,sediment,394,0.06278125000000001
2021-09-01T13:16:09Z,sediment,396,0.062029411764705875
2021-09-01T13:16:09Z,sediment,398,0.06054999999999999
2021-09-01T13:16:09Z,sediment,400,0.0599
2021-09-01T13:16:09Z,sediment,402,0.0601
2021-09-01T13:16:09Z,sediment,404,0.060475
2021-09-01T13:16:09Z,sediment,406,0.06049411764705882
2021-09-01T13:16:09Z,sediment,408,0.060393749999999996
2021-09-01T13:16:09Z,sediment,410,0.05983125000000001
2021-09-01T13:16:09Z,sediment,412,0.05966249999999999
2021-09-01T13:16:09Z,sediment,414,0.059631250000000004
2021-09-01T13:16:09Z,sediment,416,0.059868750000000005
2021-09-01T13:16:09Z,sediment,418,0.06018124999999999
2021-09-01T13:16:09Z,sediment,420,0.0603375
2021-09-01T13:16:09Z,sediment,422,0.0605875
2021-09-01T13:16:09Z,sediment,424,0.06090625
2021-09-01T13:16:09Z,sediment,426,0.061281249999999995
2021-09-01T13:16:09Z,sediment,428,0.06163529411764706
2021-09-01T13:16:09Z,sediment,430,0.061875
2021-09-01T13:16:09Z,sediment,432,0.062400000000000004
2021-09-01T13:16:09Z,sediment,434,0.06269374999999999
2021-09-01T13:16:09Z,sediment,436,0.06315333333333333
2021-09-01T13:16:09Z,sediment,438,0.0635875
2021-09-01T13:16:09Z,sediment,440,0.06404375
2021-09-01T13:16:09Z,sediment,442,0.06485624999999999
2021-09-01T13:16:09Z,sediment,444,0.06553125
2021-09-01T13:16:09Z,sediment,446,0.06640625
2021-09-01T13:16:09Z,sediment,448,0.06741875
2021-09-01T13:16:09Z,sediment,450,0.06835625
2021-09-01T13:16:09Z,sediment,452,0.06925
2021-09-01T13:16:09Z,sediment,454,0.0701625
2021-09-01T13:16:09Z,sediment,456,0.0709125
2021-09-01T13:16:09Z,sediment,458,0.07166249999999999
2021-09-01T13:16:09Z,sediment,460,0.07235
2021-09-01T13:16:09Z,sediment,462,0.0731
2021-09-01T13:16:09Z,sediment,464,0.07385000000000001
2021-09-01T13:16:09Z,sediment,466,0.0745
2021-09-01T13:16:09Z,sediment,468,0.075275
2021-09-01T13:16:09Z,sediment,470,0.0761
2021-09-01T13:16:09Z,sediment,472,0.07685
2021-09-01T13:16:09Z,sediment,474,0.0777375
2021-09-01T13:16:09Z,sediment,476,0.07848749999999999
2021-09-01T13:16:09Z,sediment,478,0.07934999999999999
2021-09-01T13:16:09Z,sediment,480,0.08010624999999999
2021-09-01T13:16:09Z,sediment,482,0.08096249999999999
2021-09-01T13:16:09Z,sediment,484,0.08158750000000001
2021-09-01T13:16:09Z,sediment,486,0.08208750000000001
2021-09-01T13:16:09Z,sediment,488,0.082725
2021-09-01T13:16:09Z,sediment,490,0.08349375
2021-09-01T13:16:09Z,sediment,492,0.08411874999999999
2021-09-01T13:16:09Z,sediment,494,0.08488124999999999
2021-09-01T13:16:09Z,sediment,496,0.0859
2021-09-01T13:16:09Z,sediment,498,0.08692499999999999
2021-09-01T13:16:09Z,sediment,500,0.08804999999999999
2021-09-01T13:16:09Z,sediment,502,0.0891
2021-09-01T13:16:09Z,sediment,504,0.09046250000000002
2021-09-01T13:16:09Z,sediment,506,0.0917125
2021-09-01T13:16:09Z,sediment,508,0.09305999999999998
2021-09-01T13:16:09Z,sediment,510,0.09455000000000001
2021-09-01T13:16:09Z,sediment,512,0.0959375
2021-09-01T13:16:09Z,sediment,514,0.09734000000000002
2021-09-01T13:16:09Z,sediment,516,0.09875625000000002
2021-09-01T13:16:09Z,sediment,518,0.10003749999999999
2021-09-01T13:16:09Z,sediment,520,0.10169999999999998
2021-09-01T13:16:09Z,sediment,522,0.1031
2021-09-01T13:16:09Z,sediment,524,0.10432000000000002
2021-09-01T13:16:09Z,sediment,526,0.10555625000000002
2021-09-01T13:16:09Z,sediment,528,0.10673333333333333
2021-09-01T13:16:09Z,sediment,530,0.1079
2021-09-01T13:16:09Z,sediment,532,0.10881249999999999
2021-09-01T13:16:09Z,sediment,534,0.10963124999999997
2021-09-01T13:16:09Z,sediment,536,0.1104625
2021-09-01T13:16:09Z,sediment,538,0.11131333333333335
2021-09-01T13:16:09Z,sediment,540,0.11220000000000001
2021-09-01T13:16:09Z,sediment,542,0.11314999999999999
2021-09-01T13:16:09Z,sediment,544,0.11409374999999998
2021-09-01T13:16:09Z,sediment,546,0.11509333333333331
2021-09-01T13:16:09Z,sediment,548,0.11622000000000002
2021-09-01T13:16:09Z,sediment,550,0.11743750000000003
2021-09-01T13:16:09Z,sediment,552,0.11868750000000002
2021-09-01T13:16:09Z,sediment,554,0.1199
2021-09-01T13:16:09Z,sediment,556,0.12126666666666665
2021-09-01T13:16:09Z,sediment,558,0.12256249999999998
2021-09-01T13:16:09Z,sediment,560,0.12377999999999999
2021-09-01T13:16:09Z,sediment,562,0.12500666666666668
2021-09-01T13:16:09Z,sediment,564,0.12600625000000001
2021-09-01T13:16:09Z,sediment,566,0.1269866666666667
2021-09-01T13:16:09Z,sediment,568,0.128
2021-09-01T13:16:09Z,sediment,570,0.12908125
2021-09-01T13:16:09Z,sediment,572,0.13026249999999998
2021-09-01T13:16:09Z,sediment,574,0.13173999999999997
2021-09-01T13:16:09Z,sediment,576,0.13312000000000004
2021-09-01T13:16:09Z,sediment,578,0.13432000000000005
2021-09-01T13:16:09Z,sediment,580,0.13540000000000002
2021-09-01T13:16:09Z,sediment,582,0.1361375
2021-09-01T13:16:09Z,sediment,584,0.13693333333333332
2021-09-01T13:16:09Z,sediment,586,0.1377125
2021-09-01T13:16:09Z,sediment,588,0.13855333333333333
2021-09-01T13:16:09Z,sediment,590,0.13923999999999997
2021-09-01T13:16:09Z,sediment,592,0.13974999999999999
2021-09-01T13:16:09Z,sediment,594,0.14042000000000002
2021-09-01T13:16:09Z,sediment,596,0.14096250000000002
2021-09-01T13:16:09Z,sediment,598,0.14156000000000002
2021-09-01T13:16:09Z,sediment,600,0.1419375
2021-09-01T13:16:09Z,sediment,602,0.1424
2021-09-01T13:16:09Z,sediment,604,0.14226875
2021-09-01T13:16:09Z,sediment,606,0.14207999999999998
2021-09-01T13:16:09Z,sediment,608,0.14171999999999998
2021-09-01T13:16:09Z,sediment,610,0.14096000000000003
2021-09-01T13:16:09Z,sediment,612,0.1404
2021-09-01T13:16:09Z,sediment,614,0.13999375
2021-09-01T13:16:09Z,sediment,616,0.13967333333333334
2021-09-01T13:16:09Z,sediment,618,0.13914999999999997
2021-09-01T13:16:09Z,sediment,620,0.1387
2021-09-01T13:16:09Z,sediment,622,0.13871875
2021-09-01T13:16:09Z,sediment,624,0.1391
2021-09-01T13:16:09Z,sediment,626,0.1395
2021-09-01T13:16:09Z,sediment,628,0.1396
2021-09-01T13:16:09Z,sediment,630,0.13927333333333333
2021-09-01T13:16:09Z,sediment,632,0.13902
2021-09-01T13:16:09Z,sediment,634,0.13933749999999998
2021-09-01T13:16:09Z,sediment,636,0.13921999999999998
2021-09-01T13:16:09Z,sediment,638,0.13935333333333333
2021-09-01T13:16:09Z,sediment,640,0.13948666666666665
2021-09-01T13:16:09Z,sediment,642,0.13979333333333338
2021-09-01T13:16:09Z,sediment,644,0.14054
2021-09-01T13:16:09Z,sediment,646,0.14158000000000004
2021-09-01T13:16:09Z,sediment,648,0.14161249999999997
2021-09-01T13:16:09Z,sediment,650,0.14064
2021-09-01T13:16:09Z,sediment,652,0.13973333333333332
2021-09-01T13:16:09Z,sediment,654,0.13950666666666667
2021-09-01T13:16:09Z,sediment,656,0.13915999999999998
2021-09-01T13:16:09Z,sediment,658,0.13733125
2021-09-01T13:16:09Z,sediment,660,0.1343
2021-09-01T13:16:09Z,sediment,662,0.13066666666666665
2021-09-01T13:16:09Z,sediment,664,0.12826666666666667
2021-09-01T13:16:09Z,sediment,666,0.1264
2021-09-01T13:16:09Z,sediment,668,0.12556666666666666
2021-09-01T13:16:09Z,sediment,670,0.12476666666666666
2021-09-01T13:16:09Z,sediment,672,0.12560000000000002
2021-09-01T13:16:09Z,sediment,674,0.12846666666666667
2021-09-01T13:16:09Z,sediment,676,0.13233333333333333
2021-09-01T13:16:09Z,sediment,678,0.1371
2021-09-01T13:16:09Z,sediment,680,0.1419
2021-09-01T13:16:09Z,sediment,682,0.14683333333333334
2021-09-01T13:16:09Z,sediment,684,0.1533
2021-09-01T13:16:09Z,sediment,686,0.1623666666666667
2021-09-01T13:16:09Z,sediment,688,0.17256666666666667
2021-09-01T13:16:09Z,sediment,690,0.17800000000000002
2021-09-01T13:16:09Z,sediment,692,0.18343333333333334
2021-09-01T13:16:09Z,sediment,694,0.19069999999999998
2021-09-01T13:16:09Z,sediment,696,0.19820000000000002
2021-09-01T13:16:09Z,sediment,698,0.20486666666666667
2021-09-01T13:16:09Z,sediment,700,0.21133333333333335
2021-09-01T13:16:09Z,sediment,702,0.217
2021-09-01T13:16:09Z,sediment,704,0.22460000000000002
2021-09-01T13:16:09Z,sediment,706,0.23426666666666668
2021-09-01T13:16:09Z,sediment,708,0.2424333333333334
2021-09-01T13:16:09Z,sediment,710,0.24942000000000014
2021-09-01T13:16:09Z,sediment,712,0.26622000000000023
2021-09-01T13:16:09Z,sediment,714,0.2858571428571431
2021-09-01T13:16:09Z,sediment,716,0.3112733333333342
2021-09-01T13:16:09Z,sediment,718,0.3497000000000009
2021-09-01T13:16:09Z,sediment,720,0.3595266666666681
2021-09-01T13:16:09Z,sediment,722,0.40886666666666727
2021-09-01T13:16:09Z,sediment,724,0.4833714285714268
2021-09-01T13:16:09Z,sediment,726,0.5487799999999997
2021-09-01T13:16:09Z,sediment,728,0.549526666666667
2021-09-01T13:16:09Z,sediment,730,0.5530214285714284
2021-09-01T13:16:09Z,sediment,732,0.5744200000000005
2021-09-01T13:16:09Z,sediment,734,0.5821428571428569
2021-09-01T13:16:09Z,sediment,736,0.5455
2021-09-01T13:16:09Z,sediment,738,0.5175499999999998
2021-09-01T13:16:09Z,sediment,740,0.485333333333333
2021-09-01T13:16:09Z,sediment,742,0.6142642857142837
2021-09-01T13:16:09Z,sediment,744,0.5111
2021-09-01T13:16:09Z,sediment,746,0.49333999999999933
2021-09-01T13:16:09Z,sediment,748,0.4831200000000009
2021-09-01T13:16:09Z,sediment,750,0.454666666666667
2021-09-01T13:16:09Z,sediment,752,0.456592857142857
2021-09-01T13:16:09Z,sediment,754,0.5143
2021-09-01T13:16:09Z,sediment,756,0.5143
2021-09-01T13:16:09Z,sediment,758,0.42447333333333237
2021-09-01T13:16:09Z,sediment,760,0.3981142857142874
2021-09-01T13:16:09Z,sediment,762,0.5040000000000024
2021-09-01T13:16:09Z,sediment,764,0.3931199999999967
2021-09-01T13:16:09Z,sediment,766,0.39617142857143195
2021-09-01T13:16:09Z,sediment,768,0.43288666666666503
2021-09-01T13:16:09Z,sediment,770,0.29996666666666666
2021-09-01T13:16:09Z,sediment,772,0.2666571428571434
2021-09-01T13:16:09Z,sediment,774,0.2762214285714309
2021-09-01T13:16:09Z,sediment,776,0.34399999999999636
2021-09-01T13:16:09Z,sediment,778,0.24571428571428663
2021-09-01T13:16:09Z,sediment,780,0.23821333333333342
2021-09-01T13:16:09Z,sediment,782,0.2376071428571428
2021-09-01T13:16:09Z,sediment,784,0.24
2021-09-01T13:16:09Z,sediment,786,0.32
2021-09-01T13:16:09Z,sediment,788,0.42400000000000393
2021-09-01T13:16:09Z,sediment,790,0.357142857142863
2021-09-01T13:16:09Z,sediment,792,0.17428571428571452
2021-09-01T13:16:09Z,sediment,794,0.1
2021-09-01T13:16:09Z,sediment,796,0.25714285714286295
2021-09-01T13:16:09Z,sediment,798,0.4
2021-09-01T13:16:09Z,sediment,800,0.23928571428571574
2021-09-01T13:24:49Z,algae_brown,340,0.02349411764705872
2021-09-01T13:24:49Z,algae_brown,342,0.016174999999999974
2021-09-01T13:24:49Z,algae_brown,344,0.013041176470588122
2021-09-01T13:24:49Z,algae_brown,346,0.01796875000000007
2021-09-01T13:24:49Z,algae_brown,348,0.027147058823529437
2021-09-01T13:24:49Z,algae_brown,350,0.02259375000000002
2021-09-01T13:24:49Z,algae_brown,352,0.023843750000000004
2021-09-01T13:24:49Z,algae_brown,354,0.02254705882352943
2021-09-01T13:24:49Z,algae_brown,356,0.01764999999999995
2021-09-01T13:24:49Z,algae_brown,358,0.013758823529411797
2021-09-01T13:24:49Z,algae_brown,360,0.01901176470588236
2021-09-01T13:24:49Z,algae_brown,362,0.020787500000000018
2021-09-01T13:24:49Z,algae_brown,364,0.023974999999999972
2021-09-01T13:24:49Z,algae_brown,366,0.020982352941176508
2021-09-01T13:24:49Z,algae_brown,368,0.019937499999999962
2021-09-01T13:24:49Z,algae_brown,370,0.01841176470588236
2021-09-01T13:24:49Z,algae_brown,372,0.0203
2021-09-01T13:24:49Z,algae_brown,374,0.020600000000000007
2021-09-01T13:24:49Z,algae_brown,376,0.01938823529411766
2021-09-01T13:24:49Z,algae_brown,378,0.017268749999999996
2021-09-01T13:24:49Z,algae_brown,380,0.017152941176470583
2021-09-01T13:24:49Z,algae_brown,382,0.0178625
2021-09-01T13:24:49Z,algae_brown,384,0.018512500000000005
2021-09-01T13:24:49Z,algae_brown,386,0.017805882352941182
2021-09-01T13:24:49Z,algae_brown,388,0.016881250000000004
2021-09-01T13:24:49Z,algae_brown,390,0.015500000000000003
2021-09-01T13:24:49Z,algae_brown,392,0.01488125
2021-09-01T13:24:49Z,algae_brown,394,0.014587499999999998
2021-09-01T13:24:49Z,algae_brown,396,0.014341176470588234
2021-09-01T13:24:49Z,algae_brown,398,0.0143
2021-09-01T13:24:49Z,algae_brown,400,0.014325
2021-09-01T13:24:49Z,algae_brown,402,0.0138
2021-09-01T13:24:49Z,algae_brown,404,0.012850000000000006
2021-09-01T13:24:49Z,algae_brown,406,0.012305882352941173
2021-09-01T13:24:49Z,algae_brown,408,0.011787499999999996
2021-09-01T13:24:49Z,algae_brown,410,0.011225000000000008
2021-09-01T13:24:49Z,algae_brown,412,0.010806249999999998
2021-09-01T13:24:49Z,algae_brown,414,0.01044375
2021-09-01T13:24:49Z,algae_brown,416,0.010293749999999999
2021-09-01T13:24:49Z,algae_brown,418,0.009918750000000004
2021-09-01T13:24:49Z,algae_brown,420,0.009743749999999999
2021-09-01T13:24:49Z,algae_brown,422,0.00945625
2021-09-01T13:24:49Z,algae_brown,424,0.009193749999999999
2021-09-01T13:24:49Z,algae_brown,426,0.0091
2021-09-01T13:24:49Z,algae_brown,428,0.00884705882352941
2021-09-01T13:24:49Z,algae_brown,430,0.008524999999999998
2021-09-01T13:24:49Z,algae_brown,432,0.0084
2021-09-01T13:24:49Z,algae_brown,434,0.008306250000000001
2021-09-01T13:24:49Z,algae_brown,436,0.0079
2021-09-01T13:24:49Z,algae_brown,438,0.0079
2021-09-01T13:24:49Z,algae_brown,440,0.00783125
2021-09-01T13:24:49Z,algae_brown,442,0.0078000000000000005
2021-09-01T13:24:49Z,algae_brown,444,0.008018750000000002
2021-09-01T13:24:49Z,algae_brown,446,0.008187500000000002
2021-09-01T13:24:49Z,algae_brown,448,0.0084375
2021-09-01T13:24:49Z,algae_brown,450,0.008687499999999997
2021-09-01T13:24:49Z,algae_brown,452,0.00881875
2021-09-01T13:24:49Z,algae_brown,454,0.0089
2021-09-01T13:24:49Z,algae_brown,456,0.008968750000000001
2021-09-01T13:24:49Z,algae_brown,458,0.00909375
2021-09-01T13:24:49Z,algae_brown,460,0.009125
2021-09-01T13:24:49Z,algae_brown,462,0.009250000000000001
2021-09-01T13:24:49Z,algae_brown,464,0.009375
2021-09-01T13:24:49Z,algae_brown,466,0.0095
2021-09-01T13:24:49Z,algae_brown,468,0.009749999999999998
2021-09-01T13:24:49Z,algae_brown,470,0.01005
2021-09-01T13:24:49Z,algae_brown,472,0.010425000000000004
2021-09-01T13:24:49Z,algae_brown,474,0.010818750000000004
2021-09-01T13:24:49Z,algae_brown,476,0.011224999999999999
2021-09-01T13:24:49Z,algae_brown,478,0.011556249999999999
2021-09-01T13:24:49Z,algae_brown,480,0.011762499999999999
2021-09-01T13:24:49Z,algae_brown,482,0.012112499999999998
2021-09-01T13:24:49Z,algae_brown,484,0.012199999999999999
2021-09-01T13:24:49Z,algae_brown,486,0.012199999999999999
2021-09-01T13:24:49Z,algae_brown,488,0.012199999999999999
2021-09-01T13:24:49Z,algae_brown,490,0.01231875
2021-09-01T13:24:49Z,algae_brown,492,0.01244375
2021-09-01T13:24:49Z,algae_brown,494,0.01256875
2021-09-01T13:24:49Z,algae_brown,496,0.0128
2021-09-01T13:24:49Z,algae_brown,498,0.012949999999999998
2021-09-01T13:24:49Z,algae_brown,500,0.0132
2021-09-01T13:24:49Z,algae_brown,502,0.013525000000000004
2021-09-01T13:24:49Z,algae_brown,504,0.013925000000000005
2021-09-01T13:24:49Z,algae_brown,506,0.014456249999999999
2021-09-01T13:24:49Z,algae_brown,508,0.015039999999999994
2021-09-01T13:24:49Z,algae_brown,510,0.015550000000000003
2021-09-01T13:24:49Z,algae_brown,512,0.016062499999999997
2021-09-01T13:24:49Z,algae_brown,514,0.016660000000000005
2021-09-01T13:24:49Z,algae_brown,516,0.017312500000000005
2021-09-01T13:24:49Z,algae_brown,518,0.017968749999999995
2021-09-01T13:24:49Z,algae_brown,520,0.01864999999999999
2021-09-01T13:24:49Z,algae_brown,522,0.01935
2021-09-01T13:24:49Z,algae_brown,524,0.02000000000000001
2021-09-01T13:24:49Z,algae_brown,526,0.020631250000000007
2021-09-01T13:24:49Z,algae_brown,528,0.0213
2021-09-01T13:24:49Z,algae_brown,530,0.022074999999999994
2021-09-01T13:24:49Z,algae_brown,532,0.022824999999999984
2021-09-01T13:24:49Z,algae_brown,534,0.02363124999999999
2021-09-01T13:24:49Z,algae_brown,536,0.024462500000000012
2021-09-01T13:24:49Z,algae_brown,538,0.025313333333333344
2021-09-01T13:24:49Z,algae_brown,540,0.0263
2021-09-01T13:24:49Z,algae_brown,542,0.027412499999999996
2021-09-01T13:24:49Z,algae_brown,544,0.02866249999999998
2021-09-01T13:24:49Z,algae_brown,546,0.0300533333333333
2021-09-01T13:24:49Z,algae_brown,548,0.031660000000000035
2021-09-01T13:24:49Z,algae_brown,550,0.03335625000000003
2021-09-01T13:24:49Z,algae_brown,552,0.035300000000000005
2021-09-01T13:24:49Z,algae_brown,554,0.037599999999999995
2021-09-01T13:24:49Z,algae_brown,556,0.03990666666666663
2021-09-01T13:24:49Z,algae_brown,558,0.042424999999999956
2021-09-01T13:24:49Z,algae_brown,560,0.045206666666666596
2021-09-01T13:24:49Z,algae_brown,562,0.0478933333333334
2021-09-01T13:24:49Z,algae_brown,564,0.05076250000000005
2021-09-01T13:24:49Z,algae_brown,566,0.053466666666666704
2021-09-01T13:24:49Z,algae_brown,568,0.0559
2021-09-01T13:24:49Z,algae_brown,570,0.05786874999999999
2021-09-01T13:24:49Z,algae_brown,572,0.05957499999999997
2021-09-01T13:24:49Z,algae_brown,574,0.0607933333333333
2021-09-01T13:24:49Z,algae_brown,576,0.061566666666666686
2021-09-01T13:24:49Z,algae_brown,578,0.06214000000000001
2021-09-01T13:24:49Z,algae_brown,580,0.0623
2021-09-01T13:24:49Z,algae_brown,582,0.06218749999999999
2021-09-01T13:24:49Z,algae_brown,584,0.06196666666666667
2021-09-01T13:24:49Z,algae_brown,586,0.061775000000000004
2021-09-01T13:24:49Z,algae_brown,588,0.0617
2021-09-01T13:24:49Z,algae_brown,590,0.061919999999999975
2021-09-01T13:24:49Z,algae_brown,592,0.06285
2021-09-01T13:24:49Z,algae_brown,594,0.06418000000000003
2021-09-01T13:24:49Z,algae_brown,596,0.06587500000000004
2021-09-01T13:24:49Z,algae_brown,598,0.06754000000000002
2021-09-01T13:24:49Z,algae_brown,600,0.0686125
2021-09-01T13:24:49Z,algae_brown,602,0.0692
2021-09-01T13:24:49Z,algae_brown,604,0.06861875
2021-09-01T13:24:49Z,algae_brown,606,0.06710000000000002
2021-09-01T13:24:49Z,algae_brown,608,0.0647266666666667
2021-09-01T13:24:49Z,algae_brown,610,0.061820000000000076
2021-09-01T13:24:49Z,algae_brown,612,0.058620000000000075
2021-09-01T13:24:49Z,algae_brown,614,0.05571249999999996
2021-09-01T13:24:49Z,algae_brown,616,0.05297333333333329
2021-09-01T13:24:49Z,algae_brown,618,0.05075624999999997
2021-09-01T13:24:49Z,algae_brown,620,0.048773333333333314
2021-09-01T13:24:49Z,algae_brown,622,0.047349999999999996
2021-09-01T13:24:49Z,algae_brown,624,0.0465
2021-09-01T13:24:49Z,algae_brown,626,0.04583333333333333
2021-09-01T13:24:49Z,algae_brown,628,0.045
2021-09-01T13:24:49Z,algae_brown,630,0.04438666666666668
2021-09-01T13:24:49Z,algae_brown,632,0.04332000000000001
2021-09-01T13:24:49Z,algae_brown,634,0.04265000000000001
2021-09-01T13:24:49Z,algae_brown,636,0.042140000000000004
2021-09-01T13:24:49Z,algae_brown,638,0.042273333333333316
2021-09-01T13:24:49Z,algae_brown,640,0.04320666666666664
2021-09-01T13:24:49Z,algae_brown,642,0.04486000000000003
2021-09-01T13:24:49Z,algae_brown,644,0.046460000000000036
2021-09-01T13:24:49Z,algae_brown,646,0.047900000000000026
2021-09-01T13:24:49Z,algae_brown,648,0.048575
2021-09-01T13:24:49Z,algae_brown,650,0.04795999999999998
2021-09-01T13:24:49Z,algae_brown,652,0.04641999999999998
2021-09-01T13:24:49Z,algae_brown,654,0.04409999999999995
2021-09-01T13:24:49Z,algae_brown,656,0.03977999999999994
2021-09-01T13:24:49Z,algae_brown,658,0.03495624999999998
2021-09-01T13:24:49Z,algae_brown,660,0.030299999999999997
2021-09-01T13:24:49Z,algae_brown,662,0.026733333333333335
2021-09-01T13:24:49Z,algae_brown,664,0.024333333333333335
2021-09-01T13:24:49Z,algae_brown,666,0.0232
2021-09-01T13:24:49Z,algae_brown,668,0.0242
2021-09-01T13:24:49Z,algae_brown,670,0.026533333333333336
2021-09-01T13:24:49Z,algae_brown,672,0.029900000000000003
2021-09-01T13:24:49Z,algae_brown,674,0.03423333333333333
2021-09-01T13:24:49Z,algae_brown,676,0.03983333333333334
2021-09-01T13:24:49Z,algae_brown,678,0.045899999999999996
2021-09-01T13:24:49Z,algae_brown,680,0.0523
2021-09-01T13:24:49Z,algae_brown,682,0.0587
2021-09-01T13:24:49Z,algae_brown,684,0.06559999999999999
2021-09-01T13:24:49Z,algae_brown,686,0.07623333333333333
2021-09-01T13:24:49Z,algae_brown,688,0.09083333333333334
2021-09-01T13:24:49Z,algae_brown,690,0.1024
2021-09-01T13:24:49Z,algae_brown,692,0.11549999999999999
2021-09-01T13:24:49Z,algae_brown,694,0.13229999999999997
2021-09-01T13:24:49Z,algae_brown,696,0.1533
2021-09-01T13:24:49Z,algae_brown,698,0.1713
2021-09-01T13:24:49Z,algae_brown,700,0.19356666666666666
2021-09-01T13:24:49Z,algae_brown,702,0.21960000000000002
2021-09-01T13:24:49Z,algae_brown,704,0.2382
2021-09-01T13:24:49Z,algae_brown,706,0.2592
2021-09-01T13:24:49Z,algae_brown,708,0.2816333333333335
2021-09-01T13:24:49Z,algae_brown,710,0.3052600000000003
2021-09-01T13:24:49Z,algae_brown,712,0.33374000000000026
2021-09-01T13:24:49Z,algae_brown,714,0.37480000000000085
2021-09-01T13:24:49Z,algae_brown,716,0.44602000000000175
2021-09-01T13:24:49Z,algae_brown,718,0.5433800000000025
2021-09-01T13:24:49Z,algae_brown,720,0.6425400000000016
2021-09-01T13:24:49Z,algae_brown,722,0.7293800000000029
2021-09-01T13:24:49Z,algae_brown,724,0.8861857142857115
2021-09-01T13:24:49Z,algae_brown,726,0.9762599999999995
2021-09-01T13:24:49Z,algae_brown,728,1.0168999999999986
2021-09-01T13:24:49Z,algae_brown,730,1.11632857142857
2021-09-01T13:24:49Z,algae_brown,732,1.2396666666666658
2021-09-01T13:24:49Z,algae_brown,734,1.2542857142857144
2021-09-01T13:24:49Z,algae_brown,736,1.4154
2021-09-01T13:24:49Z,algae_brown,738,1.352735714285714
2021-09-01T13:24:49Z,algae_brown,740,1.300513333333333
2021-09-01T13:24:49Z,algae_brown,742,1.242885714285717
2021-09-01T13:24:49Z,algae_brown,744,1.374566666666665
2021-09-01T13:24:49Z,algae_brown,746,1.2157399999999952
2021-09-01T13:24:49Z,algae_brown,748,1.191220000000004
2021-09-01T13:24:49Z,algae_brown,750,1.02244666666667
2021-09-01T13:24:49Z,algae_brown,752,1.1835142857142817
2021-09-01T13:24:49Z,algae_brown,754,1.2190285714285725
2021-09-01T13:24:49Z,algae_brown,756,1.0118666666666667
2021-09-01T13:24:49Z,algae_brown,758,0.8573333333333327
2021-09-01T13:24:49Z,algae_brown,760,0.8650000000000024
2021-09-01T13:24:49Z,algae_brown,762,1.0535600000000047
2021-09-01T13:24:49Z,algae_brown,764,0.7755399999999901
2021-09-01T13:24:49Z,algae_brown,766,0.8285571428571512
2021-09-01T13:24:49Z,algae_brown,768,0.8849999999999966
2021-09-01T13:24:49Z,algae_brown,770,0.7059333333333333
2021-09-01T13:24:49Z,algae_brown,772,0.5214285714285706
2021-09-01T13:24:49Z,algae_brown,774,0.4530214285714276
2021-09-01T13:24:49Z,algae_brown,776,0.47466666666667157
2021-09-01T13:24:49Z,algae_brown,778,0.50857142857143
2021-09-01T13:24:49Z,algae_brown,780,0.4791200000000023
2021-09-01T13:24:49Z,algae_brown,782,0.4523928571428564
2021-09-01T13:24:49Z,algae_brown,784,0.75
2021-09-01T13:24:49Z,algae_brown,786,0.43329999999999996
2021-09-01T13:24:49Z,algae_brown,788,0.35329999999999695
2021-09-01T13:24:49Z,algae_brown,790,0.2667
2021-09-01T13:24:49Z,algae_brown,792,0.3009642857142854
2021-09-01T13:24:49Z,algae_brown,794,0.4
2021-09-01T13:24:49Z,algae_brown,796,0.4214285714285726
2021-09-01T13:24:49Z,algae_brown,798,0.36999999999999694
2021-09-01T13:24:49Z,algae_brown,800,0.22285714285714517
2021-09-01T13:26:34Z,algae_brown_membranipora,340,0.08335882352941164
2021-09-01T13:26:34Z,algae_brown_membranipora,342,0.07242500000000002
2021-09-01T13:26:34Z,algae_brown_membranipora,344,0.07458823529411773
2021-09-01T13:26:34Z,algae_brown_membranipora,346,0.07661874999999997
2021-09-01T13:26:34Z,algae_brown_membranipora,348,0.07398823529411765
2021-09-01T13:26:34Z,algae_brown_membranipora,350,0.07551249999999987
2021-09-01T13:26:34Z,algae_brown_membranipora,352,0.06716874999999999
2021-09-01T13:26:34Z,algae_brown_membranipora,354,0.06894117647058821
2021-09-01T13:26:34Z,algae_brown_membranipora,356,0.07095000000000001
2021-09-01T13:26:34Z,algae_brown_membranipora,358,0.06820000000000004
2021-09-01T13:26:34Z,algae_brown_membranipora,360,0.06632941176470586
2021-09-01T13:26:34Z,algae_brown_membranipora,362,0.06414999999999998
2021-09-01T13:26:34Z,algae_brown_membranipora,364,0.0634625
2021-09-01T13:26:34Z,algae_brown_membranipora,366,0.06522941176470586
2021-09-01T13:26:34Z,algae_brown_membranipora,368,0.06787499999999999
2021-09-01T13:26:34Z,algae_brown_membranipora,370,0.067
2021-09-01T13:26:34Z,algae_brown_membranipora,372,0.0665
2021-09-01T13:26:34Z,algae_brown_membranipora,374,0.06780000000000001
2021-09-01T13:26:34Z,algae_brown_membranipora,376,0.06894117647058823
2021-09-01T13:26:34Z,algae_brown_membranipora,378,0.06816249999999999
2021-09-01T13:26:34Z,algae_brown_membranipora,380,0.06595882352941176
2021-09-01T13:26:34Z,algae_brown_membranipora,382,0.06552499999999999
2021-09-01T13:26:34Z,algae_brown_membranipora,384,0.06625
2021-09-01T13:26:34Z,algae_brown_membranipora,386,0.06661176470588236
2021-09-01T13:26:34Z,algae_brown_membranipora,388,0.0651375
2021-09-01T13:26:34Z,algae_brown_membranipora,390,0.0642125
2021-09-01T13:26:34Z,algae_brown_membranipora,392,0.0637625
2021-09-01T13:26:34Z,algae_brown_membranipora,394,0.06341875
2021-09-01T13:26:34Z,algae_brown_membranipora,396,0.06375882352941177
2021-09-01T13:26:34Z,algae_brown_membranipora,398,0.0629
2021-09-01T13:26:34Z,algae_brown_membranipora,400,0.0616
2021-09-01T13:26:34Z,algae_brown_membranipora,402,0.0604
2021-09-01T13:26:34Z,algae_brown_membranipora,404,0.059625
2021-09-01T13:26:34Z,algae_brown_membranipora,406,0.059305882352941174
2021-09-01T13:26:34Z,algae_brown_membranipora,408,0.058581249999999994
2021-09-01T13:26:34Z,algae_brown_membranipora,410,0.05783125000000001
2021-09-01T13:26:34Z,algae_brown_membranipora,412,0.05694375
2021-09-01T13:26:34Z,algae_brown_membranipora,414,0.05639375
2021-09-01T13:26:34Z,algae_brown_membranipora,416,0.055725
2021-09-01T13:26:34Z,algae_brown_membranipora,418,0.0554125
2021-09-01T13:26:34Z,algae_brown_membranipora,420,0.054925
2021-09-01T13:26:34Z,algae_brown_membranipora,422,0.054468749999999996
2021-09-01T13:26:34Z,algae_brown_membranipora,424,0.054299999999999994
2021-09-01T13:26:34Z,algae_brown_membranipora,426,0.053925
2021-09-01T13:26:34Z,algae_brown_membranipora,428,0.05366470588235294
2021-09-01T13:26:34Z,algae_brown_membranipora,430,0.053462499999999996
2021-09-01T13:26:34Z,algae_brown_membranipora,432,0.05346666666666666
2021-09-01T13:26:34Z,algae_brown_membranipora,434,0.05359375
2021-09-01T13:26:34Z,algae_brown_membranipora,436,0.0537
2021-09-01T13:26:34Z,algae_brown_membranipora,438,0.0537
2021-09-01T13:26:34Z,algae_brown_membranipora,440,0.05376875
2021-09-01T13:26:34Z,algae_brown_membranipora,442,0.0538
2021-09-01T13:26:34Z,algae_brown_membranipora,444,0.0539375
2021-09-01T13:26:34Z,algae_brown_membranipora,446,0.0541875
2021-09-01T13:26:34Z,algae_brown_membranipora,448,0.0544375
2021-09-01T13:26:34Z,algae_brown_membranipora,450,0.05459375
2021-09-01T13:26:34Z,algae_brown_membranipora,452,0.0547
2021-09-01T13:26:34Z,algae_brown_membranipora,454,0.05474375
2021-09-01T13:26:34Z,algae_brown_membranipora,456,0.0548
2021-09-01T13:26:34Z,algae_brown_membranipora,458,0.0548
2021-09-01T13:26:34Z,algae_brown_membranipora,460,0.054825
2021-09-01T13:26:34Z,algae_brown_membranipora,462,0.05495
2021-09-01T13:26:34Z,algae_brown_membranipora,464,0.055150000000000005
2021-09-01T13:26:34Z,algae_brown_membranipora,466,0.0552
2021-09-01T13:26:34Z,algae_brown_membranipora,468,0.055549999999999995
2021-09-01T13:26:34Z,algae_brown_membranipora,470,0.055900000000000005
2021-09-01T13:26:34Z,algae_brown_membranipora,472,0.056325
2021-09-01T13:26:34Z,algae_brown_membranipora,474,0.056825
2021-09-01T13:26:34Z,algae_brown_membranipora,476,0.057325
2021-09-01T13:26:34Z,algae_brown_membranipora,478,0.05776875
2021-09-01T13:26:34Z,algae_brown_membranipora,480,0.05814375
2021-09-01T13:26:34Z,algae_brown_membranipora,482,0.058524999999999994
2021-09-01T13:26:34Z,algae_brown_membranipora,484,0.058775
2021-09-01T13:26:34Z,algae_brown_membranipora,486,0.059024999999999994
2021-09-01T13:26:34Z,algae_brown_membranipora,488,0.059275
2021-09-01T13:26:34Z,algae_brown_membranipora,490,0.0596375
2021-09-01T13:26:34Z,algae_brown_membranipora,492,0.0598875
2021-09-01T13:26:34Z,algae_brown_membranipora,494,0.060137499999999997
2021-09-01T13:26:34Z,algae_brown_membranipora,496,0.060599999999999994
2021-09-01T13:26:34Z,algae_brown_membranipora,498,0.060899999999999996
2021-09-01T13:26:34Z,algae_brown_membranipora,500,0.061450000000000005
2021-09-01T13:26:34Z,algae_brown_membranipora,502,0.062075000000000005
2021-09-01T13:26:34Z,algae_brown_membranipora,504,0.06305000000000001
2021-09-01T13:26:34Z,algae_brown_membranipora,506,0.06401875
2021-09-01T13:26:34Z,algae_brown_membranipora,508,0.06497999999999998
2021-09-01T13:26:34Z,algae_brown_membranipora,510,0.066
2021-09-01T13:26:34Z,algae_brown_membranipora,512,0.0671125
2021-09-01T13:26:34Z,algae_brown_membranipora,514,0.06830000000000001
2021-09-01T13:26:34Z,algae_brown_membranipora,516,0.06958750000000001
2021-09-01T13:26:34Z,algae_brown_membranipora,518,0.0708375
2021-09-01T13:26:34Z,algae_brown_membranipora,520,0.07234999999999998
2021-09-01T13:26:34Z,algae_brown_membranipora,522,0.07375000000000001
2021-09-01T13:26:34Z,algae_brown_membranipora,524,0.07536000000000004
2021-09-01T13:26:34Z,algae_brown_membranipora,526,0.07686875000000001
2021-09-01T13:26:34Z,algae_brown_membranipora,528,0.07833333333333332
2021-09-01T13:26:34Z,algae_brown_membranipora,530,0.080075
2021-09-01T13:26:34Z,algae_brown_membranipora,532,0.08164999999999997
2021-09-01T13:26:34Z,algae_brown_membranipora,534,0.08346249999999997
2021-09-01T13:26:34Z,algae_brown_membranipora,536,0.08525625000000003
2021-09-01T13:26:34Z,algae_brown_membranipora,538,0.08705333333333336
2021-09-01T13:26:34Z,algae_brown_membranipora,540,0.0889
2021-09-01T13:26:34Z,algae_brown_membranipora,542,0.0910625
2021-09-01T13:26:34Z,algae_brown_membranipora,544,0.09319999999999998
2021-09-01T13:26:34Z,algae_brown_membranipora,546,0.09537333333333328
2021-09-01T13:26:34Z,algae_brown_membranipora,548,0.09754000000000006
2021-09-01T13:26:34Z,algae_brown_membranipora,550,0.09997500000000005
2021-09-01T13:26:34Z,algae_brown_membranipora,552,0.10240625000000002
2021-09-01T13:26:34Z,algae_brown_membranipora,554,0.105
2021-09-01T13:26:34Z,algae_brown_membranipora,556,0.10750666666666664
2021-09-01T13:26:34Z,algae_brown_membranipora,558,0.10996874999999996
2021-09-01T13:26:34Z,algae_brown_membranipora,560,0.11261999999999993
2021-09-01T13:26:34Z,algae_brown_membranipora,562,0.11538000000000007
2021-09-01T13:26:34Z,algae_brown_membranipora,564,0.11807500000000005
2021-09-01T13:26:34Z,algae_brown_membranipora,566,0.12074000000000004
2021-09-01T13:26:34Z,algae_brown_membranipora,568,0.1231
2021-09-01T13:26:34Z,algae_brown_membranipora,570,0.1253
2021-09-01T13:26:34Z,algae_brown_membranipora,572,0.12724374999999996
2021-09-01T13:26:34Z,algae_brown_membranipora,574,0.1288533333333333
2021-09-01T13:26:34Z,algae_brown_membranipora,576,0.12978000000000003
2021-09-01T13:26:34Z,algae_brown_membranipora,578,0.13058
2021-09-01T13:26:34Z,algae_brown_membranipora,580,0.1312
2021-09-01T13:26:34Z,algae_brown_membranipora,582,0.1317125
2021-09-01T13:26:34Z,algae_brown_membranipora,584,0.1319
2021-09-01T13:26:34Z,algae_brown_membranipora,586,0.1319
2021-09-01T13:26:34Z,algae_brown_membranipora,588,0.13171333333333335
2021-09-01T13:26:34Z,algae_brown_membranipora,590,0.13183999999999998
2021-09-01T13:26:34Z,algae_brown_membranipora,592,0.13285
2021-09-01T13:26:34Z,algae_brown_membranipora,594,0.13402000000000003
2021-09-01T13:26:34Z,algae_brown_membranipora,596,0.134975
2021-09-01T13:26:34Z,algae_brown_membranipora,598,0.13574000000000003
2021-09-01T13:26:34Z,algae_brown_membranipora,600,0.1362375
2021-09-01T13:26:34Z,algae_brown_membranipora,602,0.1365
2021-09-01T13:26:34Z,algae_brown_membranipora,604,0.13647499999999999
2021-09-01T13:26:34Z,algae_brown_membranipora,606,0.13608
2021-09-01T13:26:34Z,algae_brown_membranipora,608,0.13497333333333333
2021-09-01T13:26:34Z,algae_brown_membranipora,610,0.13354000000000005
2021-09-01T13:26:34Z,algae_brown_membranipora,612,0.1317533333333334
2021-09-01T13:26:34Z,algae_brown_membranipora,614,0.12996249999999998
2021-09-01T13:26:34Z,algae_brown_membranipora,616,0.12832666666666664
2021-09-01T13:26:34Z,algae_brown_membranipora,618,0.12676249999999997
2021-09-01T13:26:34Z,algae_brown_membranipora,620,0.12546666666666664
2021-09-01T13:26:34Z,algae_brown_membranipora,622,0.12444374999999999
2021-09-01T13:26:34Z,algae_brown_membranipora,624,0.1235
2021-09-01T13:26:34Z,algae_brown_membranipora,626,0.12276666666666666
2021-09-01T13:26:34Z,algae_brown_membranipora,628,0.12210000000000001
2021-09-01T13:26:34Z,algae_brown_membranipora,630,0.12144
2021-09-01T13:26:34Z,algae_brown_membranipora,632,0.12064
2021-09-01T13:26:34Z,algae_brown_membranipora,634,0.12013750000000001
2021-09-01T13:26:34Z,algae_brown_membranipora,636,0.11947999999999999
2021-09-01T13:26:34Z,algae_brown_membranipora,638,0.12001333333333332
2021-09-01T13:26:34Z,algae_brown_membranipora,640,0.12080666666666665
2021-09-01T13:26:34Z,algae_brown_membranipora,642,0.12183333333333336
2021-09-01T13:26:34Z,algae_brown_membranipora,644,0.12302666666666669
2021-09-01T13:26:34Z,algae_brown_membranipora,646,0.12380000000000002
2021-09-01T13:26:34Z,algae_brown_membranipora,648,0.1240125
2021-09-01T13:26:34Z,algae_brown_membranipora,650,0.12386
2021-09-01T13:26:34Z,algae_brown_membranipora,652,0.12276666666666665
2021-09-01T13:26:34Z,algae_brown_membranipora,654,0.12010666666666661
2021-09-01T13:26:34Z,algae_brown_membranipora,656,0.11611999999999995
2021-09-01T13:26:34Z,algae_brown_membranipora,658,0.11151874999999997
2021-09-01T13:26:34Z,algae_brown_membranipora,660,0.1061
2021-09-01T13:26:34Z,algae_brown_membranipora,662,0.10046666666666666
2021-09-01T13:26:34Z,algae_brown_membranipora,664,0.096
2021-09-01T13:26:34Z,algae_brown_membranipora,666,0.0926
2021-09-01T13:26:34Z,algae_brown_membranipora,668,0.09050000000000001
2021-09-01T13:26:34Z,algae_brown_membranipora,670,0.09123333333333333
2021-09-01T13:26:34Z,algae_brown_membranipora,672,0.09380000000000001
2021-09-01T13:26:34Z,algae_brown_membranipora,674,0.09823333333333334
2021-09-01T13:26:34Z,algae_brown_membranipora,676,0.10423333333333333
2021-09-01T13:26:34Z,algae_brown_membranipora,678,0.10980000000000001
2021-09-01T13:26:34Z,algae_brown_membranipora,680,0.1159
2021-09-01T13:26:34Z,algae_brown_membranipora,682,0.1225
2021-09-01T13:26:34Z,algae_brown_membranipora,684,0.1315
2021-09-01T13:26:34Z,algae_brown_membranipora,686,0.14003333333333334
2021-09-01T13:26:34Z,algae_brown_membranipora,688,0.1515
2021-09-01T13:26:34Z,algae_brown_membranipora,690,0.16140000000000002
2021-09-01T13:26:34Z,algae_brown_membranipora,692,0.16970000000000002
2021-09-01T13:26:34Z,algae_brown_membranipora,694,0.1777
2021-09-01T13:26:34Z,algae_brown_membranipora,696,0.1856
2021-09-01T13:26:34Z,algae_brown_membranipora,698,0.19153333333333336
2021-09-01T13:26:34Z,algae_brown_membranipora,700,0.2
2021-09-01T13:26:34Z,algae_brown_membranipora,702,0.2114
2021-09-01T13:26:34Z,algae_brown_membranipora,704,0.22103333333333333
2021-09-01T13:26:34Z,algae_brown_membranipora,706,0.23003333333333334
2021-09-01T13:26:34Z,algae_brown_membranipora,708,0.23557333333333344
2021-09-01T13:26:34Z,algae_brown_membranipora,710,0.2496800000000002
2021-09-01T13:26:34Z,algae_brown_membranipora,712,0.27068000000000025
2021-09-01T13:26:34Z,algae_brown_membranipora,714,0.29639285714285746
2021-09-01T13:26:34Z,algae_brown_membranipora,716,0.33005333333333453
2021-09-01T13:26:34Z,algae_brown_membranipora,718,0.38376000000000127
2021-09-01T13:26:34Z,algae_brown_membranipora,720,0.47152666666666776
2021-09-01T13:26:34Z,algae_brown_membranipora,722,0.5224533333333345
2021-09-01T13:26:34Z,algae_brown_membranipora,724,0.5852571428571418
2021-09-01T13:26:34Z,algae_brown_membranipora,726,0.6695800000000004
2021-09-01T13:26:34Z,algae_brown_membranipora,728,0.6799799999999986
2021-09-01T13:26:34Z,algae_brown_membranipora,730,0.7412285714285706
2021-09-01T13:26:34Z,algae_brown_membranipora,732,0.8559533333333323
2021-09-01T13:26:34Z,algae_brown_membranipora,734,0.8895357142857144
2021-09-01T13:26:34Z,algae_brown_membranipora,736,0.9538
2021-09-01T13:26:34Z,algae_brown_membranipora,738,0.9417357142857139
2021-09-01T13:26:34Z,algae_brown_membranipora,740,0.8697133333333329
2021-09-01T13:26:34Z,algae_brown_membranipora,742,0.8090928571428594
2021-09-01T13:26:34Z,algae_brown_membranipora,744,0.9018199999999983
2021-09-01T13:26:34Z,algae_brown_membranipora,746,0.8278999999999983
2021-09-01T13:26:34Z,algae_brown_membranipora,748,0.8548200000000027
2021-09-01T13:26:34Z,algae_brown_membranipora,750,0.7511933333333352
2021-09-01T13:26:34Z,algae_brown_membranipora,752,0.831649999999998
2021-09-01T13:26:34Z,algae_brown_membranipora,754,0.8476428571428579
2021-09-01T13:26:34Z,algae_brown_membranipora,756,0.6933333333333334
2021-09-01T13:26:34Z,algae_brown_membranipora,758,0.6546666666666655
2021-09-01T13:26:34Z,algae_brown_membranipora,760,0.6421428571428605
2021-09-01T13:26:34Z,algae_brown_membranipora,762,0.7164399999999997
2021-09-01T13:26:34Z,algae_brown_membranipora,764,0.5444599999999916
2021-09-01T13:26:34Z,algae_brown_membranipora,766,0.6428714285714336
2021-09-01T13:26:34Z,algae_brown_membranipora,768,0.6589199999999983
2021-09-01T13:26:34Z,algae_brown_membranipora,770,0.5202666666666667
2021-09-01T13:26:34Z,algae_brown_membranipora,772,0.45714285714285685
2021-09-01T13:26:34Z,algae_brown_membranipora,774,0.4061214285714301
2021-09-01T13:26:34Z,algae_brown_membranipora,776,0.5390400000000035
2021-09-01T13:26:34Z,algae_brown_membranipora,778,0.48574285714286025
2021-09-01T13:26:34Z,algae_brown_membranipora,780,0.4320000000000027
2021-09-01T13:26:34Z,algae_brown_membranipora,782,0.2785928571428573
2021-09-01T13:26:34Z,algae_brown_membranipora,784,0.45
2021-09-01T13:26:34Z,algae_brown_membranipora,786,0.41902857142857064
2021-09-01T13:26:34Z,algae_brown_membranipora,788,0.4
2021-09-01T13:26:34Z,algae_brown_membranipora,790,0.3261642857142867
2021-09-01T13:26:34Z,algae_brown_membranipora,792,0.3385714285714282
2021-09-01T13:26:34Z,algae_brown_membranipora,794,0.32
2021-09-01T13:26:34Z,algae_brown_membranipora,796,0.37714285714285806
2021-09-01T13:26:34Z,algae_brown_membranipora,798,0.3599999999999985
2021-09-01T13:26:34Z,algae_brown_membranipora,800,0.3685714285714274
2021-09-01T13:31:26Z,algae_coralline,340,0.07934117647058826
2021-09-01T13:31:26Z,algae_coralline,342,0.07920000000000009
2021-09-01T13:31:26Z,algae_coralline,344,0.07007058823529408
2021-09-01T13:31:26Z,algae_coralline,346,0.07099375000000002
2021-09-01T13:31:26Z,algae_coralline,348,0.07010588235294116
2021-09-01T13:31:26Z,algae_coralline,350,0.07933749999999999
2021-09-01T13:31:26Z,algae_coralline,352,0.08158749999999995
2021-09-01T13:31:26Z,algae_coralline,354,0.08600588235294122
2021-09-01T13:31:26Z,algae_coralline,356,0.082575
2021-09-01T13:31:26Z,algae_coralline,358,0.07740000000000007
2021-09-01T13:31:26Z,algae_coralline,360,0.08259411764705879
2021-09-01T13:31:26Z,algae_coralline,362,0.08046250000000002
2021-09-01T13:31:26Z,algae_coralline,364,0.08646249999999994
2021-09-01T13:31:26Z,algae_coralline,366,0.08437058823529417
2021-09-01T13:31:26Z,algae_coralline,368,0.08543749999999997
2021-09-01T13:31:26Z,algae_coralline,370,0.08211764705882353
2021-09-01T13:31:26Z,algae_coralline,372,0.0795
2021-09-01T13:31:26Z,algae_coralline,374,0.07884999999999999
2021-09-01T13:31:26Z,algae_coralline,376,0.0792705882352941
2021-09-01T13:31:26Z,algae_coralline,378,0.08128125000000001
2021-09-01T13:31:26Z,algae_coralline,380,0.08017058823529413
2021-09-01T13:31:26Z,algae_coralline,382,0.0787
2021-09-01T13:31:26Z,algae_coralline,384,0.0777375
2021-09-01T13:31:26Z,algae_coralline,386,0.07584705882352942
2021-09-01T13:31:26Z,algae_coralline,388,0.07641875000000001
2021-09-01T13:31:26Z,algae_coralline,390,0.07673125
2021-09-01T13:31:26Z,algae_coralline,392,0.07668125
2021-09-01T13:31:26Z,algae_coralline,394,0.07587499999999998
2021-09-01T13:31:26Z,algae_coralline,396,0.07544117647058823
2021-09-01T13:31:26Z,algae_coralline,398,0.07525
2021-09-01T13:31:26Z,algae_coralline,400,0.07452499999999998
2021-09-01T13:31:26Z,algae_coralline,402,0.0737
2021-09-01T13:31:26Z,algae_coralline,404,0.0728
2021-09-01T13:31:26Z,algae_coralline,406,0.0714941176470588
2021-09-01T13:31:26Z,algae_coralline,408,0.06980625
2021-09-01T13:31:26Z,algae_coralline,410,0.06836875000000002
2021-09-01T13:31:26Z,algae_coralline,412,0.06684999999999999
2021-09-01T13:31:26Z,algae_coralline,414,0.06576249999999999
2021-09-01T13:31:26Z,algae_coralline,416,0.06458124999999999
2021-09-01T13:31:26Z,algae_coralline,418,0.06420624999999999
2021-09-01T13:31:26Z,algae_coralline,420,0.06344375000000001
2021-09-01T13:31:26Z,algae_coralline,422,0.0631125
2021-09-01T13:31:26Z,algae_coralline,424,0.06293125
2021-09-01T13:31:26Z,algae_coralline,426,0.06252500000000001
2021-09-01T13:31:26Z,algae_coralline,428,0.06202941176470588
2021-09-01T13:31:26Z,algae_coralline,430,0.06143749999999999
2021-09-01T13:31:26Z,algae_coralline,432,0.060533333333333335
2021-09-01T13:31:26Z,algae_coralline,434,0.059925000000000006
2021-09-01T13:31:26Z,algae_coralline,436,0.059373333333333334
2021-09-01T13:31:26Z,algae_coralline,438,0.05924375
2021-09-01T13:31:26Z,algae_coralline,440,0.05936875
2021-09-01T13:31:26Z,algae_coralline,442,0.05986875
2021-09-01T13:31:26Z,algae_coralline,444,0.061006250000000005
2021-09-01T13:31:26Z,algae_coralline,446,0.0626
2021-09-01T13:31:26Z,algae_coralline,448,0.06487500000000002
2021-09-01T13:31:26Z,algae_coralline,450,0.06756249999999997
2021-09-01T13:31:26Z,algae_coralline,452,0.07031250000000001
2021-09-01T13:31:26Z,algae_coralline,454,0.0728875
2021-09-01T13:31:26Z,algae_coralline,456,0.075
2021-09-01T13:31:26Z,algae_coralline,458,0.07653124999999998
2021-09-01T13:31:26Z,algae_coralline,460,0.077275
2021-09-01T13:31:26Z,algae_coralline,462,0.07755000000000001
2021-09-01T13:31:26Z,algae_coralline,464,0.077675
2021-09-01T13:31:26Z,algae_coralline,466,0.07769999999999999
2021-09-01T13:31:26Z,algae_coralline,468,0.07785
2021-09-01T13:31:26Z,algae_coralline,470,0.0781
2021-09-01T13:31:26Z,algae_coralline,472,0.07850000000000001
2021-09-01T13:31:26Z,algae_coralline,474,0.0788125
2021-09-01T13:31:26Z,algae_coralline,476,0.07903125
2021-09-01T13:31:26Z,algae_coralline,478,0.0789875
2021-09-01T13:31:26Z,algae_coralline,480,0.078575
2021-09-01T13:31:26Z,algae_coralline,482,0.077775
2021-09-01T13:31:26Z,algae_coralline,484,0.0764875
2021-09-01T13:31:26Z,algae_coralline,486,0.07492500000000002
2021-09-01T13:31:26Z,algae_coralline,488,0.073
2021-09-01T13:31:26Z,algae_coralline,490,0.07121249999999998
2021-09-01T13:31:26Z,algae_coralline,492,0.07000625
2021-09-01T13:31:26Z,algae_coralline,494,0.06901875
2021-09-01T13:31:26Z,algae_coralline,496,0.06849999999999999
2021-09-01T13:31:26Z,algae_coralline,498,0.06862499999999999
2021-09-01T13:31:26Z,algae_coralline,500,0.06945000000000001
2021-09-01T13:31:26Z,algae_coralline,502,0.07087500000000001
2021-09-01T13:31:26Z,algae_coralline,504,0.07291875000000003
2021-09-01T13:31:26Z,algae_coralline,506,0.0753875
2021-09-01T13:31:26Z,algae_coralline,508,0.07815999999999998
2021-09-01T13:31:26Z,algae_coralline,510,0.0808375
2021-09-01T13:31:26Z,algae_coralline,512,0.0832
2021-09-01T13:31:26Z,algae_coralline,514,0.08512000000000003
2021-09-01T13:31:26Z,algae_coralline,516,0.08651875
2021-09-01T13:31:26Z,algae_coralline,518,0.08745624999999999
2021-09-01T13:31:26Z,algae_coralline,520,0.0877
2021-09-01T13:31:26Z,algae_coralline,522,0.08765
2021-09-01T13:31:26Z,algae_coralline,524,0.08744
2021-09-01T13:31:26Z,algae_coralline,526,0.087075
2021-09-01T13:31:26Z,algae_coralline,528,0.08646666666666666
2021-09-01T13:31:26Z,algae_coralline,530,0.0856875
2021-09-01T13:31:26Z,algae_coralline,532,0.08506250000000001
2021-09-01T13:31:26Z,algae_coralline,534,0.08430625
2021-09-01T13:31:26Z,algae_coralline,536,0.083725
2021-09-01T13:31:26Z,algae_coralline,538,0.08320666666666666
2021-09-01T13:31:26Z,algae_coralline,540,0.08289999999999999
2021-09-01T13:31:26Z,algae_coralline,542,0.08250624999999999
2021-09-01T13:31:26Z,algae_coralline,544,0.0823
2021-09-01T13:31:26Z,algae_coralline,546,0.08221333333333335
2021-09-01T13:31:26Z,algae_coralline,548,0.08221333333333335
2021-09-01T13:31:26Z,algae_coralline,550,0.08234375000000001
2021-09-01T13:31:26Z,algae_coralline,552,0.0825375
2021-09-01T13:31:26Z,algae_coralline,554,0.0827
2021-09-01T13:31:26Z,algae_coralline,556,0.08257333333333333
2021-09-01T13:31:26Z,algae_coralline,558,0.08227500000000001
2021-09-01T13:31:26Z,algae_coralline,560,0.08149333333333336
2021-09-01T13:31:26Z,algae_coralline,562,0.08060666666666665
2021-09-01T13:31:26Z,algae_coralline,564,0.07973749999999999
2021-09-01T13:31:26Z,algae_coralline,566,0.07932666666666666
2021-09-01T13:31:26Z,algae_coralline,568,0.0796
2021-09-01T13:31:26Z,algae_coralline,570,0.08148749999999999
2021-09-01T13:31:26Z,algae_coralline,572,0.08485624999999992
2021-09-01T13:31:26Z,algae_coralline,574,0.09019999999999986
2021-09-01T13:31:26Z,algae_coralline,576,0.09739333333333354
2021-09-01T13:31:26Z,algae_coralline,578,0.10674666666666689
2021-09-01T13:31:26Z,algae_coralline,580,0.11695000000000015
2021-09-01T13:31:26Z,algae_coralline,582,0.12791875000000014
2021-09-01T13:31:26Z,algae_coralline,584,0.13840000000000002
2021-09-01T13:31:26Z,algae_coralline,586,0.14854999999999993
2021-09-01T13:31:26Z,algae_coralline,588,0.1579333333333332
2021-09-01T13:31:26Z,algae_coralline,590,0.16599999999999981
2021-09-01T13:31:26Z,algae_coralline,592,0.17335
2021-09-01T13:31:26Z,algae_coralline,594,0.17942000000000013
2021-09-01T13:31:26Z,algae_coralline,596,0.18436250000000007
2021-09-01T13:31:26Z,algae_coralline,598,0.18770000000000003
2021-09-01T13:31:26Z,algae_coralline,600,0.18965625
2021-09-01T13:31:26Z,algae_coralline,602,0.1905
2021-09-01T13:31:26Z,algae_coralline,604,0.18975625000000002
2021-09-01T13:31:26Z,algae_coralline,606,0.18786000000000003
2021-09-01T13:31:26Z,algae_coralline,608,0.18467333333333338
2021-09-01T13:31:26Z,algae_coralline,610,0.1807000000000001
2021-09-01T13:31:26Z,algae_coralline,612,0.1761400000000001
2021-09-01T13:31:26Z,algae_coralline,614,0.17175624999999994
2021-09-01T13:31:26Z,algae_coralline,616,0.16759999999999992
2021-09-01T13:31:26Z,algae_coralline,618,0.16399374999999994
2021-09-01T13:31:26Z,algae_coralline,620,0.16115999999999997
2021-09-01T13:31:26Z,algae_coralline,622,0.15921249999999998
2021-09-01T13:31:26Z,algae_coralline,624,0.15783333333333333
2021-09-01T13:31:26Z,algae_coralline,626,0.15743333333333334
2021-09-01T13:31:26Z,algae_coralline,628,0.1575
2021-09-01T13:31:26Z,algae_coralline,630,0.1586133333333333
2021-09-01T13:31:26Z,algae_coralline,632,0.15997999999999998
2021-09-01T13:31:26Z,algae_coralline,634,0.16163749999999996
2021-09-01T13:31:26Z,algae_coralline,636,0.16427999999999993
2021-09-01T13:31:26Z,algae_coralline,638,0.16758666666666658
2021-09-01T13:31:26Z,algae_coralline,640,0.17174666666666655
2021-09-01T13:31:26Z,algae_coralline,642,0.17548666666666676
2021-09-01T13:31:26Z,algae_coralline,644,0.17902666666666675
2021-09-01T13:31:26Z,algae_coralline,646,0.18180000000000007
2021-09-01T13:31:26Z,algae_coralline,648,0.18385
2021-09-01T13:31:26Z,algae_coralline,650,0.18396
2021-09-01T13:31:26Z,algae_coralline,652,0.1821333333333333
2021-09-01T13:31:26Z,algae_coralline,654,0.1781066666666666
2021-09-01T13:31:26Z,algae_coralline,656,0.17243999999999995
2021-09-01T13:31:26Z,algae_coralline,658,0.16604375
2021-09-01T13:31:26Z,algae_coralline,660,0.1563
2021-09-01T13:31:26Z,algae_coralline,662,0.14396666666666666
2021-09-01T13:31:26Z,algae_coralline,664,0.13163333333333332
2021-09-01T13:31:26Z,algae_coralline,666,0.12029999999999999
2021-09-01T13:31:26Z,algae_coralline,668,0.113
2021-09-01T13:31:26Z,algae_coralline,670,0.10766666666666667
2021-09-01T13:31:26Z,algae_coralline,672,0.10339999999999999
2021-09-01T13:31:26Z,algae_coralline,674,0.10086666666666666
2021-09-01T13:31:26Z,algae_coralline,676,0.10066666666666667
2021-09-01T13:31:26Z,algae_coralline,678,0.1013
2021-09-01T13:31:26Z,algae_coralline,680,0.1033
2021-09-01T13:31:26Z,algae_coralline,682,0.10603333333333334
2021-09-01T13:31:26Z,algae_coralline,684,0.10890000000000001
2021-09-01T13:31:26Z,algae_coralline,686,0.11710000000000001
2021-09-01T13:31:26Z,algae_coralline,688,0.13003333333333333
2021-09-01T13:31:26Z,algae_coralline,690,0.14029999999999998
2021-09-01T13:31:26Z,algae_coralline,692,0.15326666666666666
2021-09-01T13:31:26Z,algae_coralline,694,0.1724
2021-09-01T13:31:26Z,algae_coralline,696,0.1946
2021-09-01T13:31:26Z,algae_coralline,698,0.22343333333333332
2021-09-01T13:31:26Z,algae_coralline,700,0.25903333333333334
2021-09-01T13:31:26Z,algae_coralline,702,0.3039
2021-09-01T13:31:26Z,algae_coralline,704,0.3537666666666667
2021-09-01T13:31:26Z,algae_coralline,706,0.40763333333333335
2021-09-01T13:31:26Z,algae_coralline,708,0.47331333333333403
2021-09-01T13:31:26Z,algae_coralline,710,0.5422600000000009
2021-09-01T13:31:26Z,algae_coralline,712,0.6184866666666675
2021-09-01T13:31:26Z,algae_coralline,714,0.7180500000000019
2021-09-01T13:31:26Z,algae_coralline,716,0.8599066666666698
2021-09-01T13:31:26Z,algae_coralline,718,1.0158800000000037
2021-09-01T13:31:26Z,algae_coralline,720,1.2083933333333368
2021-09-01T13:31:26Z,algae_coralline,722,1.353853333333337
2021-09-01T13:31:26Z,algae_coralline,724,1.4767714285714268
2021-09-01T13:31:26Z,algae_coralline,726,1.4897399999999932
2021-09-01T13:31:26Z,algae_coralline,728,1.7044599999999979
2021-09-01T13:31:26Z,algae_coralline,730,1.6330357142857161
2021-09-01T13:31:26Z,algae_coralline,732,1.7533133333333335
2021-09-01T13:31:26Z,algae_coralline,734,1.7004714285714289
2021-09-01T13:31:26Z,algae_coralline,736,1.4143000000000001
2021-09-01T13:31:26Z,algae_coralline,738,1.4594500000000004
2021-09-01T13:31:26Z,algae_coralline,740,1.3658199999999976
2021-09-01T13:31:26Z,algae_coralline,742,1.6742857142857128
2021-09-01T13:31:26Z,algae_coralline,744,1.6414866666666694
2021-09-01T13:31:26Z,algae_coralline,746,1.6177799999999973
2021-09-01T13:31:26Z,algae_coralline,748,1.286159999999998
2021-09-01T13:31:26Z,algae_coralline,750,1.2653333333333376
2021-09-01T13:31:26Z,algae_coralline,752,1.2185714285714282
2021-09-01T13:31:26Z,algae_coralline,754,1.2817142857142843
2021-09-01T13:31:26Z,algae_coralline,756,1.3083333333333333
2021-09-01T13:31:26Z,algae_coralline,758,1.3390866666666659
2021-09-01T13:31:26Z,algae_coralline,760,1.26122857142857
2021-09-01T13:31:26Z,algae_coralline,762,0.9745999999999904
2021-09-01T13:31:26Z,algae_coralline,764,0.8961199999999989
2021-09-01T13:31:26Z,algae_coralline,766,0.925
2021-09-01T13:31:26Z,algae_coralline,768,0.968306666666666
2021-09-01T13:31:26Z,algae_coralline,770,0.8428666666666668
2021-09-01T13:31:26Z,algae_coralline,772,0.9714285714285759
2021-09-01T13:31:26Z,algae_coralline,774,0.6777928571428552
2021-09-01T13:31:26Z,algae_coralline,776,0.7111266666666756
2021-09-01T13:31:26Z,algae_coralline,778,0.8380714285714292
2021-09-01T13:31:26Z,algae_coralline,780,0.8293333333333339
2021-09-01T13:31:26Z,algae_coralline,782,0.8
2021-09-01T13:31:26Z,algae_coralline,784,0.7
2021-09-01T13:31:26Z,algae_coralline,786,0.7238285714285746
2021-09-01T13:31:26Z,algae_coralline,788,0.6079999999999928
2021-09-01T13:31:26Z,algae_coralline,790,0.5742857142857177
2021-09-01T13:31:26Z,algae_coralline,792,0.5571428571428564
2021-09-01T13:31:26Z,algae_coralline,794,0.6
2021-09-01T13:31:26Z,algae_coralline,796,0.7557142857142854
2021-09-01T13:31:26Z,algae_coralline,798,0.6299999999999955
2021-09-01T13:31:26Z,algae_coralline,800,0.3404571428571419
2021-09-01T13:32:39Z,algae_coralline,340,0.08344117647058827
2021-09-01T13:32:39Z,algae_coralline,342,0.08727499999999994
2021-09-01T13:32:39Z,algae_coralline,344,0.09487058823529418
2021-09-01T13:32:39Z,algae_coralline,346,0.09232499999999996
2021-09-01T13:32:39Z,algae_coralline,348,0.08334705882352937
2021-09-01T13:32:39Z,algae_coralline,350,0.08299375000000013
2021-09-01T13:32:39Z,algae_coralline,352,0.09165
2021-09-01T13:32:39Z,algae_coralline,354,0.09332352941176467
2021-09-01T13:32:39Z,algae_coralline,356,0.09214999999999997
2021-09-01T13:32:39Z,algae_coralline,358,0.08375882352941186
2021-09-01T13:32:39Z,algae_coralline,360,0.08504117647058823
2021-09-01T13:32:39Z,algae_coralline,362,0.08632500000000005
2021-09-01T13:32:39Z,algae_coralline,364,0.09244999999999996
2021-09-01T13:32:39Z,algae_coralline,366,0.09187647058823532
2021-09-01T13:32:39Z,algae_coralline,368,0.08440624999999997
2021-09-01T13:32:39Z,algae_coralline,370,0.08420588235294119
2021-09-01T13:32:39Z,algae_coralline,372,0.0882
2021-09-01T13:32:39Z,algae_coralline,374,0.08892499999999999
2021-09-01T13:32:39Z,algae_coralline,376,0.0846588235294118
2021-09-01T13:32:39Z,algae_coralline,378,0.08015
2021-09-01T13:32:39Z,algae_coralline,380,0.07935294117647058
2021-09-01T13:32:39Z,algae_coralline,382,0.08068750000000001
2021-09-01T13:32:39Z,algae_coralline,384,0.0811125
2021-09-01T13:32:39Z,algae_coralline,386,0.08026470588235296
2021-09-01T13:32:39Z,algae_coralline,388,0.07840625
2021-09-01T13:32:39Z,algae_coralline,390,0.07870625
2021-09-01T13:32:39Z,algae_coralline,392,0.07918125
2021-09-01T13:32:39Z,algae_coralline,394,0.07780000000000001
2021-09-01T13:32:39Z,algae_coralline,396,0.07732941176470588
2021-09-01T13:32:39Z,algae_coralline,398,0.07615
2021-09-01T13:32:39Z,algae_coralline,400,0.0761
2021-09-01T13:32:39Z,algae_coralline,402,0.0756
2021-09-01T13:32:39Z,algae_coralline,404,0.07467500000000002
2021-09-01T13:32:39Z,algae_coralline,406,0.07348235294117647
2021-09-01T13:32:39Z,algae_coralline,408,0.0719375
2021-09-01T13:32:39Z,algae_coralline,410,0.07084375000000001
2021-09-01T13:32:39Z,algae_coralline,412,0.0697875
2021-09-01T13:32:39Z,algae_coralline,414,0.0690375
2021-09-01T13:32:39Z,algae_coralline,416,0.06815
2021-09-01T13:32:39Z,algae_coralline,418,0.06752500000000002
2021-09-01T13:32:39Z,algae_coralline,420,0.06713749999999999
2021-09-01T13:32:39Z,algae_coralline,422,0.0672125
2021-09-01T13:32:39Z,algae_coralline,424,0.06716875
2021-09-01T13:32:39Z,algae_coralline,426,0.06691875
2021-09-01T13:32:39Z,algae_coralline,428,0.06654705882352942
2021-09-01T13:32:39Z,algae_coralline,430,0.06615
2021-09-01T13:32:39Z,algae_coralline,432,0.06596666666666667
2021-09-01T13:32:39Z,algae_coralline,434,0.06553125000000001
2021-09-01T13:32:39Z,algae_coralline,436,0.06537333333333334
2021-09-01T13:32:39Z,algae_coralline,438,0.0652
2021-09-01T13:32:39Z,algae_coralline,440,0.06554375000000001
2021-09-01T13:32:39Z,algae_coralline,442,0.06616874999999998
2021-09-01T13:32:39Z,algae_coralline,444,0.06720625000000001
2021-09-01T13:32:39Z,algae_coralline,446,0.0688
2021-09-01T13:32:39Z,algae_coralline,448,0.07093750000000001
2021-09-01T13:32:39Z,algae_coralline,450,0.07346874999999997
2021-09-01T13:32:39Z,algae_coralline,452,0.07595625
2021-09-01T13:32:39Z,algae_coralline,454,0.078375
2021-09-01T13:32:39Z,algae_coralline,456,0.08053125000000001
2021-09-01T13:32:39Z,algae_coralline,458,0.08193749999999998
2021-09-01T13:32:39Z,algae_coralline,460,0.08289999999999999
2021-09-01T13:32:39Z,algae_coralline,462,0.08335
2021-09-01T13:32:39Z,algae_coralline,464,0.083575
2021-09-01T13:32:39Z,algae_coralline,466,0.08380000000000001
2021-09-01T13:32:39Z,algae_coralline,468,0.08415
2021-09-01T13:32:39Z,algae_coralline,470,0.0845
2021-09-01T13:32:39Z,algae_coralline,472,0.08515
2021-09-01T13:32:39Z,algae_coralline,474,0.08561875000000001
2021-09-01T13:32:39Z,algae_coralline,476,0.0859625
2021-09-01T13:32:39Z,algae_coralline,478,0.0861
2021-09-01T13:32:39Z,algae_coralline,480,0.0859375
2021-09-01T13:32:39Z,algae_coralline,482,0.0853125
2021-09-01T13:32:39Z,algae_coralline,484,0.084325
2021-09-01T13:32:39Z,algae_coralline,486,0.0830125
2021-09-01T13:32:39Z,algae_coralline,488,0.0818125
2021-09-01T13:32:39Z,algae_coralline,490,0.08061249999999999
2021-09-01T13:32:39Z,algae_coralline,492,0.07945
2021-09-01T13:32:39Z,algae_coralline,494,0.078725
2021-09-01T13:32:39Z,algae_coralline,496,0.0785
2021-09-01T13:32:39Z,algae_coralline,498,0.07882499999999999
2021-09-01T13:32:39Z,algae_coralline,500,0.07965
2021-09-01T13:32:39Z,algae_coralline,502,0.08100000000000002
2021-09-01T13:32:39Z,algae_coralline,504,0.08301875000000002
2021-09-01T13:32:39Z,algae_coralline,506,0.08539374999999999
2021-09-01T13:32:39Z,algae_coralline,508,0.08783999999999997
2021-09-01T13:32:39Z,algae_coralline,510,0.09026250000000002
2021-09-01T13:32:39Z,algae_coralline,512,0.092475
2021-09-01T13:32:39Z,algae_coralline,514,0.09418000000000001
2021-09-01T13:32:39Z,algae_coralline,516,0.0955875
2021-09-01T13:32:39Z,algae_coralline,518,0.09655625
2021-09-01T13:32:39Z,algae_coralline,520,0.097275
2021-09-01T13:32:39Z,algae_coralline,522,0.0975
2021-09-01T13:32:39Z,algae_coralline,524,0.0975
2021-09-01T13:32:39Z,algae_coralline,526,0.09718125000000001
2021-09-01T13:32:39Z,algae_coralline,528,0.09683333333333333
2021-09-01T13:32:39Z,algae_coralline,530,0.09645000000000001
2021-09-01T13:32:39Z,algae_coralline,532,0.09595000000000001
2021-09-01T13:32:39Z,algae_coralline,534,0.09552500000000001
2021-09-01T13:32:39Z,algae_coralline,536,0.09506875
2021-09-01T13:32:39Z,algae_coralline,538,0.09475333333333333
2021-09-01T13:32:39Z,algae_coralline,540,0.0944
2021-09-01T13:32:39Z,algae_coralline,542,0.0943
2021-09-01T13:32:39Z,algae_coralline,544,0.09424375
2021-09-01T13:32:39Z,algae_coralline,546,0.09428666666666666
2021-09-01T13:32:39Z,algae_coralline,548,0.09454
2021-09-01T13:32:39Z,algae_coralline,550,0.09493125000000001
2021-09-01T13:32:39Z,algae_coralline,552,0.09530625
2021-09-01T13:32:39Z,algae_coralline,554,0.09570000000000001
2021-09-01T13:32:39Z,algae_coralline,556,0.09577333333333334
2021-09-01T13:32:39Z,algae_coralline,558,0.09564375000000001
2021-09-01T13:32:39Z,algae_coralline,560,0.09542666666666666
2021-09-01T13:32:39Z,algae_coralline,562,0.09503333333333332
2021-09-01T13:32:39Z,algae_coralline,564,0.09446874999999999
2021-09-01T13:32:39Z,algae_coralline,566,0.0943
2021-09-01T13:32:39Z,algae_coralline,568,0.09480000000000001
2021-09-01T13:32:39Z,algae_coralline,570,0.09633125
2021-09-01T13:32:39Z,algae_coralline,572,0.09896249999999994
2021-09-01T13:32:39Z,algae_coralline,574,0.10313333333333323
2021-09-01T13:32:39Z,algae_coralline,576,0.10907333333333352
2021-09-01T13:32:39Z,algae_coralline,578,0.1171800000000002
2021-09-01T13:32:39Z,algae_coralline,580,0.12595000000000012
2021-09-01T13:32:39Z,algae_coralline,582,0.13533750000000008
2021-09-01T13:32:39Z,algae_coralline,584,0.1441
2021-09-01T13:32:39Z,algae_coralline,586,0.15249999999999994
2021-09-01T13:32:39Z,algae_coralline,588,0.16040666666666656
2021-09-01T13:32:39Z,algae_coralline,590,0.16719999999999982
2021-09-01T13:32:39Z,algae_coralline,592,0.1738
2021-09-01T13:32:39Z,algae_coralline,594,0.17896000000000012
2021-09-01T13:32:39Z,algae_coralline,596,0.18308750000000007
2021-09-01T13:32:39Z,algae_coralline,598,0.18586000000000003
2021-09-01T13:32:39Z,algae_coralline,600,0.1876875
2021-09-01T13:32:39Z,algae_coralline,602,0.1884
2021-09-01T13:32:39Z,algae_coralline,604,0.1879875
2021-09-01T13:32:39Z,algae_coralline,606,0.1864
2021-09-01T13:32:39Z,algae_coralline,608,0.18393333333333337
2021-09-01T13:32:39Z,algae_coralline,610,0.18076000000000006
2021-09-01T13:32:39Z,algae_coralline,612,0.1770533333333334
2021-09-01T13:32:39Z,algae_coralline,614,0.17309999999999992
2021-09-01T13:32:39Z,algae_coralline,616,0.1694666666666666
2021-09-01T13:32:39Z,algae_coralline,618,0.16651249999999995
2021-09-01T13:32:39Z,algae_coralline,620,0.1642533333333333
2021-09-01T13:32:39Z,algae_coralline,622,0.16243125
2021-09-01T13:32:39Z,algae_coralline,624,0.1613
2021-09-01T13:32:39Z,algae_coralline,626,0.16116666666666668
2021-09-01T13:32:39Z,algae_coralline,628,0.1613
2021-09-01T13:32:39Z,algae_coralline,630,0.16218666666666665
2021-09-01T13:32:39Z,algae_coralline,632,0.16318
2021-09-01T13:32:39Z,algae_coralline,634,0.16463749999999996
2021-09-01T13:32:39Z,algae_coralline,636,0.16695999999999994
2021-09-01T13:32:39Z,algae_coralline,638,0.16978666666666659
2021-09-01T13:32:39Z,algae_coralline,640,0.17333999999999994
2021-09-01T13:32:39Z,algae_coralline,642,0.17653333333333343
2021-09-01T13:32:39Z,algae_coralline,644,0.17982000000000006
2021-09-01T13:32:39Z,algae_coralline,646,0.18262000000000006
2021-09-01T13:32:39Z,algae_coralline,648,0.18420000000000003
2021-09-01T13:32:39Z,algae_coralline,650,0.18388000000000002
2021-09-01T13:32:39Z,algae_coralline,652,0.18171333333333328
2021-09-01T13:32:39Z,algae_coralline,654,0.17868666666666663
2021-09-01T13:32:39Z,algae_coralline,656,0.17445999999999995
2021-09-01T13:32:39Z,algae_coralline,658,0.16847499999999999
2021-09-01T13:32:39Z,algae_coralline,660,0.1598
2021-09-01T13:32:39Z,algae_coralline,662,0.14943333333333333
2021-09-01T13:32:39Z,algae_coralline,664,0.1393
2021-09-01T13:32:39Z,algae_coralline,666,0.1297
2021-09-01T13:32:39Z,algae_coralline,668,0.12186666666666666
2021-09-01T13:32:39Z,algae_coralline,670,0.11706666666666668
2021-09-01T13:32:39Z,algae_coralline,672,0.1148
2021-09-01T13:32:39Z,algae_coralline,674,0.11333333333333333
2021-09-01T13:32:39Z,algae_coralline,676,0.11246666666666667
2021-09-01T13:32:39Z,algae_coralline,678,0.1116
2021-09-01T13:32:39Z,algae_coralline,680,0.11426666666666667
2021-09-01T13:32:39Z,algae_coralline,682,0.11753333333333334
2021-09-01T13:32:39Z,algae_coralline,684,0.1209
2021-09-01T13:32:39Z,algae_coralline,686,0.12676666666666667
2021-09-01T13:32:39Z,algae_coralline,688,0.13756666666666667
2021-09-01T13:32:39Z,algae_coralline,690,0.14859999999999998
2021-09-01T13:32:39Z,algae_coralline,692,0.15983333333333333
2021-09-01T13:32:39Z,algae_coralline,694,0.1739
2021-09-01T13:32:39Z,algae_coralline,696,0.1936
2021-09-01T13:32:39Z,algae_coralline,698,0.21813333333333332
2021-09-01T13:32:39Z,algae_coralline,700,0.2528666666666667
2021-09-01T13:32:39Z,algae_coralline,702,0.2919
2021-09-01T13:32:39Z,algae_coralline,704,0.3329333333333333
2021-09-01T13:32:39Z,algae_coralline,706,0.37786666666666663
2021-09-01T13:32:39Z,algae_coralline,708,0.4390933333333339
2021-09-01T13:32:39Z,algae_coralline,710,0.4901200000000006
2021-09-01T13:32:39Z,algae_coralline,712,0.5541666666666674
2021-09-01T13:32:39Z,algae_coralline,714,0.6320642857142872
2021-09-01T13:32:39Z,algae_coralline,716,0.746886666666669
2021-09-01T13:32:39Z,algae_coralline,718,0.8887800000000037
2021-09-01T13:32:39Z,algae_coralline,720,1.0466200000000028
2021-09-01T13:32:39Z,algae_coralline,722,1.1537200000000016
2021-09-01T13:32:39Z,algae_coralline,724,1.2499999999999982
2021-09-01T13:32:39Z,algae_coralline,726,1.292479999999994
2021-09-01T13:32:39Z,algae_coralline,728,1.4873866666666642
2021-09-01T13:32:39Z,algae_coralline,730,1.4089285714285735
2021-09-01T13:32:39Z,algae_coralline,732,1.477146666666668
2021-09-01T13:32:39Z,algae_coralline,734,1.4545428571428567
2021-09-01T13:32:39Z,algae_coralline,736,1.3143
2021-09-01T13:32:39Z,algae_coralline,738,1.308885714285714
2021-09-01T13:32:39Z,algae_coralline,740,1.1432333333333304
2021-09-01T13:32:39Z,algae_coralline,742,1.3185714285714283
2021-09-01T13:32:39Z,algae_coralline,744,1.3570266666666704
2021-09-01T13:32:39Z,algae_coralline,746,1.368919999999998
2021-09-01T13:32:39Z,algae_coralline,748,1.1112799999999996
2021-09-01T13:32:39Z,algae_coralline,750,1.0269333333333386
2021-09-01T13:32:39Z,algae_coralline,752,0.9775357142857136
2021-09-01T13:32:39Z,algae_coralline,754,1.1047857142857127
2021-09-01T13:32:39Z,algae_coralline,756,1.1666666666666665
2021-09-01T13:32:39Z,algae_coralline,758,1.2209799999999982
2021-09-01T13:32:39Z,algae_coralline,760,1.0653142857142832
2021-09-01T13:32:39Z,algae_coralline,762,0.839999999999994
2021-09-01T13:32:39Z,algae_coralline,764,0.7211199999999951
2021-09-01T13:32:39Z,algae_coralline,766,0.7928571428571451
2021-09-01T13:32:39Z,algae_coralline,768,0.769973333333333
2021-09-01T13:32:39Z,algae_coralline,770,0.7202666666666667
2021-09-01T13:32:39Z,algae_coralline,772,0.8785714285714319
2021-09-01T13:32:39Z,algae_coralline,774,0.5645142857142841
2021-09-01T13:32:39Z,algae_coralline,776,0.5177933333333361
2021-09-01T13:32:39Z,algae_coralline,778,0.6524142857142834
2021-09-01T13:32:39Z,algae_coralline,780,0.730666666666666
2021-09-01T13:32:39Z,algae_coralline,782,0.7342857142857145
2021-09-01T13:32:39Z,algae_coralline,784,0.4667
2021-09-01T13:32:39Z,algae_coralline,786,0.4685714285714323
2021-09-01T13:32:39Z,algae_coralline,788,0.5279999999999988
2021-09-01T13:32:39Z,algae_coralline,790,0.7264285714285746
2021-09-01T13:32:39Z,algae_coralline,792,0.5885714285714291
2021-09-01T13:32:39Z,algae_coralline,794,0.3333
2021-09-01T13:32:39Z,algae_coralline,796,0.4857142857142904
2021-09-01T13:32:39Z,algae_coralline,798,0.5039999999999963
2021-09-01T13:32:39Z,algae_coralline,800,0.3595428571428581
2021-09-01T13:36:27Z,algae_red,340,0.016358823529411898
2021-09-01T13:36:27Z,algae_red,342,0.02749999999999998
2021-09-01T13:36:27Z,algae_red,344,0.02873529411764705
2021-09-01T13:36:27Z,algae_red,346,0.029818750000000012
2021-09-01T13:36:27Z,algae_red,348,0.017364705882352855
2021-09-01T13:36:27Z,algae_red,350,0.017643750000000052
2021-09-01T13:36:27Z,algae_red,352,0.023893749999999964
2021-09-01T13:36:27Z,algae_red,354,0.029388235294117653
2021-09-01T13:36:27Z,algae_red,356,0.024624999999999946
2021-09-01T13:36:27Z,algae_red,358,0.01820588235294124
2021-09-01T13:36:27Z,algae_red,360,0.022658823529411815
2021-09-01T13:36:27Z,algae_red,362,0.026474999999999974
2021-09-01T13:36:27Z,algae_red,364,0.022787500000000026
2021-09-01T13:36:27Z,algae_red,366,0.02038235294117648
2021-09-01T13:36:27Z,algae_red,368,0.01601874999999998
2021-09-01T13:36:27Z,algae_red,370,0.01580000000000001
2021-09-01T13:36:27Z,algae_red,372,0.019200000000000002
2021-09-01T13:36:27Z,algae_red,374,0.020275
2021-09-01T13:36:27Z,algae_red,376,0.01954705882352942
2021-09-01T13:36:27Z,algae_red,378,0.017224999999999994
2021-09-01T13:36:27Z,algae_red,380,0.01617647058823529
2021-09-01T13:36:27Z,algae_red,382,0.017312499999999998
2021-09-01T13:36:27Z,algae_red,384,0.0172375
2021-09-01T13:36:27Z,algae_red,386,0.016505882352941183
2021-09-01T13:36:27Z,algae_red,388,0.015643750000000005
2021-09-01T13:36:27Z,algae_red,390,0.015300000000000001
2021-09-01T13:36:27Z,algae_red,392,0.015949999999999995
2021-09-01T13:36:27Z,algae_red,394,0.015087499999999998
2021-09-01T13:36:27Z,algae_red,396,0.015135294117647061
2021-09-01T13:36:27Z,algae_red,398,0.015450000000000002
2021-09-01T13:36:27Z,algae_red,400,0.014749999999999994
2021-09-01T13:36:27Z,algae_red,402,0.0138
2021-09-01T13:36:27Z,algae_red,404,0.013425000000000006
2021-09-01T13:36:27Z,algae_red,406,0.013135294117647064
2021-09-01T13:36:27Z,algae_red,408,0.012987499999999997
2021-09-01T13:36:27Z,algae_red,410,0.0128
2021-09-01T13:36:27Z,algae_red,412,0.012268749999999997
2021-09-01T13:36:27Z,algae_red,414,0.011656249999999998
2021-09-01T13:36:27Z,algae_red,416,0.0117375
2021-09-01T13:36:27Z,algae_red,418,0.011612500000000001
2021-09-01T13:36:27Z,algae_red,420,0.011481249999999998
2021-09-01T13:36:27Z,algae_red,422,0.011356249999999998
2021-09-01T13:36:27Z,algae_red,424,0.01123125
2021-09-01T13:36:27Z,algae_red,426,0.011106250000000002
2021-09-01T13:36:27Z,algae_red,428,0.011017647058823531
2021-09-01T13:36:27Z,algae_red,430,0.0110625
2021-09-01T13:36:27Z,algae_red,432,0.011000000000000001
2021-09-01T13:36:27Z,algae_red,434,0.010906250000000001
2021-09-01T13:36:27Z,algae_red,436,0.010786666666666668
2021-09-01T13:36:27Z,algae_red,438,0.010700000000000001
2021-09-01T13:36:27Z,algae_red,440,0.01076875
2021-09-01T13:36:27Z,algae_red,442,0.0108
2021-09-01T13:36:27Z,algae_red,444,0.011075000000000003
2021-09-01T13:36:27Z,algae_red,446,0.01153125
2021-09-01T13:36:27Z,algae_red,448,0.011906250000000002
2021-09-01T13:36:27Z,algae_red,450,0.012374999999999994
2021-09-01T13:36:27Z,algae_red,452,0.012756250000000002
2021-09-01T13:36:27Z,algae_red,454,0.013087500000000002
2021-09-01T13:36:27Z,algae_red,456,0.0133375
2021-09-01T13:36:27Z,algae_red,458,0.013587499999999999
2021-09-01T13:36:27Z,algae_red,460,0.013924999999999998
2021-09-01T13:36:27Z,algae_red,462,0.014099999999999998
2021-09-01T13:36:27Z,algae_red,464,0.014350000000000002
2021-09-01T13:36:27Z,algae_red,466,0.0146
2021-09-01T13:36:27Z,algae_red,468,0.014874999999999998
2021-09-01T13:36:27Z,algae_red,470,0.01525
2021-09-01T13:36:27Z,algae_red,472,0.015550000000000003
2021-09-01T13:36:27Z,algae_red,474,0.015912500000000003
2021-09-01T13:36:27Z,algae_red,476,0.016225
2021-09-01T13:36:27Z,algae_red,478,0.01655625
2021-09-01T13:36:27Z,algae_red,480,0.0167625
2021-09-01T13:36:27Z,algae_red,482,0.0167875
2021-09-01T13:36:27Z,algae_red,484,0.0167375
2021-09-01T13:36:27Z,algae_red,486,0.0168
2021-09-01T13:36:27Z,algae_red,488,0.0168
2021-09-01T13:36:27Z,algae_red,490,0.016681249999999998
2021-09-01T13:36:27Z,algae_red,492,0.01664375
2021-09-01T13:36:27Z,algae_red,494,0.01663125
2021-09-01T13:36:27Z,algae_red,496,0.0167
2021-09-01T13:36:27Z,algae_red,498,0.016974999999999997
2021-09-01T13:36:27Z,algae_red,500,0.01735
2021-09-01T13:36:27Z,algae_red,502,0.017800000000000003
2021-09-01T13:36:27Z,algae_red,504,0.018431250000000007
2021-09-01T13:36:27Z,algae_red,506,0.019118749999999997
2021-09-01T13:36:27Z,algae_red,508,0.02001999999999999
2021-09-01T13:36:27Z,algae_red,510,0.020737500000000002
2021-09-01T13:36:27Z,algae_red,512,0.0214625
2021-09-01T13:36:27Z,algae_red,514,0.02210000000000001
2021-09-01T13:36:27Z,algae_red,516,0.022743750000000004
2021-09-01T13:36:27Z,algae_red,518,0.02336874999999999
2021-09-01T13:36:27Z,algae_red,520,0.023524999999999997
2021-09-01T13:36:27Z,algae_red,522,0.02365
2021-09-01T13:36:27Z,algae_red,524,0.02394000000000001
2021-09-01T13:36:27Z,algae_red,526,0.024425000000000002
2021-09-01T13:36:27Z,algae_red,528,0.0249
2021-09-01T13:36:27Z,algae_red,530,0.025287499999999994
2021-09-01T13:36:27Z,algae_red,532,0.02566249999999999
2021-09-01T13:36:27Z,algae_red,534,0.026156249999999992
2021-09-01T13:36:27Z,algae_red,536,0.02657500000000001
2021-09-01T13:36:27Z,algae_red,538,0.02709333333333334
2021-09-01T13:36:27Z,algae_red,540,0.0277
2021-09-01T13:36:27Z,algae_red,542,0.02845625
2021-09-01T13:36:27Z,algae_red,544,0.029137499999999986
2021-09-01T13:36:27Z,algae_red,546,0.02991999999999998
2021-09-01T13:36:27Z,algae_red,548,0.03080666666666669
2021-09-01T13:36:27Z,algae_red,550,0.03185000000000002
2021-09-01T13:36:27Z,algae_red,552,0.032918750000000004
2021-09-01T13:36:27Z,algae_red,554,0.0341
2021-09-01T13:36:27Z,algae_red,556,0.03511333333333332
2021-09-01T13:36:27Z,algae_red,558,0.03614999999999998
2021-09-01T13:36:27Z,algae_red,560,0.03727999999999997
2021-09-01T13:36:27Z,algae_red,562,0.038093333333333354
2021-09-01T13:36:27Z,algae_red,564,0.03900625000000001
2021-09-01T13:36:27Z,algae_red,566,0.03991333333333334
2021-09-01T13:36:27Z,algae_red,568,0.0409
2021-09-01T13:36:27Z,algae_red,570,0.04224375
2021-09-01T13:36:27Z,algae_red,572,0.04361874999999998
2021-09-01T13:36:27Z,algae_red,574,0.0450533333333333
2021-09-01T13:36:27Z,algae_red,576,0.046713333333333384
2021-09-01T13:36:27Z,algae_red,578,0.04884666666666671
2021-09-01T13:36:27Z,algae_red,580,0.05090000000000003
2021-09-01T13:36:27Z,algae_red,582,0.05298750000000002
2021-09-01T13:36:27Z,algae_red,584,0.0547
2021-09-01T13:36:27Z,algae_red,586,0.056187499999999994
2021-09-01T13:36:27Z,algae_red,588,0.05753333333333332
2021-09-01T13:36:27Z,algae_red,590,0.05913999999999995
2021-09-01T13:36:27Z,algae_red,592,0.06125
2021-09-01T13:36:27Z,algae_red,594,0.06296000000000004
2021-09-01T13:36:27Z,algae_red,596,0.06443750000000002
2021-09-01T13:36:27Z,algae_red,598,0.06564
2021-09-01T13:36:27Z,algae_red,600,0.06620625
2021-09-01T13:36:27Z,algae_red,602,0.0667
2021-09-01T13:36:27Z,algae_red,604,0.06670625
2021-09-01T13:36:27Z,algae_red,606,0.06596
2021-09-01T13:36:27Z,algae_red,608,0.06457333333333336
2021-09-01T13:36:27Z,algae_red,610,0.06272000000000005
2021-09-01T13:36:27Z,algae_red,612,0.06056000000000004
2021-09-01T13:36:27Z,algae_red,614,0.05861874999999997
2021-09-01T13:36:27Z,algae_red,616,0.056926666666666625
2021-09-01T13:36:27Z,algae_red,618,0.05536249999999998
2021-09-01T13:36:27Z,algae_red,620,0.05413999999999999
2021-09-01T13:36:27Z,algae_red,622,0.05337499999999999
2021-09-01T13:36:27Z,algae_red,624,0.053
2021-09-01T13:36:27Z,algae_red,626,0.05293333333333333
2021-09-01T13:36:27Z,algae_red,628,0.0527
2021-09-01T13:36:27Z,algae_red,630,0.052879999999999996
2021-09-01T13:36:27Z,algae_red,632,0.053279999999999994
2021-09-01T13:36:27Z,algae_red,634,0.05348749999999999
2021-09-01T13:36:27Z,algae_red,636,0.05389999999999998
2021-09-01T13:36:27Z,algae_red,638,0.0548333333333333
2021-09-01T13:36:27Z,algae_red,640,0.05651333333333329
2021-09-01T13:36:27Z,algae_red,642,0.05810000000000005
2021-09-01T13:36:27Z,algae_red,644,0.05972666666666669
2021-09-01T13:36:27Z,algae_red,646,0.06026000000000001
2021-09-01T13:36:27Z,algae_red,648,0.060737500000000014
2021-09-01T13:36:27Z,algae_red,650,0.06095999999999999
2021-09-01T13:36:27Z,algae_red,652,0.05994666666666665
2021-09-01T13:36:27Z,algae_red,654,0.0575533333333333
2021-09-01T13:36:27Z,algae_red,656,0.054259999999999954
2021-09-01T13:36:27Z,algae_red,658,0.050406249999999986
2021-09-01T13:36:27Z,algae_red,660,0.046799999999999994
2021-09-01T13:36:27Z,algae_red,662,0.0429
2021-09-01T13:36:27Z,algae_red,664,0.0395
2021-09-01T13:36:27Z,algae_red,666,0.037599999999999995
2021-09-01T13:36:27Z,algae_red,668,0.03663333333333333
2021-09-01T13:36:27Z,algae_red,670,0.03696666666666667
2021-09-01T13:36:27Z,algae_red,672,0.039
2021-09-01T13:36:27Z,algae_red,674,0.0426
2021-09-01T13:36:27Z,algae_red,676,0.0454
2021-09-01T13:36:27Z,algae_red,678,0.0499
2021-09-01T13:36:27Z,algae_red,680,0.05473333333333333
2021-09-01T13:36:27Z,algae_red,682,0.05853333333333333
2021-09-01T13:36:27Z,algae_red,684,0.0635
2021-09-01T13:36:27Z,algae_red,686,0.0711
2021-09-01T13:36:27Z,algae_red,688,0.08243333333333333
2021-09-01T13:36:27Z,algae_red,690,0.0928
2021-09-01T13:36:27Z,algae_red,692,0.10233333333333333
2021-09-01T13:36:27Z,algae_red,694,0.1142
2021-09-01T13:36:27Z,algae_red,696,0.1297
2021-09-01T13:36:27Z,algae_red,698,0.1472
2021-09-01T13:36:27Z,algae_red,700,0.16953333333333334
2021-09-01T13:36:27Z,algae_red,702,0.1949
2021-09-01T13:36:27Z,algae_red,704,0.22299999999999998
2021-09-01T13:36:27Z,algae_red,706,0.2506666666666667
2021-09-01T13:36:27Z,algae_red,708,0.27874666666666703
2021-09-01T13:36:27Z,algae_red,710,0.31136000000000036
2021-09-01T13:36:27Z,algae_red,712,0.3490933333333338
2021-09-01T13:36:27Z,algae_red,714,0.4120357142857151
2021-09-01T13:36:27Z,algae_red,716,0.4817266666666684
2021-09-01T13:36:27Z,algae_red,718,0.5820200000000026
2021-09-01T13:36:27Z,algae_red,720,0.718173333333335
2021-09-01T13:36:27Z,algae_red,722,0.8062000000000027
2021-09-01T13:36:27Z,algae_red,724,0.9071142857142842
2021-09-01T13:36:27Z,algae_red,726,0.9674399999999981
2021-09-01T13:36:27Z,algae_red,728,1.0685333333333307
2021-09-01T13:36:27Z,algae_red,730,1.1149
2021-09-01T13:36:27Z,algae_red,732,1.1439266666666668
2021-09-01T13:36:27Z,algae_red,734,1.212621428571428
2021-09-01T13:36:27Z,algae_red,736,1.23
2021-09-01T13:36:27Z,algae_red,738,1.1730714285714285
2021-09-01T13:36:27Z,algae_red,740,1.143986666666666
2021-09-01T13:36:27Z,algae_red,742,1.095507142857142
2021-09-01T13:36:27Z,algae_red,744,1.0297733333333328
2021-09-01T13:36:27Z,algae_red,746,1.0518800000000013
2021-09-01T13:36:27Z,algae_red,748,0.9791199999999968
2021-09-01T13:36:27Z,algae_red,750,1.0469066666666678
2021-09-01T13:36:27Z,algae_red,752,1.1153428571428556
2021-09-01T13:36:27Z,algae_red,754,1.023571428571428
2021-09-01T13:36:27Z,algae_red,756,0.9084666666666668
2021-09-01T13:36:27Z,algae_red,758,0.852133333333332
2021-09-01T13:36:27Z,algae_red,760,0.77
2021-09-01T13:36:27Z,algae_red,762,0.8444800000000028
2021-09-01T13:36:27Z,algae_red,764,0.7267200000000005
2021-09-01T13:36:27Z,algae_red,766,0.6817714285714298
2021-09-01T13:36:27Z,algae_red,768,0.5888800000000012
2021-09-01T13:36:27Z,algae_red,770,0.5331
2021-09-01T13:36:27Z,algae_red,772,0.5331
2021-09-01T13:36:27Z,algae_red,774,0.5514285714285718
2021-09-01T13:36:27Z,algae_red,776,0.5139999999999963
2021-09-01T13:36:27Z,algae_red,778,0.45
2021-09-01T13:36:27Z,algae_red,780,0.4439999999999986
2021-09-01T13:36:27Z,algae_red,782,0.5593071428571424
2021-09-01T13:36:27Z,algae_red,784,0.4767
2021-09-01T13:36:27Z,algae_red,786,0.32525714285714064
2021-09-01T13:36:27Z,algae_red,788,0.3972000000000048
2021-09-01T13:36:27Z,algae_red,790,0.41485714285714476
2021-09-01T13:36:27Z,algae_red,792,0.34178571428571447
2021-09-01T13:36:27Z,algae_red,794,0.4714
2021-09-01T13:36:27Z,algae_red,796,0.3850142857142865
2021-09-01T13:36:27Z,algae_red,798,0.3710599999999988
2021-09-01T13:36:27Z,algae_red,800,0.30349285714286073
2022-07-06T13:47:33Z,algae_brown,340,0.03150000000000021
2022-07-06T13:47:33Z,algae_brown,342,0.05551250000000004
2022-07-06T13:47:33Z,algae_brown,344,0.04614705882352941
2022-07-06T13:47:33Z,algae_brown,346,0.03267500000000005
2022-07-06T13:47:33Z,algae_brown,348,0.030805882352941304
2022-07-06T13:47:33Z,algae_brown,350,0.0217
2022-07-06T13:47:33Z,algae_brown,352,0.036688235294117896
2022-07-06T13:47:33Z,algae_brown,354,0.03335000000000007
2022-07-06T13:47:33Z,algae_brown,356,0.029099999999999866
2022-07-06T13:47:33Z,algae_brown,358,0.018982352941176468
2022-07-06T13:47:33Z,algae_brown,360,0.028787499999999962
2022-07-06T13:47:33Z,algae_brown,362,0.041664705882353006
2022-07-06T13:47:33Z,algae_brown,364,0.04208125000000004
2022-07-06T13:47:33Z,algae_brown,366,0.03178750000000001
2022-07-06T13:47:33Z,algae_brown,368,0.0435
2022-07-06T13:47:33Z,algae_brown,370,0.04672500000000007
2022-07-06T13:47:33Z,algae_brown,372,0.0368
2022-07-06T13:47:33Z,algae_brown,374,0.03539411764705882
2022-07-06T13:47:33Z,algae_brown,376,0.03425625000000003
2022-07-06T13:47:33Z,algae_brown,378,0.03817647058823535
2022-07-06T13:47:33Z,algae_brown,380,0.0405124999999999
2022-07-06T13:47:33Z,algae_brown,382,0.03619999999999996
2022-07-06T13:47:33Z,algae_brown,384,0.03594999999999999
2022-07-06T13:47:33Z,algae_brown,386,0.03219411764705884
2022-07-06T13:47:33Z,algae_brown,388,0.030899999999999987
2022-07-06T13:47:33Z,algae_brown,390,0.032875
2022-07-06T13:47:33Z,algae_brown,392,0.03416249999999999
2022-07-06T13:47:33Z,algae_brown,394,0.038900000000000004
2022-07-06T13:47:33Z,algae_brown,396,0.03610000000000002
2022-07-06T13:47:33Z,algae_brown,398,0.03585
2022-07-06T13:47:33Z,algae_brown,400,0.03552499999999999
2022-07-06T13:47:33Z,algae_brown,402,0.0334
2022-07-06T13:47:33Z,algae_brown,404,0.03499411764705882
2022-07-06T13:47:33Z,algae_brown,406,0.0357375
2022-07-06T13:47:33Z,algae_brown,408,0.03368749999999998
2022-07-06T13:47:33Z,algae_brown,410,0.031187500000000017
2022-07-06T13:47:33Z,algae_brown,412,0.030487499999999997
2022-07-06T13:47:33Z,algae_brown,414,0.030525000000000004
2022-07-06T13:47:33Z,algae_brown,416,0.0310625
2022-07-06T13:47:33Z,algae_brown,418,0.029676470588235287
2022-07-06T13:47:33Z,algae_brown,420,0.0288
2022-07-06T13:47:33Z,algae_brown,422,0.02849999999999999
2022-07-06T13:47:33Z,algae_brown,424,0.0279375
2022-07-06T13:47:33Z,algae_brown,426,0.028250000000000004
2022-07-06T13:47:33Z,algae_brown,428,0.02775
2022-07-06T13:47:33Z,algae_brown,430,0.0274
2022-07-06T13:47:33Z,algae_brown,432,0.026962500000000004
2022-07-06T13:47:33Z,algae_brown,434,0.026262499999999998
2022-07-06T13:47:33Z,algae_brown,436,0.025937500000000006
2022-07-06T13:47:33Z,algae_brown,438,0.0255375
2022-07-06T13:47:33Z,algae_brown,440,0.025350000000000004
2022-07-06T13:47:33Z,algae_brown,442,0.0256375
2022-07-06T13:47:33Z,algae_brown,444,0.025962499999999996
2022-07-06T13:47:33Z,algae_brown,446,0.026625000000000006
2022-07-06T13:47:33Z,algae_brown,448,0.027437499999999993
2022-07-06T13:47:33Z,algae_brown,450,0.0283125
2022-07-06T13:47:33Z,algae_brown,452,0.029087499999999995
2022-07-06T13:47:33Z,algae_brown,454,0.030000000000000006
2022-07-06T13:47:33Z,algae_brown,456,0.030812499999999996
2022-07-06T13:47:33Z,algae_brown,458,0.03135
2022-07-06T13:47:33Z,algae_brown,460,0.0319625
2022-07-06T13:47:33Z,algae_brown,462,0.032475000000000004
2022-07-06T13:47:33Z,algae_brown,464,0.0327875
2022-07-06T13:47:33Z,algae_brown,466,0.0329875
2022-07-06T13:47:33Z,algae_brown,468,0.03334
2022-07-06T13:47:33Z,algae_brown,470,0.033687499999999995
2022-07-06T13:47:33Z,algae_brown,472,0.03414375000000001
2022-07-06T13:47:33Z,algae_brown,474,0.034581249999999994
2022-07-06T13:47:33Z,algae_brown,476,0.03485625
2022-07-06T13:47:33Z,algae_brown,478,0.0351875
2022-07-06T13:47:33Z,algae_brown,480,0.03523125
2022-07-06T13:47:33Z,algae_brown,482,0.0349
2022-07-06T13:47:33Z,algae_brown,484,0.03440000000000001
2022-07-06T13:47:33Z,algae_brown,486,0.03405
2022-07-06T13:47:33Z,algae_brown,488,0.033699999999999994
2022-07-06T13:47:33Z,algae_brown,490,0.0331
2022-07-06T13:47:33Z,algae_brown,492,0.03276875
2022-07-06T13:47:33Z,algae_brown,494,0.03275625
2022-07-06T13:47:33Z,algae_brown,496,0.032799999999999996
2022-07-06T13:47:33Z,algae_brown,498,0.033049999999999996
2022-07-06T13:47:33Z,algae_brown,500,0.033587500000000006
2022-07-06T13:47:33Z,algae_brown,502,0.03439999999999999
2022-07-06T13:47:33Z,algae_brown,504,0.035633333333333315
2022-07-06T13:47:33Z,algae_brown,506,0.03690625
2022-07-06T13:47:33Z,algae_brown,508,0.03836875000000001
2022-07-06T13:47:33Z,algae_brown,510,0.03985625
2022-07-06T13:47:33Z,algae_brown,512,0.041100000000000005
2022-07-06T13:47:33Z,algae_brown,514,0.04209999999999999
2022-07-06T13:47:33Z,algae_brown,516,0.04301999999999998
2022-07-06T13:47:33Z,algae_brown,518,0.04395000000000002
2022-07-06T13:47:33Z,algae_brown,520,0.044612500000000006
2022-07-06T13:47:33Z,algae_brown,522,0.0449
2022-07-06T13:47:33Z,algae_brown,524,0.045225
2022-07-06T13:47:33Z,algae_brown,526,0.0453875
2022-07-06T13:47:33Z,algae_brown,528,0.045918749999999994
2022-07-06T13:47:33Z,algae_brown,530,0.04604666666666667
2022-07-06T13:47:33Z,algae_brown,532,0.046175
2022-07-06T13:47:33Z,algae_brown,534,0.0464
2022-07-06T13:47:33Z,algae_brown,536,0.0467625
2022-07-06T13:47:33Z,algae_brown,538,0.04712499999999999
2022-07-06T13:47:33Z,algae_brown,540,0.04764666666666665
2022-07-06T13:47:33Z,algae_brown,542,0.04816666666666668
2022-07-06T13:47:33Z,algae_brown,544,0.048818750000000015
2022-07-06T13:47:33Z,algae_brown,546,0.04958125000000001
2022-07-06T13:47:33Z,algae_brown,548,0.0507
2022-07-06T13:47:33Z,algae_brown,550,0.05169999999999999
2022-07-06T13:47:33Z,algae_brown,552,0.05277999999999998
2022-07-06T13:47:33Z,algae_brown,554,0.05393125000000002
2022-07-06T13:47:33Z,algae_brown,556,0.05512500000000003
2022-07-06T13:47:33Z,algae_brown,558,0.05640000000000001
2022-07-06T13:47:33Z,algae_brown,560,0.05761875
2022-07-06T13:47:33Z,algae_brown,562,0.0587
2022-07-06T13:47:33Z,algae_brown,564,0.05951333333333332
2022-07-06T13:47:33Z,algae_brown,566,0.06060624999999998
2022-07-06T13:47:33Z,algae_brown,568,0.06186666666666664
2022-07-06T13:47:33Z,algae_brown,570,0.06362666666666672
2022-07-06T13:47:33Z,algae_brown,572,0.06584375000000003
2022-07-06T13:47:33Z,algae_brown,574,0.06819333333333336
2022-07-06T13:47:33Z,algae_brown,576,0.071
2022-07-06T13:47:33Z,algae_brown,578,0.07414999999999998
2022-07-06T13:47:33Z,algae_brown,580,0.07717999999999997
2022-07-06T13:47:33Z,algae_brown,582,0.07993749999999994
2022-07-06T13:47:33Z,algae_brown,584,0.08221999999999995
2022-07-06T13:47:33Z,algae_brown,586,0.08435
2022-07-06T13:47:33Z,algae_brown,588,0.08632000000000004
2022-07-06T13:47:33Z,algae_brown,590,0.08843333333333336
2022-07-06T13:47:33Z,algae_brown,592,0.090825
2022-07-06T13:47:33Z,algae_brown,594,0.0925
2022-07-06T13:47:33Z,algae_brown,596,0.0942
2022-07-06T13:47:33Z,algae_brown,598,0.09558666666666664
2022-07-06T13:47:33Z,algae_brown,600,0.09654999999999998
2022-07-06T13:47:33Z,algae_brown,602,0.09707333333333333
2022-07-06T13:47:33Z,algae_brown,604,0.09691250000000003
2022-07-06T13:47:33Z,algae_brown,606,0.09558666666666663
2022-07-06T13:47:33Z,algae_brown,608,0.09371999999999994
2022-07-06T13:47:33Z,algae_brown,610,0.09137999999999998
2022-07-06T13:47:33Z,algae_brown,612,0.08893999999999996
2022-07-06T13:47:33Z,algae_brown,614,0.08649375
2022-07-06T13:47:33Z,algae_brown,616,0.0842
2022-07-06T13:47:33Z,algae_brown,618,0.08233333333333333
2022-07-06T13:47:33Z,algae_brown,620,0.080775
2022-07-06T13:47:33Z,algae_brown,622,0.07984000000000002
2022-07-06T13:47:33Z,algae_brown,624,0.07930000000000001
2022-07-06T13:47:33Z,algae_brown,626,0.079
2022-07-06T13:47:33Z,algae_brown,628,0.07891333333333334
2022-07-06T13:47:33Z,algae_brown,630,0.07892500000000001
2022-07-06T13:47:33Z,algae_brown,632,0.07850666666666666
2022-07-06T13:47:33Z,algae_brown,634,0.0784
2022-07-06T13:47:33Z,algae_brown,636,0.07913333333333336
2022-07-06T13:47:33Z,algae_brown,638,0.08052500000000003
2022-07-06T13:47:33Z,algae_brown,640,0.08200666666666669
2022-07-06T13:47:33Z,algae_brown,642,0.0834866666666667
2022-07-06T13:47:33Z,algae_brown,644,0.08510000000000002
2022-07-06T13:47:33Z,algae_brown,646,0.08631875
2022-07-06T13:47:33Z,algae_brown,648,0.08710000000000001
2022-07-06T13:47:33Z,algae_brown,650,0.08663333333333333
2022-07-06T13:47:33Z,algae_brown,652,0.08503333333333332
2022-07-06T13:47:33Z,algae_brown,654,0.0824
2022-07-06T13:47:33Z,algae_brown,656,0.07786666666666667
2022-07-06T13:47:33Z,algae_brown,658,0.07258750000000004
2022-07-06T13:47:33Z,algae_brown,660,0.06670000000000006
2022-07-06T13:47:33Z,algae_brown,662,0.060673333333333405
2022-07-06T13:47:33Z,algae_brown,664,0.05472000000000007
2022-07-06T13:47:33Z,algae_brown,666,0.050106666666666716
2022-07-06T13:47:33Z,algae_brown,668,0.047926666666666694
2022-07-06T13:47:33Z,algae_brown,670,0.04654000000000001
2022-07-06T13:47:33Z,algae_brown,672,0.04648666666666667
2022-07-06T13:47:33Z,algae_brown,674,0.04682666666666664
2022-07-06T13:47:33Z,algae_brown,676,0.04841999999999999
2022-07-06T13:47:33Z,algae_brown,678,0.04981999999999998
2022-07-06T13:47:33Z,algae_brown,680,0.0523333333333333
2022-07-06T13:47:33Z,algae_brown,682,0.05499999999999997
2022-07-06T13:47:33Z,algae_brown,684,0.05943999999999994
2022-07-06T13:47:33Z,algae_brown,686,0.06619333333333322
2022-07-06T13:47:33Z,algae_brown,688,0.07673999999999986
2022-07-06T13:47:33Z,algae_brown,690,0.0867399999999999
2022-07-06T13:47:33Z,algae_brown,692,0.09700666666666652
2022-07-06T13:47:33Z,algae_brown,694,0.10935999999999987
2022-07-06T13:47:33Z,algae_brown,696,0.12419999999999981
2022-07-06T13:47:33Z,algae_brown,698,0.14340666666666643
2022-07-06T13:47:33Z,algae_brown,700,0.1623199999999998
2022-07-06T13:47:33Z,algae_brown,702,0.18167999999999976
2022-07-06T13:47:33Z,algae_brown,704,0.20253333333333334
2022-07-06T13:47:33Z,algae_brown,706,0.22533333333333333
2022-07-06T13:47:33Z,algae_brown,708,0.2462
2022-07-06T13:47:33Z,algae_brown,710,0.26376666666666665
2022-07-06T13:47:33Z,algae_brown,712,0.2855666666666667
2022-07-06T13:47:33Z,algae_brown,714,0.3128866666666671
2022-07-06T13:47:33Z,algae_brown,716,0.3494600000000004
2022-07-06T13:47:33Z,algae_brown,718,0.38706666666666717
2022-07-06T13:47:33Z,algae_brown,720,0.44865000000000066
2022-07-06T13:47:33Z,algae_brown,722,0.5001666666666676
2022-07-06T13:47:33Z,algae_brown,724,0.5425400000000009
2022-07-06T13:47:33Z,algae_brown,726,0.5996571428571428
2022-07-06T13:47:33Z,algae_brown,728,0.6086933333333328
2022-07-06T13:47:33Z,algae_brown,730,0.6272399999999997
2022-07-06T13:47:33Z,algae_brown,732,0.6165928571428573
2022-07-06T13:47:33Z,algae_brown,734,0.6562799999999989
2022-07-06T13:47:33Z,algae_brown,736,0.6333066666666676
2022-07-06T13:47:33Z,algae_brown,738,0.6314000000000001
2022-07-06T13:47:33Z,algae_brown,740,0.5972
2022-07-06T13:47:33Z,algae_brown,742,0.5625
2022-07-06T13:47:33Z,algae_brown,744,0.6117000000000008
2022-07-06T13:47:33Z,algae_brown,746,0.6054214285714272
2022-07-06T13:47:33Z,algae_brown,748,0.5685466666666661
2022-07-06T13:47:33Z,algae_brown,750,0.58055
2022-07-06T13:47:33Z,algae_brown,752,0.5630000000000017
2022-07-06T13:47:33Z,algae_brown,754,0.5436857142857159
2022-07-06T13:47:33Z,algae_brown,756,0.4833200000000004
2022-07-06T13:47:33Z,algae_brown,758,0.4167
2022-07-06T13:47:33Z,algae_brown,760,0.40057857142857173
2022-07-06T13:47:33Z,algae_brown,762,0.4560333333333338
2022-07-06T13:47:33Z,algae_brown,764,0.38812666666666557
2022-07-06T13:47:33Z,algae_brown,766,0.35710000000000003
2022-07-06T13:47:33Z,algae_brown,768,0.32650000000000085
2022-07-06T13:47:33Z,algae_brown,770,0.400392857142855
2022-07-06T13:47:33Z,algae_brown,772,0.3473428571428582
2022-07-06T13:47:33Z,algae_brown,774,0.23079999999999998
2022-07-06T13:47:33Z,algae_brown,776,0.2196999999999997
2022-07-06T13:47:33Z,algae_brown,778,0.19572857142857097
2022-07-06T13:47:33Z,algae_brown,780,0.3071714285714311
2022-07-06T13:47:33Z,algae_brown,782,0.3466666666666697
2022-07-06T13:47:33Z,algae_brown,784,0.2324928571428584
2022-07-06T13:47:33Z,algae_brown,786,0.1712
2022-07-06T13:47:33Z,algae_brown,788,0.24128571428571577
2022-07-06T13:47:33Z,algae_brown,790,0.0909
2022-07-06T13:47:33Z,algae_brown,792,0.0871
2022-07-06T13:47:33Z,algae_brown,794,0.10911428571428522
2022-07-06T13:47:33Z,algae_brown,796,0.24799999999999894
2022-07-06T13:47:33Z,algae_brown,798,0.22321428571428426
2022-07-06T13:47:33Z,algae_brown,800,0.240078571428569
2022-07-06T13:48:22Z,algae_brown,340,0.02401176470588234
2022-07-06T13:48:22Z,algae_brown,342,0.02131250000000005
2022-07-06T13:48:22Z,algae_brown,344,0.015517647058823573
2022-07-06T13:48:22Z,algae_brown,346,0.029112499999999975
2022-07-06T13:48:22Z,algae_brown,348,0.03348823529411764
2022-07-06T13:48:22Z,algae_brown,350,0.0326
2022-07-06T13:48:22Z,algae_brown,352,0.01755294117647023
2022-07-06T13:48:22Z,algae_brown,354,0.044825000000000025
2022-07-06T13:48:22Z,algae_brown,356,0.04257499999999995
2022-07-06T13:48:22Z,algae_brown,358,0.029582352941176407
2022-07-06T13:48:22Z,algae_brown,360,-0.008137500000000042
2022-07-06T13:48:22Z,algae_brown,362,0
2022-07-06T13:48:22Z,algae_brown,364,0.004781249999999982
2022-07-06T13:48:22Z,algae_brown,366,0.02060624999999993
2022-07-06T13:48:22Z,algae_brown,368,0.0362
2022-07-06T13:48:22Z,algae_brown,370,0.02772500000000025
2022-07-06T13:48:22Z,algae_brown,372,0.0066500000000000005
2022-07-06T13:48:22Z,algae_brown,374,0.01482941176470586
2022-07-06T13:48:22Z,algae_brown,376,0.02242499999999994
2022-07-06T13:48:22Z,algae_brown,378,0.020870588235294106
2022-07-06T13:48:22Z,algae_brown,380,0.01777499999999995
2022-07-06T13:48:22Z,algae_brown,382,0.014275000000000001
2022-07-06T13:48:22Z,algae_brown,384,0.013499999999999996
2022-07-06T13:48:22Z,algae_brown,386,0.016582352941176454
2022-07-06T13:48:22Z,algae_brown,388,0.01804375000000001
2022-07-06T13:48:22Z,algae_brown,390,0.01395625000000001
2022-07-06T13:48:22Z,algae_brown,392,0.009218750000000015
2022-07-06T13:48:22Z,algae_brown,394,0.0167
2022-07-06T13:48:22Z,algae_brown,396,0.016625000000000018
2022-07-06T13:48:22Z,algae_brown,398,0.015550000000000001
2022-07-06T13:48:22Z,algae_brown,400,0.010499999999999936
2022-07-06T13:48:22Z,algae_brown,402,0.0103
2022-07-06T13:48:22Z,algae_brown,404,0.011388235294117657
2022-07-06T13:48:22Z,algae_brown,406,0.011181250000000004
2022-07-06T13:48:22Z,algae_brown,408,0.010906249999999994
2022-07-06T13:48:22Z,algae_brown,410,0.01040625
2022-07-06T13:48:22Z,algae_brown,412,0.008918749999999993
2022-07-06T13:48:22Z,algae_brown,414,0.008356250000000003
2022-07-06T13:48:22Z,algae_brown,416,0.008649999999999996
2022-07-06T13:48:22Z,algae_brown,418,0.00910588235294118
2022-07-06T13:48:22Z,algae_brown,420,0.0088
2022-07-06T13:48:22Z,algae_brown,422,0.008274999999999987
2022-07-06T13:48:22Z,algae_brown,424,0.007212500000000003
2022-07-06T13:48:22Z,algae_brown,426,0.0071875
2022-07-06T13:48:22Z,algae_brown,428,0.007437499999999999
2022-07-06T13:48:22Z,algae_brown,430,0.007437499999999994
2022-07-06T13:48:22Z,algae_brown,432,0.0064375000000000075
2022-07-06T13:48:22Z,algae_brown,434,0.006362500000000002
2022-07-06T13:48:22Z,algae_brown,436,0.0063624999999999975
2022-07-06T13:48:22Z,algae_brown,438,0.006724999999999998
2022-07-06T13:48:22Z,algae_brown,440,0.0067874999999999975
2022-07-06T13:48:22Z,algae_brown,442,0.006724999999999999
2022-07-06T13:48:22Z,algae_brown,444,0.006687500000000001
2022-07-06T13:48:22Z,algae_brown,446,0.006637500000000001
2022-07-06T13:48:22Z,algae_brown,448,0.006637500000000001
2022-07-06T13:48:22Z,algae_brown,450,0.0067750000000000015
2022-07-06T13:48:22Z,algae_brown,452,0.0068125
2022-07-06T13:48:22Z,algae_brown,454,0.006937500000000001
2022-07-06T13:48:22Z,algae_brown,456,0.0070624999999999985
2022-07-06T13:48:22Z,algae_brown,458,0.0070999999999999995
2022-07-06T13:48:22Z,algae_brown,460,0.0068249999999999995
2022-07-06T13:48:22Z,algae_brown,462,0.006962499999999998
2022-07-06T13:48:22Z,algae_brown,464,0.007024999999999998
2022-07-06T13:48:22Z,algae_brown,466,0.007362500000000002
2022-07-06T13:48:22Z,algae_brown,468,0.007513333333333332
2022-07-06T13:48:22Z,algae_brown,470,0.007687500000000001
2022-07-06T13:48:22Z,algae_brown,472,0.007937500000000002
2022-07-06T13:48:22Z,algae_brown,474,0.008281249999999997
2022-07-06T13:48:22Z,algae_brown,476,0.0084375
2022-07-06T13:48:22Z,algae_brown,478,0.008731250000000001
2022-07-06T13:48:22Z,algae_brown,480,0.008968750000000001
2022-07-06T13:48:22Z,algae_brown,482,0.0092
2022-07-06T13:48:22Z,algae_brown,484,0.0092
2022-07-06T13:48:22Z,algae_brown,486,0.009250000000000001
2022-07-06T13:48:22Z,algae_brown,488,0.009224999999999999
2022-07-06T13:48:22Z,algae_brown,490,0.0095
2022-07-06T13:48:22Z,algae_brown,492,0.00963125
2022-07-06T13:48:22Z,algae_brown,494,0.0095875
2022-07-06T13:48:22Z,algae_brown,496,0.0096625
2022-07-06T13:48:22Z,algae_brown,498,0.009637499999999998
2022-07-06T13:48:22Z,algae_brown,500,0.010012500000000002
2022-07-06T13:48:22Z,algae_brown,502,0.010262499999999999
2022-07-06T13:48:22Z,algae_brown,504,0.010486666666666665
2022-07-06T13:48:22Z,algae_brown,506,0.01081875
2022-07-06T13:48:22Z,algae_brown,508,0.011031250000000001
2022-07-06T13:48:22Z,algae_brown,510,0.011406250000000001
2022-07-06T13:48:22Z,algae_brown,512,0.0118
2022-07-06T13:48:22Z,algae_brown,514,0.012149999999999996
2022-07-06T13:48:22Z,algae_brown,516,0.01251333333333332
2022-07-06T13:48:22Z,algae_brown,518,0.013025000000000007
2022-07-06T13:48:22Z,algae_brown,520,0.013518750000000005
2022-07-06T13:48:22Z,algae_brown,522,0.013866666666666666
2022-07-06T13:48:22Z,algae_brown,524,0.014187499999999997
2022-07-06T13:48:22Z,algae_brown,526,0.014562499999999992
2022-07-06T13:48:22Z,algae_brown,528,0.01509374999999999
2022-07-06T13:48:22Z,algae_brown,530,0.01573333333333335
2022-07-06T13:48:22Z,algae_brown,532,0.016225000000000003
2022-07-06T13:48:22Z,algae_brown,534,0.0168
2022-07-06T13:48:22Z,algae_brown,536,0.017456249999999996
2022-07-06T13:48:22Z,algae_brown,538,0.01808124999999999
2022-07-06T13:48:22Z,algae_brown,540,0.018819999999999983
2022-07-06T13:48:22Z,algae_brown,542,0.019593333333333355
2022-07-06T13:48:22Z,algae_brown,544,0.02055000000000002
2022-07-06T13:48:22Z,algae_brown,546,0.021550000000000003
2022-07-06T13:48:22Z,algae_brown,548,0.022799999999999997
2022-07-06T13:48:22Z,algae_brown,550,0.02407499999999998
2022-07-06T13:48:22Z,algae_brown,552,0.025593333333333294
2022-07-06T13:48:22Z,algae_brown,554,0.027175000000000022
2022-07-06T13:48:22Z,algae_brown,556,0.028987500000000038
2022-07-06T13:48:22Z,algae_brown,558,0.030940000000000023
2022-07-06T13:48:22Z,algae_brown,560,0.03306875000000001
2022-07-06T13:48:22Z,algae_brown,562,0.0353
2022-07-06T13:48:22Z,algae_brown,564,0.037226666666666644
2022-07-06T13:48:22Z,algae_brown,566,0.039187499999999965
2022-07-06T13:48:22Z,algae_brown,568,0.04092666666666663
2022-07-06T13:48:22Z,algae_brown,570,0.0424466666666667
2022-07-06T13:48:22Z,algae_brown,572,0.04375000000000002
2022-07-06T13:48:22Z,algae_brown,574,0.044786666666666676
2022-07-06T13:48:22Z,algae_brown,576,0.0455
2022-07-06T13:48:22Z,algae_brown,578,0.0460625
2022-07-06T13:48:22Z,algae_brown,580,0.046259999999999996
2022-07-06T13:48:22Z,algae_brown,582,0.0463
2022-07-06T13:48:22Z,algae_brown,584,0.04618
2022-07-06T13:48:22Z,algae_brown,586,0.04605
2022-07-06T13:48:22Z,algae_brown,588,0.046
2022-07-06T13:48:22Z,algae_brown,590,0.04634000000000001
2022-07-06T13:48:22Z,algae_brown,592,0.047200000000000006
2022-07-06T13:48:22Z,algae_brown,594,0.04843333333333333
2022-07-06T13:48:22Z,algae_brown,596,0.049800000000000004
2022-07-06T13:48:22Z,algae_brown,598,0.050886666666666656
2022-07-06T13:48:22Z,algae_brown,600,0.051681249999999984
2022-07-06T13:48:22Z,algae_brown,602,0.052073333333333326
2022-07-06T13:48:22Z,algae_brown,604,0.051768750000000016
2022-07-06T13:48:22Z,algae_brown,606,0.05068666666666664
2022-07-06T13:48:22Z,algae_brown,608,0.04889999999999996
2022-07-06T13:48:22Z,algae_brown,610,0.04685999999999997
2022-07-06T13:48:22Z,algae_brown,612,0.04425999999999998
2022-07-06T13:48:22Z,algae_brown,614,0.042199999999999994
2022-07-06T13:48:22Z,algae_brown,616,0.0404
2022-07-06T13:48:22Z,algae_brown,618,0.03886666666666667
2022-07-06T13:48:22Z,algae_brown,620,0.03725000000000001
2022-07-06T13:48:22Z,algae_brown,622,0.03605333333333335
2022-07-06T13:48:22Z,algae_brown,624,0.035625000000000004
2022-07-06T13:48:22Z,algae_brown,626,0.03529333333333334
2022-07-06T13:48:22Z,algae_brown,628,0.03502666666666668
2022-07-06T13:48:22Z,algae_brown,630,0.03422500000000001
2022-07-06T13:48:22Z,algae_brown,632,0.033713333333333324
2022-07-06T13:48:22Z,algae_brown,634,0.032939999999999976
2022-07-06T13:48:22Z,algae_brown,636,0.03265333333333334
2022-07-06T13:48:22Z,algae_brown,638,0.033
2022-07-06T13:48:22Z,algae_brown,640,0.03373333333333335
2022-07-06T13:48:22Z,algae_brown,642,0.03489333333333335
2022-07-06T13:48:22Z,algae_brown,644,0.03664000000000002
2022-07-06T13:48:22Z,algae_brown,646,0.03723125
2022-07-06T13:48:22Z,algae_brown,648,0.0379
2022-07-06T13:48:22Z,algae_brown,650,0.037533333333333335
2022-07-06T13:48:22Z,algae_brown,652,0.03606666666666667
2022-07-06T13:48:22Z,algae_brown,654,0.0336
2022-07-06T13:48:22Z,algae_brown,656,0.0305
2022-07-06T13:48:22Z,algae_brown,658,0.026750000000000024
2022-07-06T13:48:22Z,algae_brown,660,0.02327333333333337
2022-07-06T13:48:22Z,algae_brown,662,0.02057333333333336
2022-07-06T13:48:22Z,algae_brown,664,0.018860000000000016
2022-07-06T13:48:22Z,algae_brown,666,0.017473333333333348
2022-07-06T13:48:22Z,algae_brown,668,0.017886666666666634
2022-07-06T13:48:22Z,algae_brown,670,0.02027999999999998
2022-07-06T13:48:22Z,algae_brown,672,0.02341333333333329
2022-07-06T13:48:22Z,algae_brown,674,0.02692666666666662
2022-07-06T13:48:22Z,algae_brown,676,0.03033999999999997
2022-07-06T13:48:22Z,algae_brown,678,0.03427333333333328
2022-07-06T13:48:22Z,algae_brown,680,0.038806666666666614
2022-07-06T13:48:22Z,algae_brown,682,0.04345999999999994
2022-07-06T13:48:22Z,algae_brown,684,0.046953333333333305
2022-07-06T13:48:22Z,algae_brown,686,0.05221333333333323
2022-07-06T13:48:22Z,algae_brown,688,0.06211999999999988
2022-07-06T13:48:22Z,algae_brown,690,0.07295999999999987
2022-07-06T13:48:22Z,algae_brown,692,0.08315999999999986
2022-07-06T13:48:22Z,algae_brown,694,0.09709999999999983
2022-07-06T13:48:22Z,algae_brown,696,0.11308666666666649
2022-07-06T13:48:22Z,algae_brown,698,0.13193999999999978
2022-07-06T13:48:22Z,algae_brown,700,0.15427999999999975
2022-07-06T13:48:22Z,algae_brown,702,0.1766133333333331
2022-07-06T13:48:22Z,algae_brown,704,0.20033333333333334
2022-07-06T13:48:22Z,algae_brown,706,0.22426666666666667
2022-07-06T13:48:22Z,algae_brown,708,0.25129999999999997
2022-07-06T13:48:22Z,algae_brown,710,0.2728333333333333
2022-07-06T13:48:22Z,algae_brown,712,0.2967666666666667
2022-07-06T13:48:22Z,algae_brown,714,0.3252733333333338
2022-07-06T13:48:22Z,algae_brown,716,0.3721400000000006
2022-07-06T13:48:22Z,algae_brown,718,0.4300466666666674
2022-07-06T13:48:22Z,algae_brown,720,0.5096500000000009
2022-07-06T13:48:22Z,algae_brown,722,0.5771200000000013
2022-07-06T13:48:22Z,algae_brown,724,0.6455200000000016
2022-07-06T13:48:22Z,algae_brown,726,0.7513000000000011
2022-07-06T13:48:22Z,algae_brown,728,0.7909933333333334
2022-07-06T13:48:22Z,algae_brown,730,0.8480866666666645
2022-07-06T13:48:22Z,algae_brown,732,0.8602285714285705
2022-07-06T13:48:22Z,algae_brown,734,0.9548399999999982
2022-07-06T13:48:22Z,algae_brown,736,0.9481066666666675
2022-07-06T13:48:22Z,algae_brown,738,0.9546
2022-07-06T13:48:22Z,algae_brown,740,0.9514
2022-07-06T13:48:22Z,algae_brown,742,0.8957999999999999
2022-07-06T13:48:22Z,algae_brown,744,0.9959000000000008
2022-07-06T13:48:22Z,algae_brown,746,0.9676999999999979
2022-07-06T13:48:22Z,algae_brown,748,0.9214533333333317
2022-07-06T13:48:22Z,algae_brown,750,0.86805
2022-07-06T13:48:22Z,algae_brown,752,0.8370066666666675
2022-07-06T13:48:22Z,algae_brown,754,0.7875928571428559
2022-07-06T13:48:22Z,algae_brown,756,0.7794000000000011
2022-07-06T13:48:22Z,algae_brown,758,0.7222
2022-07-06T13:48:22Z,algae_brown,760,0.673
2022-07-06T13:48:22Z,algae_brown,762,0.6754266666666668
2022-07-06T13:48:22Z,algae_brown,764,0.6690666666666645
2022-07-06T13:48:22Z,algae_brown,766,0.5737799999999978
2022-07-06T13:48:22Z,algae_brown,768,0.5051000000000008
2022-07-06T13:48:22Z,algae_brown,770,0.5693571428571439
2022-07-06T13:48:22Z,algae_brown,772,0.446042857142858
2022-07-06T13:48:22Z,algae_brown,774,0.3077
2022-07-06T13:48:22Z,algae_brown,776,0.35760000000000147
2022-07-06T13:48:22Z,algae_brown,778,0.3914785714285705
2022-07-06T13:48:22Z,algae_brown,780,0.4642571428571438
2022-07-06T13:48:22Z,algae_brown,782,0.4733333333333348
2022-07-06T13:48:22Z,algae_brown,784,0.3697714285714301
2022-07-06T13:48:22Z,algae_brown,786,0.2682
2022-07-06T13:48:22Z,algae_brown,788,0.33807142857142836
2022-07-06T13:48:22Z,algae_brown,790,0.2273
2022-07-06T13:48:22Z,algae_brown,792,0.17615
2022-07-06T13:48:22Z,algae_brown,794,0.21525714285714115
2022-07-06T13:48:22Z,algae_brown,796,0.25200000000000106
2022-07-06T13:48:22Z,algae_brown,798,0.23214285714285787
2022-07-06T13:48:22Z,algae_brown,800,0.30604999999999843
2022-07-06T13:54:07Z,algae_brown,340,-0.008676470588235294
2022-07-06T13:54:07Z,algae_brown,342,0.0260125
2022-07-06T13:54:07Z,algae_brown,344,0.01943529411764699
2022-07-06T13:54:07Z,algae_brown,346,0.008162500000000001
2022-07-06T13:54:07Z,algae_brown,348,0.025335294117647327
2022-07-06T13:54:07Z,algae_brown,350,0.0075
2022-07-06T13:54:07Z,algae_brown,352,0.0147
2022-07-06T13:54:07Z,algae_brown,354,0.014393749999999997
2022-07-06T13:54:07Z,algae_brown,356,0.004374999999999938
2022-07-06T13:54:07Z,algae_brown,358,-0.005911764705882392
2022-07-06T13:54:07Z,algae_brown,360,7.499999999999733e-4
2022-07-06T13:54:07Z,algae_brown,362,0.010129411764705928
2022-07-06T13:54:07Z,algae_brown,364,0.014156250000000013
2022-07-06T13:54:07Z,algae_brown,366,0.002137500000000051
2022-07-06T13:54:07Z,algae_brown,368,0.0103
2022-07-06T13:54:07Z,algae_brown,370,-0.0011249999999999602
2022-07-06T13:54:07Z,algae_brown,372,-0.0044
2022-07-06T13:54:07Z,algae_brown,374,-0.0012647058823529495
2022-07-06T13:54:07Z,algae_brown,376,0.0035624999999999494
2022-07-06T13:54:07Z,algae_brown,378,0.007358823529411785
2022-07-06T13:54:07Z,algae_brown,380,0.008262499999999971
2022-07-06T13:54:07Z,algae_brown,382,0.01169999999999992
2022-07-06T13:54:07Z,algae_brown,384,0.01692500000000001
2022-07-06T13:54:07Z,algae_brown,386,0.009270588235294164
2022-07-06T13:54:07Z,algae_brown,388,0.0028937499999999914
2022-07-06T13:54:07Z,algae_brown,390,0.003975000000000001
2022-07-06T13:54:07Z,algae_brown,392,0.006562499999999985
2022-07-06T13:54:07Z,algae_brown,394,0.0087
2022-07-06T13:54:07Z,algae_brown,396,0.005149999999999981
2022-07-06T13:54:07Z,algae_brown,398,0.005600000000000001
2022-07-06T13:54:07Z,algae_brown,400,0.0044750000000000015
2022-07-06T13:54:07Z,algae_brown,402,0.004699999999999999
2022-07-06T13:54:07Z,algae_brown,404,0.005441176470588248
2022-07-06T13:54:07Z,algae_brown,406,0.0046875
2022-07-06T13:54:07Z,algae_brown,408,0.0044562499999999975
2022-07-06T13:54:07Z,algae_brown,410,0.0025187500000000253
2022-07-06T13:54:07Z,algae_brown,412,0.004125000000000005
2022-07-06T13:54:07Z,algae_brown,414,0.004924999999999999
2022-07-06T13:54:07Z,algae_brown,416,0.005043750000000002
2022-07-06T13:54:07Z,algae_brown,418,0.004317647058823523
2022-07-06T13:54:07Z,algae_brown,420,0.0030875000000000004
2022-07-06T13:54:07Z,algae_brown,422,0.003112500000000003
2022-07-06T13:54:07Z,algae_brown,424,0.003237500000000001
2022-07-06T13:54:07Z,algae_brown,426,0.0039000000000000037
2022-07-06T13:54:07Z,algae_brown,428,0.004162500000000001
2022-07-06T13:54:07Z,algae_brown,430,0.0039000000000000003
2022-07-06T13:54:07Z,algae_brown,432,0.0037125000000000027
2022-07-06T13:54:07Z,algae_brown,434,0.0033374999999999985
2022-07-06T13:54:07Z,algae_brown,436,0.0032124999999999996
2022-07-06T13:54:07Z,algae_brown,438,0.003337500000000001
2022-07-06T13:54:07Z,algae_brown,440,0.003275000000000002
2022-07-06T13:54:07Z,algae_brown,442,0.0032875000000000005
2022-07-06T13:54:07Z,algae_brown,444,0.0033875000000000008
2022-07-06T13:54:07Z,algae_brown,446,0.003337500000000001
2022-07-06T13:54:07Z,algae_brown,448,0.003462499999999999
2022-07-06T13:54:07Z,algae_brown,450,0.0035875000000000004
2022-07-06T13:54:07Z,algae_brown,452,0.0037875000000000005
2022-07-06T13:54:07Z,algae_brown,454,0.003737500000000001
2022-07-06T13:54:07Z,algae_brown,456,0.0038
2022-07-06T13:54:07Z,algae_brown,458,0.0038
2022-07-06T13:54:07Z,algae_brown,460,0.0039125
2022-07-06T13:54:07Z,algae_brown,462,0.003962499999999999
2022-07-06T13:54:07Z,algae_brown,464,0.004087499999999997
2022-07-06T13:54:07Z,algae_brown,466,0.0042875000000000005
2022-07-06T13:54:07Z,algae_brown,468,0.004286666666666668
2022-07-06T13:54:07Z,algae_brown,470,0.0042875000000000005
2022-07-06T13:54:07Z,algae_brown,472,0.0044687500000000005
2022-07-06T13:54:07Z,algae_brown,474,0.004781249999999996
2022-07-06T13:54:07Z,algae_brown,476,0.00481875
2022-07-06T13:54:07Z,algae_brown,478,0.00494375
2022-07-06T13:54:07Z,algae_brown,480,0.005137500000000001
2022-07-06T13:54:07Z,algae_brown,482,0.0054
2022-07-06T13:54:07Z,algae_brown,484,0.0055249999999999995
2022-07-06T13:54:07Z,algae_brown,486,0.0055000000000000005
2022-07-06T13:54:07Z,algae_brown,488,0.0054750000000000016
2022-07-06T13:54:07Z,algae_brown,490,0.005600000000000001
2022-07-06T13:54:07Z,algae_brown,492,0.00563125
2022-07-06T13:54:07Z,algae_brown,494,0.00564375
2022-07-06T13:54:07Z,algae_brown,496,0.005681249999999999
2022-07-06T13:54:07Z,algae_brown,498,0.005812499999999999
2022-07-06T13:54:07Z,algae_brown,500,0.005975000000000001
2022-07-06T13:54:07Z,algae_brown,502,0.0060999999999999995
2022-07-06T13:54:07Z,algae_brown,504,0.0062866666666666635
2022-07-06T13:54:07Z,algae_brown,506,0.006537500000000002
2022-07-06T13:54:07Z,algae_brown,508,0.0067875
2022-07-06T13:54:07Z,algae_brown,510,0.00696875
2022-07-06T13:54:07Z,algae_brown,512,0.0073
2022-07-06T13:54:07Z,algae_brown,514,0.007574999999999995
2022-07-06T13:54:07Z,algae_brown,516,0.007959999999999991
2022-07-06T13:54:07Z,algae_brown,518,0.008262500000000004
2022-07-06T13:54:07Z,algae_brown,520,0.008612500000000002
2022-07-06T13:54:07Z,algae_brown,522,0.0089
2022-07-06T13:54:07Z,algae_brown,524,0.009224999999999999
2022-07-06T13:54:07Z,algae_brown,526,0.009562499999999991
2022-07-06T13:54:07Z,algae_brown,528,0.009856249999999993
2022-07-06T13:54:07Z,algae_brown,530,0.010193333333333339
2022-07-06T13:54:07Z,algae_brown,532,0.010525000000000005
2022-07-06T13:54:07Z,algae_brown,534,0.0109
2022-07-06T13:54:07Z,algae_brown,536,0.01129375
2022-07-06T13:54:07Z,algae_brown,538,0.01172499999999999
2022-07-06T13:54:07Z,algae_brown,540,0.012246666666666654
2022-07-06T13:54:07Z,algae_brown,542,0.012753333333333346
2022-07-06T13:54:07Z,algae_brown,544,0.013318750000000011
2022-07-06T13:54:07Z,algae_brown,546,0.013943750000000003
2022-07-06T13:54:07Z,algae_brown,548,0.0148
2022-07-06T13:54:07Z,algae_brown,550,0.015699999999999985
2022-07-06T13:54:07Z,algae_brown,552,0.016726666666666643
2022-07-06T13:54:07Z,algae_brown,554,0.017831250000000017
2022-07-06T13:54:07Z,algae_brown,556,0.019125000000000027
2022-07-06T13:54:07Z,algae_brown,558,0.020440000000000017
2022-07-06T13:54:07Z,algae_brown,560,0.021925000000000004
2022-07-06T13:54:07Z,algae_brown,562,0.0235
2022-07-06T13:54:07Z,algae_brown,564,0.025119999999999983
2022-07-06T13:54:07Z,algae_brown,566,0.026674999999999977
2022-07-06T13:54:07Z,algae_brown,568,0.0281533333333333
2022-07-06T13:54:07Z,algae_brown,570,0.029406666666666692
2022-07-06T13:54:07Z,algae_brown,572,0.030406250000000017
2022-07-06T13:54:07Z,algae_brown,574,0.031166666666666676
2022-07-06T13:54:07Z,algae_brown,576,0.0318
2022-07-06T13:54:07Z,algae_brown,578,0.032225
2022-07-06T13:54:07Z,algae_brown,580,0.03256
2022-07-06T13:54:07Z,algae_brown,582,0.0326
2022-07-06T13:54:07Z,algae_brown,584,0.0326
2022-07-06T13:54:07Z,algae_brown,586,0.03265
2022-07-06T13:54:07Z,algae_brown,588,0.03294000000000001
2022-07-06T13:54:07Z,algae_brown,590,0.033233333333333344
2022-07-06T13:54:07Z,algae_brown,592,0.03392500000000001
2022-07-06T13:54:07Z,algae_brown,594,0.03476666666666667
2022-07-06T13:54:07Z,algae_brown,596,0.0358
2022-07-06T13:54:07Z,algae_brown,598,0.03668666666666665
2022-07-06T13:54:07Z,algae_brown,600,0.03748124999999999
2022-07-06T13:54:07Z,algae_brown,602,0.03778666666666666
2022-07-06T13:54:07Z,algae_brown,604,0.03722500000000001
2022-07-06T13:54:07Z,algae_brown,606,0.036433333333333304
2022-07-06T13:54:07Z,algae_brown,608,0.03501999999999997
2022-07-06T13:54:07Z,algae_brown,610,0.033413333333333316
2022-07-06T13:54:07Z,algae_brown,612,0.031719999999999984
2022-07-06T13:54:07Z,algae_brown,614,0.030037499999999995
2022-07-06T13:54:07Z,algae_brown,616,0.0286
2022-07-06T13:54:07Z,algae_brown,618,0.02723333333333333
2022-07-06T13:54:07Z,algae_brown,620,0.026262500000000008
2022-07-06T13:54:07Z,algae_brown,622,0.025626666666666673
2022-07-06T13:54:07Z,algae_brown,624,0.02535000000000001
2022-07-06T13:54:07Z,algae_brown,626,0.024900000000000002
2022-07-06T13:54:07Z,algae_brown,628,0.02464000000000001
2022-07-06T13:54:07Z,algae_brown,630,0.024387500000000013
2022-07-06T13:54:07Z,algae_brown,632,0.023666666666666652
2022-07-06T13:54:07Z,algae_brown,634,0.02315999999999999
2022-07-06T13:54:07Z,algae_brown,636,0.023
2022-07-06T13:54:07Z,algae_brown,638,0.023262500000000012
2022-07-06T13:54:07Z,algae_brown,640,0.02389333333333334
2022-07-06T13:54:07Z,algae_brown,642,0.024953333333333348
2022-07-06T13:54:07Z,algae_brown,644,0.026140000000000014
2022-07-06T13:54:07Z,algae_brown,646,0.027143750000000005
2022-07-06T13:54:07Z,algae_brown,648,0.0276
2022-07-06T13:54:07Z,algae_brown,650,0.02706666666666667
2022-07-06T13:54:07Z,algae_brown,652,0.026
2022-07-06T13:54:07Z,algae_brown,654,0.024399999999999998
2022-07-06T13:54:07Z,algae_brown,656,0.022433333333333333
2022-07-06T13:54:07Z,algae_brown,658,0.01946250000000002
2022-07-06T13:54:07Z,algae_brown,660,0.016360000000000038
2022-07-06T13:54:07Z,algae_brown,662,0.014493333333333362
2022-07-06T13:54:07Z,algae_brown,664,0.012380000000000018
2022-07-06T13:54:07Z,algae_brown,666,0.010873333333333351
2022-07-06T13:54:07Z,algae_brown,668,0.010839999999999987
2022-07-06T13:54:07Z,algae_brown,670,0.011619999999999997
2022-07-06T13:54:07Z,algae_brown,672,0.01281999999999998
2022-07-06T13:54:07Z,algae_brown,674,0.014073333333333313
2022-07-06T13:54:07Z,algae_brown,676,0.016119999999999975
2022-07-06T13:54:07Z,algae_brown,678,0.018293333333333307
2022-07-06T13:54:07Z,algae_brown,680,0.020099999999999976
2022-07-06T13:54:07Z,algae_brown,682,0.022099999999999977
2022-07-06T13:54:07Z,algae_brown,684,0.025033333333333296
2022-07-06T13:54:07Z,algae_brown,686,0.029546666666666575
2022-07-06T13:54:07Z,algae_brown,688,0.03619999999999994
2022-07-06T13:54:07Z,algae_brown,690,0.042373333333333256
2022-07-06T13:54:07Z,algae_brown,692,0.05139333333333323
2022-07-06T13:54:07Z,algae_brown,694,0.06199999999999986
2022-07-06T13:54:07Z,algae_brown,696,0.07511999999999985
2022-07-06T13:54:07Z,algae_brown,698,0.08939999999999981
2022-07-06T13:54:07Z,algae_brown,700,0.10677999999999979
2022-07-06T13:54:07Z,algae_brown,702,0.1250066666666665
2022-07-06T13:54:07Z,algae_brown,704,0.14296666666666666
2022-07-06T13:54:07Z,algae_brown,706,0.16103333333333333
2022-07-06T13:54:07Z,algae_brown,708,0.18109999999999998
2022-07-06T13:54:07Z,algae_brown,710,0.19856666666666667
2022-07-06T13:54:07Z,algae_brown,712,0.21643333333333334
2022-07-06T13:54:07Z,algae_brown,714,0.23618666666666696
2022-07-06T13:54:07Z,algae_brown,716,0.2608400000000003
2022-07-06T13:54:07Z,algae_brown,718,0.29808000000000057
2022-07-06T13:54:07Z,algae_brown,720,0.3543500000000004
2022-07-06T13:54:07Z,algae_brown,722,0.3864800000000006
2022-07-06T13:54:07Z,algae_brown,724,0.4108800000000005
2022-07-06T13:54:07Z,algae_brown,726,0.4821714285714292
2022-07-06T13:54:07Z,algae_brown,728,0.5068133333333332
2022-07-06T13:54:07Z,algae_brown,730,0.5568533333333316
2022-07-06T13:54:07Z,algae_brown,732,0.5458000000000006
2022-07-06T13:54:07Z,algae_brown,734,0.5320199999999999
2022-07-06T13:54:07Z,algae_brown,736,0.5212466666666669
2022-07-06T13:54:07Z,algae_brown,738,0.5906666666666667
2022-07-06T13:54:07Z,algae_brown,740,0.5998666666666667
2022-07-06T13:54:07Z,algae_brown,742,0.5452
2022-07-06T13:54:07Z,algae_brown,744,0.4867800000000002
2022-07-06T13:54:07Z,algae_brown,746,0.5079642857142862
2022-07-06T13:54:07Z,algae_brown,748,0.5573666666666642
2022-07-06T13:54:07Z,algae_brown,750,0.48150000000000004
2022-07-06T13:54:07Z,algae_brown,752,0.4607533333333339
2022-07-06T13:54:07Z,algae_brown,754,0.4826999999999992
2022-07-06T13:54:07Z,algae_brown,756,0.4581400000000012
2022-07-06T13:54:07Z,algae_brown,758,0.4125
2022-07-06T13:54:07Z,algae_brown,760,0.3506
2022-07-06T13:54:07Z,algae_brown,762,0.33549333333333303
2022-07-06T13:54:07Z,algae_brown,764,0.3749066666666669
2022-07-06T13:54:07Z,algae_brown,766,0.3681066666666658
2022-07-06T13:54:07Z,algae_brown,768,0.33337142857142915
2022-07-06T13:54:07Z,algae_brown,770,0.2847785714285741
2022-07-06T13:54:07Z,algae_brown,772,0.20631428571428576
2022-07-06T13:54:07Z,algae_brown,774,0.22
2022-07-06T13:54:07Z,algae_brown,776,0.2658200000000007
2022-07-06T13:54:07Z,algae_brown,778,0.251421428571427
2022-07-06T13:54:07Z,algae_brown,780,0.1992857142857154
2022-07-06T13:54:07Z,algae_brown,782,0.19200000000000272
2022-07-06T13:54:07Z,algae_brown,784,0.15
2022-07-06T13:54:07Z,algae_brown,786,0.14300000000000002
2022-07-06T13:54:07Z,algae_brown,788,0.135428571428572
2022-07-06T13:54:07Z,algae_brown,790,0.1284400000000019
2022-07-06T13:54:07Z,algae_brown,792,0.23604999999999998
2022-07-06T13:54:07Z,algae_brown,794,0.2504500000000007
2022-07-06T13:54:07Z,algae_brown,796,0.2534285714285729
2022-07-06T13:54:07Z,algae_brown,798,0.11142857142857056
2022-07-06T13:54:07Z,algae_brown,800,0.1073785714285708
2022-07-06T13:55:17Z,algae_brown,340,0.03161764705882368
2022-07-06T13:55:17Z,algae_brown,342,0.03353750000000004
2022-07-06T13:55:17Z,algae_brown,344,0.028364705882352972
2022-07-06T13:55:17Z,algae_brown,346,0.023618750000000042
2022-07-06T13:55:17Z,algae_brown,348,0.01539411764705882
2022-07-06T13:55:17Z,algae_brown,350,0.0075
2022-07-06T13:55:17Z,algae_brown,352,0.03447647058823504
2022-07-06T13:55:17Z,algae_brown,354,0.04421249999999996
2022-07-06T13:55:17Z,algae_brown,356,0.020593749999999904
2022-07-06T13:55:17Z,algae_brown,358,0.013558823529411764
2022-07-06T13:55:17Z,algae_brown,360,0.018475000000000033
2022-07-06T13:55:17Z,algae_brown,362,0.020258823529411857
2022-07-06T13:55:17Z,algae_brown,364,0.028312500000000025
2022-07-06T13:55:17Z,algae_brown,366,0.013050000000000053
2022-07-06T13:55:17Z,algae_brown,368,0
2022-07-06T13:55:17Z,algae_brown,370,0.015024999999999967
2022-07-06T13:55:17Z,algae_brown,372,0.0132
2022-07-06T13:55:17Z,algae_brown,374,0.017070588235294094
2022-07-06T13:55:17Z,algae_brown,376,0.018912500000000023
2022-07-06T13:55:17Z,algae_brown,378,0.020482352941176455
2022-07-06T13:55:17Z,algae_brown,380,0.01648749999999994
2022-07-06T13:55:17Z,algae_brown,382,0.008362500000000057
2022-07-06T13:55:17Z,algae_brown,384,0.005737499999999998
2022-07-06T13:55:17Z,algae_brown,386,0.008082352941176447
2022-07-06T13:55:17Z,algae_brown,388,0.013293749999999976
2022-07-06T13:55:17Z,algae_brown,390,0.01685625
2022-07-06T13:55:17Z,algae_brown,392,0.010481250000000036
2022-07-06T13:55:17Z,algae_brown,394,0.0087
2022-07-06T13:55:17Z,algae_brown,396,0.010024999999999975
2022-07-06T13:55:17Z,algae_brown,398,0.011
2022-07-06T13:55:17Z,algae_brown,400,0.012500000000000032
2022-07-06T13:55:17Z,algae_brown,402,0.011000000000000001
2022-07-06T13:55:17Z,algae_brown,404,0.010117647058823525
2022-07-06T13:55:17Z,algae_brown,406,0.009843749999999998
2022-07-06T13:55:17Z,algae_brown,408,0.009893750000000007
2022-07-06T13:55:17Z,algae_brown,410,0.009362500000000015
2022-07-06T13:55:17Z,algae_brown,412,0.008149999999999996
2022-07-06T13:55:17Z,algae_brown,414,0.007850000000000001
2022-07-06T13:55:17Z,algae_brown,416,0.008918750000000003
2022-07-06T13:55:17Z,algae_brown,418,0.00884705882352941
2022-07-06T13:55:17Z,algae_brown,420,0.0089
2022-07-06T13:55:17Z,algae_brown,422,0.008824999999999998
2022-07-06T13:55:17Z,algae_brown,424,0.008387500000000004
2022-07-06T13:55:17Z,algae_brown,426,0.0082875
2022-07-06T13:55:17Z,algae_brown,428,0.008237499999999998
2022-07-06T13:55:17Z,algae_brown,430,0.008424999999999998
2022-07-06T13:55:17Z,algae_brown,432,0.008112500000000003
2022-07-06T13:55:17Z,algae_brown,434,0.008
2022-07-06T13:55:17Z,algae_brown,436,0.008100000000000001
2022-07-06T13:55:17Z,algae_brown,438,0.007987499999999998
2022-07-06T13:55:17Z,algae_brown,440,0.007987499999999998
2022-07-06T13:55:17Z,algae_brown,442,0.008100000000000001
2022-07-06T13:55:17Z,algae_brown,444,0.008137499999999999
2022-07-06T13:55:17Z,algae_brown,446,0.0084
2022-07-06T13:55:17Z,algae_brown,448,0.008587499999999996
2022-07-06T13:55:17Z,algae_brown,450,0.008875000000000001
2022-07-06T13:55:17Z,algae_brown,452,0.0089125
2022-07-06T13:55:17Z,algae_brown,454,0.009037500000000002
2022-07-06T13:55:17Z,algae_brown,456,0.009287499999999997
2022-07-06T13:55:17Z,algae_brown,458,0.0094875
2022-07-06T13:55:17Z,algae_brown,460,0.0096125
2022-07-06T13:55:17Z,algae_brown,462,0.009737500000000001
2022-07-06T13:55:17Z,algae_brown,464,0.009862499999999998
2022-07-06T13:55:17Z,algae_brown,466,0.010075
2022-07-06T13:55:17Z,algae_brown,468,0.010213333333333333
2022-07-06T13:55:17Z,algae_brown,470,0.010387500000000001
2022-07-06T13:55:17Z,algae_brown,472,0.01056875
2022-07-06T13:55:17Z,algae_brown,474,0.010787499999999998
2022-07-06T13:55:17Z,algae_brown,476,0.010937500000000001
2022-07-06T13:55:17Z,algae_brown,478,0.011187500000000001
2022-07-06T13:55:17Z,algae_brown,480,0.0113
2022-07-06T13:55:17Z,algae_brown,482,0.0115
2022-07-06T13:55:17Z,algae_brown,484,0.011575
2022-07-06T13:55:17Z,algae_brown,486,0.011449999999999998
2022-07-06T13:55:17Z,algae_brown,488,0.011475
2022-07-06T13:55:17Z,algae_brown,490,0.011399999999999999
2022-07-06T13:55:17Z,algae_brown,492,0.011399999999999999
2022-07-06T13:55:17Z,algae_brown,494,0.011399999999999999
2022-07-06T13:55:17Z,algae_brown,496,0.011481249999999998
2022-07-06T13:55:17Z,algae_brown,498,0.011624999999999998
2022-07-06T13:55:17Z,algae_brown,500,0.0118375
2022-07-06T13:55:17Z,algae_brown,502,0.012087499999999996
2022-07-06T13:55:17Z,algae_brown,504,0.012386666666666664
2022-07-06T13:55:17Z,algae_brown,506,0.012775000000000002
2022-07-06T13:55:17Z,algae_brown,508,0.013318750000000002
2022-07-06T13:55:17Z,algae_brown,510,0.01380625
2022-07-06T13:55:17Z,algae_brown,512,0.0143
2022-07-06T13:55:17Z,algae_brown,514,0.014899999999999993
2022-07-06T13:55:17Z,algae_brown,516,0.015413333333333322
2022-07-06T13:55:17Z,algae_brown,518,0.015843750000000007
2022-07-06T13:55:17Z,algae_brown,520,0.016318750000000003
2022-07-06T13:55:17Z,algae_brown,522,0.016733333333333333
2022-07-06T13:55:17Z,algae_brown,524,0.017124999999999998
2022-07-06T13:55:17Z,algae_brown,526,0.017462499999999992
2022-07-06T13:55:17Z,algae_brown,528,0.017837499999999996
2022-07-06T13:55:17Z,algae_brown,530,0.01809333333333334
2022-07-06T13:55:17Z,algae_brown,532,0.018350000000000005
2022-07-06T13:55:17Z,algae_brown,534,0.0187
2022-07-06T13:55:17Z,algae_brown,536,0.0190625
2022-07-06T13:55:17Z,algae_brown,538,0.01942499999999999
2022-07-06T13:55:17Z,algae_brown,540,0.019773333333333327
2022-07-06T13:55:17Z,algae_brown,542,0.020253333333333345
2022-07-06T13:55:17Z,algae_brown,544,0.020862500000000013
2022-07-06T13:55:17Z,algae_brown,546,0.021543750000000004
2022-07-06T13:55:17Z,algae_brown,548,0.0222
2022-07-06T13:55:17Z,algae_brown,550,0.02304999999999999
2022-07-06T13:55:17Z,algae_brown,552,0.023873333333333312
2022-07-06T13:55:17Z,algae_brown,554,0.024850000000000014
2022-07-06T13:55:17Z,algae_brown,556,0.02590000000000002
2022-07-06T13:55:17Z,algae_brown,558,0.026920000000000013
2022-07-06T13:55:17Z,algae_brown,560,0.027950000000000003
2022-07-06T13:55:17Z,algae_brown,562,0.0291
2022-07-06T13:55:17Z,algae_brown,564,0.030086666666666657
2022-07-06T13:55:17Z,algae_brown,566,0.031049999999999987
2022-07-06T13:55:17Z,algae_brown,568,0.03200666666666664
2022-07-06T13:55:17Z,algae_brown,570,0.03300666666666669
2022-07-06T13:55:17Z,algae_brown,572,0.03409375000000002
2022-07-06T13:55:17Z,algae_brown,574,0.035260000000000014
2022-07-06T13:55:17Z,algae_brown,576,0.0364
2022-07-06T13:55:17Z,algae_brown,578,0.037712499999999996
2022-07-06T13:55:17Z,algae_brown,580,0.03893999999999999
2022-07-06T13:55:17Z,algae_brown,582,0.04008749999999997
2022-07-06T13:55:17Z,algae_brown,584,0.041139999999999975
2022-07-06T13:55:17Z,algae_brown,586,0.042
2022-07-06T13:55:17Z,algae_brown,588,0.04294000000000003
2022-07-06T13:55:17Z,algae_brown,590,0.04386666666666668
2022-07-06T13:55:17Z,algae_brown,592,0.04510000000000001
2022-07-06T13:55:17Z,algae_brown,594,0.046066666666666665
2022-07-06T13:55:17Z,algae_brown,596,0.0472
2022-07-06T13:55:17Z,algae_brown,598,0.04808666666666665
2022-07-06T13:55:17Z,algae_brown,600,0.04876874999999999
2022-07-06T13:55:17Z,algae_brown,602,0.048986666666666664
2022-07-06T13:55:17Z,algae_brown,604,0.04866875000000001
2022-07-06T13:55:17Z,algae_brown,606,0.047773333333333313
2022-07-06T13:55:17Z,algae_brown,608,0.04651999999999997
2022-07-06T13:55:17Z,algae_brown,610,0.04510666666666664
2022-07-06T13:55:17Z,algae_brown,612,0.04323999999999998
2022-07-06T13:55:17Z,algae_brown,614,0.041574999999999994
2022-07-06T13:55:17Z,algae_brown,616,0.04
2022-07-06T13:55:17Z,algae_brown,618,0.038733333333333335
2022-07-06T13:55:17Z,algae_brown,620,0.038025
2022-07-06T13:55:17Z,algae_brown,622,0.03733333333333334
2022-07-06T13:55:17Z,algae_brown,624,0.037000000000000005
2022-07-06T13:55:17Z,algae_brown,626,0.036486666666666674
2022-07-06T13:55:17Z,algae_brown,628,0.0363
2022-07-06T13:55:17Z,algae_brown,630,0.0361
2022-07-06T13:55:17Z,algae_brown,632,0.03600666666666666
2022-07-06T13:55:17Z,algae_brown,634,0.035739999999999994
2022-07-06T13:55:17Z,algae_brown,636,0.03572666666666667
2022-07-06T13:55:17Z,algae_brown,638,0.036162500000000014
2022-07-06T13:55:17Z,algae_brown,640,0.03708666666666668
2022-07-06T13:55:17Z,algae_brown,642,0.03846000000000001
2022-07-06T13:55:17Z,algae_brown,644,0.039660000000000015
2022-07-06T13:55:17Z,algae_brown,646,0.0406125
2022-07-06T13:55:17Z,algae_brown,648,0.0412
2022-07-06T13:55:17Z,algae_brown,650,0.04103333333333333
2022-07-06T13:55:17Z,algae_brown,652,0.03983333333333333
2022-07-06T13:55:17Z,algae_brown,654,0.038
2022-07-06T13:55:17Z,algae_brown,656,0.035699999999999996
2022-07-06T13:55:17Z,algae_brown,658,0.03266250000000002
2022-07-06T13:55:17Z,algae_brown,660,0.029186666666666708
2022-07-06T13:55:17Z,algae_brown,662,0.02618000000000004
2022-07-06T13:55:17Z,algae_brown,664,0.023240000000000025
2022-07-06T13:55:17Z,algae_brown,666,0.02148000000000002
2022-07-06T13:55:17Z,algae_brown,668,0.02061333333333334
2022-07-06T13:55:17Z,algae_brown,670,0.020159999999999997
2022-07-06T13:55:17Z,algae_brown,672,0.021319999999999985
2022-07-06T13:55:17Z,algae_brown,674,0.022879999999999973
2022-07-06T13:55:17Z,algae_brown,676,0.024799999999999985
2022-07-06T13:55:17Z,algae_brown,678,0.02669333333333331
2022-07-06T13:55:17Z,algae_brown,680,0.02811999999999998
2022-07-06T13:55:17Z,algae_brown,682,0.03007999999999997
2022-07-06T13:55:17Z,algae_brown,684,0.0325733333333333
2022-07-06T13:55:17Z,algae_brown,686,0.036519999999999934
2022-07-06T13:55:17Z,algae_brown,688,0.04229999999999993
2022-07-06T13:55:17Z,algae_brown,690,0.04923333333333325
2022-07-06T13:55:17Z,algae_brown,692,0.05655333333333326
2022-07-06T13:55:17Z,algae_brown,694,0.06527999999999987
2022-07-06T13:55:17Z,algae_brown,696,0.07626666666666654
2022-07-06T13:55:17Z,algae_brown,698,0.08801333333333321
2022-07-06T13:55:17Z,algae_brown,700,0.10069999999999983
2022-07-06T13:55:17Z,algae_brown,702,0.1150866666666665
2022-07-06T13:55:17Z,algae_brown,704,0.1345
2022-07-06T13:55:17Z,algae_brown,706,0.14963333333333334
2022-07-06T13:55:17Z,algae_brown,708,0.165
2022-07-06T13:55:17Z,algae_brown,710,0.17993333333333333
2022-07-06T13:55:17Z,algae_brown,712,0.1945333333333333
2022-07-06T13:55:17Z,algae_brown,714,0.21433333333333354
2022-07-06T13:55:17Z,algae_brown,716,0.2379600000000004
2022-07-06T13:55:17Z,algae_brown,718,0.27206000000000036
2022-07-06T13:55:17Z,algae_brown,720,0.3006571428571434
2022-07-06T13:55:17Z,algae_brown,722,0.3471266666666678
2022-07-06T13:55:17Z,algae_brown,724,0.3766200000000004
2022-07-06T13:55:17Z,algae_brown,726,0.4222285714285717
2022-07-06T13:55:17Z,algae_brown,728,0.4273333333333335
2022-07-06T13:55:17Z,algae_brown,730,0.4625199999999987
2022-07-06T13:55:17Z,algae_brown,732,0.43663571428571474
2022-07-06T13:55:17Z,algae_brown,734,0.4286199999999999
2022-07-06T13:55:17Z,algae_brown,736,0.4196466666666669
2022-07-06T13:55:17Z,algae_brown,738,0.4416
2022-07-06T13:55:17Z,algae_brown,740,0.41413333333333335
2022-07-06T13:55:17Z,algae_brown,742,0.3874
2022-07-06T13:55:17Z,algae_brown,744,0.40128000000000014
2022-07-06T13:55:17Z,algae_brown,746,0.3979285714285712
2022-07-06T13:55:17Z,algae_brown,748,0.4140999999999983
2022-07-06T13:55:17Z,algae_brown,750,0.3565
2022-07-06T13:55:17Z,algae_brown,752,0.3483
2022-07-06T13:55:17Z,algae_brown,754,0.33
2022-07-06T13:55:17Z,algae_brown,756,0.33
2022-07-06T13:55:17Z,algae_brown,758,0.3506
2022-07-06T13:55:17Z,algae_brown,760,0.31377857142857085
2022-07-06T13:55:17Z,algae_brown,762,0.21728666666666602
2022-07-06T13:55:17Z,algae_brown,764,0.24357333333333367
2022-07-06T13:55:17Z,algae_brown,766,0.2563666666666668
2022-07-06T13:55:17Z,algae_brown,768,0.2763571428571424
2022-07-06T13:55:17Z,algae_brown,770,0.2448642857142869
2022-07-06T13:55:17Z,algae_brown,772,0.22264285714285706
2022-07-06T13:55:17Z,algae_brown,774,0.165
2022-07-06T13:55:17Z,algae_brown,776,0.18881999999999985
2022-07-06T13:55:17Z,algae_brown,778,0.18070714285714276
2022-07-06T13:55:17Z,algae_brown,780,0.24642857142857125
2022-07-06T13:55:17Z,algae_brown,782,0.19200000000000272
2022-07-06T13:55:17Z,algae_brown,784,0.15
2022-07-06T13:55:17Z,algae_brown,786,0.08800000000000001
2022-07-06T13:55:17Z,algae_brown,788,0.12600000000000097
2022-07-06T13:55:17Z,algae_brown,790,0.154440000000001
2022-07-06T13:55:17Z,algae_brown,792,0.17415
2022-07-06T13:55:17Z,algae_brown,794,0.165
2022-07-06T13:55:17Z,algae_brown,796,0.20392857142857151
2022-07-06T13:55:17Z,algae_brown,798,0.18514285714285694
2022-07-06T13:55:17Z,algae_brown,800,0.18068571428571364
2022-07-06T13:56:10Z,algae_brown,340,0.015352941176470689
2022-07-06T13:56:10Z,algae_brown,342,0.008675
2022-07-06T13:56:10Z,algae_brown,344,0.011464705882352974
2022-07-06T13:56:10Z,algae_brown,346,0.025056249999999967
2022-07-06T13:56:10Z,algae_brown,348,0.030864705882352933
2022-07-06T13:56:10Z,algae_brown,350,0.0225
2022-07-06T13:56:10Z,algae_brown,352,0.01854117647058841
2022-07-06T13:56:10Z,algae_brown,354,0.01333750000000003
2022-07-06T13:56:10Z,algae_brown,356,0.021099999999999997
2022-07-06T13:56:10Z,algae_brown,358,0.02030588235294117
2022-07-06T13:56:10Z,algae_brown,360,0.011287500000000058
2022-07-06T13:56:10Z,algae_brown,362,0.0020823529411764935
2022-07-06T13:56:10Z,algae_brown,364,0.012199999999999975
2022-07-06T13:56:10Z,algae_brown,366,0.016368750000000005
2022-07-06T13:56:10Z,algae_brown,368,0.0258
2022-07-06T13:56:10Z,algae_brown,370,0.012800000000000046
2022-07-06T13:56:10Z,algae_brown,372,0.00875
2022-07-06T13:56:10Z,algae_brown,374,0.01417647058823528
2022-07-06T13:56:10Z,algae_brown,376,0.01162500000000007
2022-07-06T13:56:10Z,algae_brown,378,0.009676470588235262
2022-07-06T13:56:10Z,algae_brown,380,0.007425000000000027
2022-07-06T13:56:10Z,algae_brown,382,0.01286249999999995
2022-07-06T13:56:10Z,algae_brown,384,0.01692500000000001
2022-07-06T13:56:10Z,algae_brown,386,0.012582352941176475
2022-07-06T13:56:10Z,algae_brown,388,0.010012500000000023
2022-07-06T13:56:10Z,algae_brown,390,0.008043749999999992
2022-07-06T13:56:10Z,algae_brown,392,0.00761250000000001
2022-07-06T13:56:10Z,algae_brown,394,0.0104
2022-07-06T13:56:10Z,algae_brown,396,0.013150000000000026
2022-07-06T13:56:10Z,algae_brown,398,0.01145
2022-07-06T13:56:10Z,algae_brown,400,0.011699999999999995
2022-07-06T13:56:10Z,algae_brown,402,0.0102
2022-07-06T13:56:10Z,algae_brown,404,0.009670588235294094
2022-07-06T13:56:10Z,algae_brown,406,0.010499999999999997
2022-07-06T13:56:10Z,algae_brown,408,0.009324999999999998
2022-07-06T13:56:10Z,algae_brown,410,0.009762499999999992
2022-07-06T13:56:10Z,algae_brown,412,0.008706249999999999
2022-07-06T13:56:10Z,algae_brown,414,0.008431250000000001
2022-07-06T13:56:10Z,algae_brown,416,0.009012500000000003
2022-07-06T13:56:10Z,algae_brown,418,0.009111764705882352
2022-07-06T13:56:10Z,algae_brown,420,0.009187500000000001
2022-07-06T13:56:10Z,algae_brown,422,0.0091
2022-07-06T13:56:10Z,algae_brown,424,0.008975000000000002
2022-07-06T13:56:10Z,algae_brown,426,0.008724999999999998
2022-07-06T13:56:10Z,algae_brown,428,0.008612499999999999
2022-07-06T13:56:10Z,algae_brown,430,0.008549999999999997
2022-07-06T13:56:10Z,algae_brown,432,0.008487499999999997
2022-07-06T13:56:10Z,algae_brown,434,0.0088625
2022-07-06T13:56:10Z,algae_brown,436,0.0087
2022-07-06T13:56:10Z,algae_brown,438,0.0087
2022-07-06T13:56:10Z,algae_brown,440,0.0087625
2022-07-06T13:56:10Z,algae_brown,442,0.008887500000000001
2022-07-06T13:56:10Z,algae_brown,444,0.0088125
2022-07-06T13:56:10Z,algae_brown,446,0.008937500000000001
2022-07-06T13:56:10Z,algae_brown,448,0.009124999999999998
2022-07-06T13:56:10Z,algae_brown,450,0.009375
2022-07-06T13:56:10Z,algae_brown,452,0.0095
2022-07-06T13:56:10Z,algae_brown,454,0.009575000000000002
2022-07-06T13:56:10Z,algae_brown,456,0.009762499999999999
2022-07-06T13:56:10Z,algae_brown,458,0.009975000000000001
2022-07-06T13:56:10Z,algae_brown,460,0.01
2022-07-06T13:56:10Z,algae_brown,462,0.01
2022-07-06T13:56:10Z,algae_brown,464,0.010187499999999997
2022-07-06T13:56:10Z,algae_brown,466,0.010387500000000001
2022-07-06T13:56:10Z,algae_brown,468,0.010413333333333332
2022-07-06T13:56:10Z,algae_brown,470,0.010543750000000001
2022-07-06T13:56:10Z,algae_brown,472,0.010668750000000001
2022-07-06T13:56:10Z,algae_brown,474,0.010700000000000001
2022-07-06T13:56:10Z,algae_brown,476,0.010956250000000002
2022-07-06T13:56:10Z,algae_brown,478,0.01124375
2022-07-06T13:56:10Z,algae_brown,480,0.01123125
2022-07-06T13:56:10Z,algae_brown,482,0.0113
2022-07-06T13:56:10Z,algae_brown,484,0.0113
2022-07-06T13:56:10Z,algae_brown,486,0.011349999999999999
2022-07-06T13:56:10Z,algae_brown,488,0.011399999999999999
2022-07-06T13:56:10Z,algae_brown,490,0.0113
2022-07-06T13:56:10Z,algae_brown,492,0.011368749999999999
2022-07-06T13:56:10Z,algae_brown,494,0.011356249999999998
2022-07-06T13:56:10Z,algae_brown,496,0.011481249999999998
2022-07-06T13:56:10Z,algae_brown,498,0.0115875
2022-07-06T13:56:10Z,algae_brown,500,0.011575000000000002
2022-07-06T13:56:10Z,algae_brown,502,0.011824999999999997
2022-07-06T13:56:10Z,algae_brown,504,0.012086666666666664
2022-07-06T13:56:10Z,algae_brown,506,0.012337500000000001
2022-07-06T13:56:10Z,algae_brown,508,0.012587500000000001
2022-07-06T13:56:10Z,algae_brown,510,0.012906250000000003
2022-07-06T13:56:10Z,algae_brown,512,0.013300000000000001
2022-07-06T13:56:10Z,algae_brown,514,0.013524999999999999
2022-07-06T13:56:10Z,algae_brown,516,0.01370666666666666
2022-07-06T13:56:10Z,algae_brown,518,0.013962500000000003
2022-07-06T13:56:10Z,algae_brown,520,0.01420625
2022-07-06T13:56:10Z,algae_brown,522,0.014333333333333333
2022-07-06T13:56:10Z,algae_brown,524,0.014524999999999998
2022-07-06T13:56:10Z,algae_brown,526,0.014774999999999995
2022-07-06T13:56:10Z,algae_brown,528,0.015037499999999995
2022-07-06T13:56:10Z,algae_brown,530,0.01529333333333334
2022-07-06T13:56:10Z,algae_brown,532,0.015550000000000005
2022-07-06T13:56:10Z,algae_brown,534,0.0158
2022-07-06T13:56:10Z,algae_brown,536,0.0160625
2022-07-06T13:56:10Z,algae_brown,538,0.016368749999999994
2022-07-06T13:56:10Z,algae_brown,540,0.016673333333333328
2022-07-06T13:56:10Z,algae_brown,542,0.01714000000000001
2022-07-06T13:56:10Z,algae_brown,544,0.017531250000000005
2022-07-06T13:56:10Z,algae_brown,546,0.018043750000000004
2022-07-06T13:56:10Z,algae_brown,548,0.018600000000000002
2022-07-06T13:56:10Z,algae_brown,550,0.01922499999999999
2022-07-06T13:56:10Z,algae_brown,552,0.01991999999999998
2022-07-06T13:56:10Z,algae_brown,554,0.02068750000000001
2022-07-06T13:56:10Z,algae_brown,556,0.02148750000000002
2022-07-06T13:56:10Z,algae_brown,558,0.022380000000000008
2022-07-06T13:56:10Z,algae_brown,560,0.023281250000000003
2022-07-06T13:56:10Z,algae_brown,562,0.0242
2022-07-06T13:56:10Z,algae_brown,564,0.025086666666666656
2022-07-06T13:56:10Z,algae_brown,566,0.025993749999999986
2022-07-06T13:56:10Z,algae_brown,568,0.026993333333333307
2022-07-06T13:56:10Z,algae_brown,570,0.027893333333333353
2022-07-06T13:56:10Z,algae_brown,572,0.02885000000000002
2022-07-06T13:56:10Z,algae_brown,574,0.029813333333333344
2022-07-06T13:56:10Z,algae_brown,576,0.030699999999999998
2022-07-06T13:56:10Z,algae_brown,578,0.03165
2022-07-06T13:56:10Z,algae_brown,580,0.032559999999999985
2022-07-06T13:56:10Z,algae_brown,582,0.03332499999999998
2022-07-06T13:56:10Z,algae_brown,584,0.03399999999999998
2022-07-06T13:56:10Z,algae_brown,586,0.0347
2022-07-06T13:56:10Z,algae_brown,588,0.03532000000000001
2022-07-06T13:56:10Z,algae_brown,590,0.03624666666666668
2022-07-06T13:56:10Z,algae_brown,592,0.03716250000000001
2022-07-06T13:56:10Z,algae_brown,594,0.03813333333333333
2022-07-06T13:56:10Z,algae_brown,596,0.0391
2022-07-06T13:56:10Z,algae_brown,598,0.03993333333333333
2022-07-06T13:56:10Z,algae_brown,600,0.04058124999999999
2022-07-06T13:56:10Z,algae_brown,602,0.04097333333333332
2022-07-06T13:56:10Z,algae_brown,604,0.040843750000000005
2022-07-06T13:56:10Z,algae_brown,606,0.04031999999999998
2022-07-06T13:56:10Z,algae_brown,608,0.03943999999999998
2022-07-06T13:56:10Z,algae_brown,610,0.03812666666666665
2022-07-06T13:56:10Z,algae_brown,612,0.036619999999999986
2022-07-06T13:56:10Z,algae_brown,614,0.03541875
2022-07-06T13:56:10Z,algae_brown,616,0.0346
2022-07-06T13:56:10Z,algae_brown,618,0.03326666666666667
2022-07-06T13:56:10Z,algae_brown,620,0.0324875
2022-07-06T13:56:10Z,algae_brown,622,0.03192666666666667
2022-07-06T13:56:10Z,algae_brown,624,0.031875
2022-07-06T13:56:10Z,algae_brown,626,0.03164000000000001
2022-07-06T13:56:10Z,algae_brown,628,0.03141333333333334
2022-07-06T13:56:10Z,algae_brown,630,0.031262500000000006
2022-07-06T13:56:10Z,algae_brown,632,0.03119333333333334
2022-07-06T13:56:10Z,algae_brown,634,0.03105999999999999
2022-07-06T13:56:10Z,algae_brown,636,0.03104000000000001
2022-07-06T13:56:10Z,algae_brown,638,0.03147500000000001
2022-07-06T13:56:10Z,algae_brown,640,0.032066666666666674
2022-07-06T13:56:10Z,algae_brown,642,0.033053333333333344
2022-07-06T13:56:10Z,algae_brown,644,0.03412000000000001
2022-07-06T13:56:10Z,algae_brown,646,0.03494375
2022-07-06T13:56:10Z,algae_brown,648,0.0353
2022-07-06T13:56:10Z,algae_brown,650,0.03476666666666667
2022-07-06T13:56:10Z,algae_brown,652,0.033966666666666666
2022-07-06T13:56:10Z,algae_brown,654,0.0326
2022-07-06T13:56:10Z,algae_brown,656,0.0304
2022-07-06T13:56:10Z,algae_brown,658,0.028387500000000013
2022-07-06T13:56:10Z,algae_brown,660,0.025940000000000032
2022-07-06T13:56:10Z,algae_brown,662,0.024120000000000027
2022-07-06T13:56:10Z,algae_brown,664,0.022200000000000015
2022-07-06T13:56:10Z,algae_brown,666,0.02077333333333335
2022-07-06T13:56:10Z,algae_brown,668,0.020373333333333337
2022-07-06T13:56:10Z,algae_brown,670,0.020779999999999986
2022-07-06T13:56:10Z,algae_brown,672,0.022033333333333315
2022-07-06T13:56:10Z,algae_brown,674,0.023339999999999986
2022-07-06T13:56:10Z,algae_brown,676,0.024899999999999978
2022-07-06T13:56:10Z,algae_brown,678,0.02689999999999998
2022-07-06T13:56:10Z,algae_brown,680,0.029733333333333303
2022-07-06T13:56:10Z,algae_brown,682,0.03215999999999997
2022-07-06T13:56:10Z,algae_brown,684,0.034106666666666646
2022-07-06T13:56:10Z,algae_brown,686,0.038686666666666605
2022-07-06T13:56:10Z,algae_brown,688,0.04415999999999993
2022-07-06T13:56:10Z,algae_brown,690,0.05085333333333326
2022-07-06T13:56:10Z,algae_brown,692,0.057006666666666574
2022-07-06T13:56:10Z,algae_brown,694,0.06619999999999988
2022-07-06T13:56:10Z,algae_brown,696,0.07713333333333319
2022-07-06T13:56:10Z,algae_brown,698,0.09063333333333316
2022-07-06T13:56:10Z,algae_brown,700,0.10523999999999983
2022-07-06T13:56:10Z,algae_brown,702,0.11949333333333317
2022-07-06T13:56:10Z,algae_brown,704,0.1404
2022-07-06T13:56:10Z,algae_brown,706,0.16086666666666666
2022-07-06T13:56:10Z,algae_brown,708,0.17920000000000003
2022-07-06T13:56:10Z,algae_brown,710,0.19573333333333334
2022-07-06T13:56:10Z,algae_brown,712,0.21139999999999998
2022-07-06T13:56:10Z,algae_brown,714,0.23633333333333365
2022-07-06T13:56:10Z,algae_brown,716,0.2700400000000005
2022-07-06T13:56:10Z,algae_brown,718,0.31411333333333386
2022-07-06T13:56:10Z,algae_brown,720,0.3543500000000004
2022-07-06T13:56:10Z,algae_brown,722,0.3921733333333343
2022-07-06T13:56:10Z,algae_brown,724,0.435720000000001
2022-07-06T13:56:10Z,algae_brown,726,0.515685714285715
2022-07-06T13:56:10Z,algae_brown,728,0.5289600000000007
2022-07-06T13:56:10Z,algae_brown,730,0.5396599999999993
2022-07-06T13:56:10Z,algae_brown,732,0.5310214285714282
2022-07-06T13:56:10Z,algae_brown,734,0.5595599999999995
2022-07-06T13:56:10Z,algae_brown,736,0.5711999999999999
2022-07-06T13:56:10Z,algae_brown,738,0.5763
2022-07-06T13:56:10Z,algae_brown,740,0.5579666666666667
2022-07-06T13:56:10Z,algae_brown,742,0.5022
2022-07-06T13:56:10Z,algae_brown,744,0.49278000000000044
2022-07-06T13:56:10Z,algae_brown,746,0.5241428571428577
2022-07-06T13:56:10Z,algae_brown,748,0.5550466666666637
2022-07-06T13:56:10Z,algae_brown,750,0.4728
2022-07-06T13:56:10Z,algae_brown,752,0.4767
2022-07-06T13:56:10Z,algae_brown,754,0.44970714285714153
2022-07-06T13:56:10Z,algae_brown,756,0.4736600000000003
2022-07-06T13:56:10Z,algae_brown,758,0.45380000000000004
2022-07-06T13:56:10Z,algae_brown,760,0.37865714285714297
2022-07-06T13:56:10Z,algae_brown,762,0.36161333333333273
2022-07-06T13:56:10Z,algae_brown,764,0.31770666666666886
2022-07-06T13:56:10Z,algae_brown,766,0.3240999999999963
2022-07-06T13:56:10Z,algae_brown,768,0.29812857142857035
2022-07-06T13:56:10Z,algae_brown,770,0.23509999999999912
2022-07-06T13:56:10Z,algae_brown,772,0.22317142857142888
2022-07-06T13:56:10Z,algae_brown,774,0.22
2022-07-06T13:56:10Z,algae_brown,776,0.2511800000000002
2022-07-06T13:56:10Z,algae_brown,778,0.19643571428571208
2022-07-06T13:56:10Z,algae_brown,780,0.21428571428571336
2022-07-06T13:56:10Z,algae_brown,782,0.1959999999999991
2022-07-06T13:56:10Z,algae_brown,784,0.21
2022-07-06T13:56:10Z,algae_brown,786,0.231
2022-07-06T13:56:10Z,algae_brown,788,0.19457142857142798
2022-07-06T13:56:10Z,algae_brown,790,0.11866666666666636
2022-07-06T13:56:10Z,algae_brown,792,0.1375
2022-07-06T13:56:10Z,algae_brown,794,0.165
2022-07-06T13:56:10Z,algae_brown,796,0.12614285714285706
2022-07-06T13:56:10Z,algae_brown,798,0.16628571428571484
2022-07-06T13:56:10Z,algae_brown,800,0.1833
2022-07-06T14:06:28Z,algae_brown,340,0.013464705882352983
2022-07-06T14:06:28Z,algae_brown,342,0.030124999999999975
2022-07-06T14:06:28Z,algae_brown,344,0.025594117647058712
2022-07-06T14:06:28Z,algae_brown,346,0.01384374999999997
2022-07-06T14:06:28Z,algae_brown,348,0.014276470588235213
2022-07-06T14:06:28Z,algae_brown,350,0.0125
2022-07-06T14:06:28Z,algae_brown,352,0.002941176470588088
2022-07-06T14:06:28Z,algae_brown,354,0.009612499999999986
2022-07-06T14:06:28Z,algae_brown,356,0.00583125
2022-07-06T14:06:28Z,algae_brown,358,0.010388235294117677
2022-07-06T14:06:28Z,algae_brown,360,0.015275000000000026
2022-07-06T14:06:28Z,algae_brown,362,0.011752941176470607
2022-07-06T14:06:28Z,algae_brown,364,0.014150000000000001
2022-07-06T14:06:28Z,algae_brown,366,0.013068750000000004
2022-07-06T14:06:28Z,algae_brown,368,0.0165
2022-07-06T14:06:28Z,algae_brown,370,0.0058500000000000696
2022-07-06T14:06:28Z,algae_brown,372,0.0054
2022-07-06T14:06:28Z,algae_brown,374,0.010376470588235296
2022-07-06T14:06:28Z,algae_brown,376,0.006450000000000053
2022-07-06T14:06:28Z,algae_brown,378,0.013399999999999973
2022-07-06T14:06:28Z,algae_brown,380,0.009512499999999974
2022-07-06T14:06:28Z,algae_brown,382,0.009199999999999979
2022-07-06T14:06:28Z,algae_brown,384,0.013600000000000018
2022-07-06T14:06:28Z,algae_brown,386,0.010358823529411783
2022-07-06T14:06:28Z,algae_brown,388,0.008081249999999996
2022-07-06T14:06:28Z,algae_brown,390,0.008137500000000002
2022-07-06T14:06:28Z,algae_brown,392,0.0063187500000000075
2022-07-06T14:06:28Z,algae_brown,394,0.0058
2022-07-06T14:06:28Z,algae_brown,396,0.0020999999999999717
2022-07-06T14:06:28Z,algae_brown,398,0.00585
2022-07-06T14:06:28Z,algae_brown,400,0.006824999999999996
2022-07-06T14:06:28Z,algae_brown,402,0.0059
2022-07-06T14:06:28Z,algae_brown,404,0.005164705882352953
2022-07-06T14:06:28Z,algae_brown,406,0.004443750000000001
2022-07-06T14:06:28Z,algae_brown,408,0.005118750000000004
2022-07-06T14:06:28Z,algae_brown,410,0.005681249999999995
2022-07-06T14:06:28Z,algae_brown,412,0.0057874999999999975
2022-07-06T14:06:28Z,algae_brown,414,0.0048187499999999975
2022-07-06T14:06:28Z,algae_brown,416,0.0041312499999999995
2022-07-06T14:06:28Z,algae_brown,418,0.004011764705882353
2022-07-06T14:06:28Z,algae_brown,420,0.003962499999999998
2022-07-06T14:06:28Z,algae_brown,422,0.004437500000000001
2022-07-06T14:06:28Z,algae_brown,424,0.004250000000000004
2022-07-06T14:06:28Z,algae_brown,426,0.0040125
2022-07-06T14:06:28Z,algae_brown,428,0.0041249999999999985
2022-07-06T14:06:28Z,algae_brown,430,0.004337500000000001
2022-07-06T14:06:28Z,algae_brown,432,0.004087500000000004
2022-07-06T14:06:28Z,algae_brown,434,0.0038124999999999995
2022-07-06T14:06:28Z,algae_brown,436,0.0037124999999999997
2022-07-06T14:06:28Z,algae_brown,438,0.0038
2022-07-06T14:06:28Z,algae_brown,440,0.003924999999999998
2022-07-06T14:06:28Z,algae_brown,442,0.0039125
2022-07-06T14:06:28Z,algae_brown,444,0.0038
2022-07-06T14:06:28Z,algae_brown,446,0.0038
2022-07-06T14:06:28Z,algae_brown,448,0.003924999999999998
2022-07-06T14:06:28Z,algae_brown,450,0.004
2022-07-06T14:06:28Z,algae_brown,452,0.0040125
2022-07-06T14:06:28Z,algae_brown,454,0.0040999999999999995
2022-07-06T14:06:28Z,algae_brown,456,0.004162499999999999
2022-07-06T14:06:28Z,algae_brown,458,0.0042
2022-07-06T14:06:28Z,algae_brown,460,0.0042875000000000005
2022-07-06T14:06:28Z,algae_brown,462,0.004237500000000001
2022-07-06T14:06:28Z,algae_brown,464,0.0043
2022-07-06T14:06:28Z,algae_brown,466,0.004387500000000001
2022-07-06T14:06:28Z,algae_brown,468,0.004513333333333333
2022-07-06T14:06:28Z,algae_brown,470,0.00464375
2022-07-06T14:06:28Z,algae_brown,472,0.0047687499999999996
2022-07-06T14:06:28Z,algae_brown,474,0.004893749999999999
2022-07-06T14:06:28Z,algae_brown,476,0.005037500000000001
2022-07-06T14:06:28Z,algae_brown,478,0.00524375
2022-07-06T14:06:28Z,algae_brown,480,0.0053
2022-07-06T14:06:28Z,algae_brown,482,0.0054
2022-07-06T14:06:28Z,algae_brown,484,0.005424999999999999
2022-07-06T14:06:28Z,algae_brown,486,0.0056
2022-07-06T14:06:28Z,algae_brown,488,0.005625
2022-07-06T14:06:28Z,algae_brown,490,0.005699999999999999
2022-07-06T14:06:28Z,algae_brown,492,0.00576875
2022-07-06T14:06:28Z,algae_brown,494,0.005756249999999999
2022-07-06T14:06:28Z,algae_brown,496,0.005962499999999999
2022-07-06T14:06:28Z,algae_brown,498,0.006112499999999999
2022-07-06T14:06:28Z,algae_brown,500,0.006237500000000001
2022-07-06T14:06:28Z,algae_brown,502,0.006424999999999998
2022-07-06T14:06:28Z,algae_brown,504,0.006686666666666664
2022-07-06T14:06:28Z,algae_brown,506,0.006856250000000001
2022-07-06T14:06:28Z,algae_brown,508,0.0071875
2022-07-06T14:06:28Z,algae_brown,510,0.0074375000000000005
2022-07-06T14:06:28Z,algae_brown,512,0.0077
2022-07-06T14:06:28Z,algae_brown,514,0.007974999999999994
2022-07-06T14:06:28Z,algae_brown,516,0.00835999999999999
2022-07-06T14:06:28Z,algae_brown,518,0.008662500000000004
2022-07-06T14:06:28Z,algae_brown,520,0.009018750000000004
2022-07-06T14:06:28Z,algae_brown,522,0.0094
2022-07-06T14:06:28Z,algae_brown,524,0.009849999999999996
2022-07-06T14:06:28Z,algae_brown,526,0.010262499999999992
2022-07-06T14:06:28Z,algae_brown,528,0.010556249999999994
2022-07-06T14:06:28Z,algae_brown,530,0.01098666666666668
2022-07-06T14:06:28Z,algae_brown,532,0.011425000000000006
2022-07-06T14:06:28Z,algae_brown,534,0.011899999999999999
2022-07-06T14:06:28Z,algae_brown,536,0.012393749999999999
2022-07-06T14:06:28Z,algae_brown,538,0.012824999999999993
2022-07-06T14:06:28Z,algae_brown,540,0.01343333333333332
2022-07-06T14:06:28Z,algae_brown,542,0.013980000000000017
2022-07-06T14:06:28Z,algae_brown,544,0.014762500000000013
2022-07-06T14:06:28Z,algae_brown,546,0.015512500000000004
2022-07-06T14:06:28Z,algae_brown,548,0.0163
2022-07-06T14:06:28Z,algae_brown,550,0.017299999999999986
2022-07-06T14:06:28Z,algae_brown,552,0.0184333333333333
2022-07-06T14:06:28Z,algae_brown,554,0.019631250000000013
2022-07-06T14:06:28Z,algae_brown,556,0.02103750000000003
2022-07-06T14:06:28Z,algae_brown,558,0.022520000000000023
2022-07-06T14:06:28Z,algae_brown,560,0.024193750000000007
2022-07-06T14:06:28Z,algae_brown,562,0.026000000000000002
2022-07-06T14:06:28Z,algae_brown,564,0.027773333333333313
2022-07-06T14:06:28Z,algae_brown,566,0.02953124999999997
2022-07-06T14:06:28Z,algae_brown,568,0.031226666666666632
2022-07-06T14:06:28Z,algae_brown,570,0.03263333333333336
2022-07-06T14:06:28Z,algae_brown,572,0.03385000000000002
2022-07-06T14:06:28Z,algae_brown,574,0.03481333333333335
2022-07-06T14:06:28Z,algae_brown,576,0.0356
2022-07-06T14:06:28Z,algae_brown,578,0.03609375
2022-07-06T14:06:28Z,algae_brown,580,0.0363
2022-07-06T14:06:28Z,algae_brown,582,0.036387499999999996
2022-07-06T14:06:28Z,algae_brown,584,0.0364
2022-07-06T14:06:28Z,algae_brown,586,0.036449999999999996
2022-07-06T14:06:28Z,algae_brown,588,0.0365
2022-07-06T14:06:28Z,algae_brown,590,0.03672
2022-07-06T14:06:28Z,algae_brown,592,0.03722500000000001
2022-07-06T14:06:28Z,algae_brown,594,0.038066666666666665
2022-07-06T14:06:28Z,algae_brown,596,0.0392
2022-07-06T14:06:28Z,algae_brown,598,0.04005999999999999
2022-07-06T14:06:28Z,algae_brown,600,0.04072499999999999
2022-07-06T14:06:28Z,algae_brown,602,0.0409
2022-07-06T14:06:28Z,algae_brown,604,0.040450000000000014
2022-07-06T14:06:28Z,algae_brown,606,0.03937999999999998
2022-07-06T14:06:28Z,algae_brown,608,0.03793999999999996
2022-07-06T14:06:28Z,algae_brown,610,0.03630666666666665
2022-07-06T14:06:28Z,algae_brown,612,0.03443999999999998
2022-07-06T14:06:28Z,algae_brown,614,0.03270624999999999
2022-07-06T14:06:28Z,algae_brown,616,0.030899999999999997
2022-07-06T14:06:28Z,algae_brown,618,0.029633333333333334
2022-07-06T14:06:28Z,algae_brown,620,0.028725000000000007
2022-07-06T14:06:28Z,algae_brown,622,0.02812666666666667
2022-07-06T14:06:28Z,algae_brown,624,0.027600000000000006
2022-07-06T14:06:28Z,algae_brown,626,0.02714000000000001
2022-07-06T14:06:28Z,algae_brown,628,0.026740000000000007
2022-07-06T14:06:28Z,algae_brown,630,0.026487500000000015
2022-07-06T14:06:28Z,algae_brown,632,0.025813333333333324
2022-07-06T14:06:28Z,algae_brown,634,0.02527999999999999
2022-07-06T14:06:28Z,algae_brown,636,0.02512666666666667
2022-07-06T14:06:28Z,algae_brown,638,0.02551875000000001
2022-07-06T14:06:28Z,algae_brown,640,0.02609333333333334
2022-07-06T14:06:28Z,algae_brown,642,0.027160000000000014
2022-07-06T14:06:28Z,algae_brown,644,0.028360000000000014
2022-07-06T14:06:28Z,algae_brown,646,0.029381250000000005
2022-07-06T14:06:28Z,algae_brown,648,0.0297
2022-07-06T14:06:28Z,algae_brown,650,0.029333333333333333
2022-07-06T14:06:28Z,algae_brown,652,0.028133333333333333
2022-07-06T14:06:28Z,algae_brown,654,0.0264
2022-07-06T14:06:28Z,algae_brown,656,0.023833333333333335
2022-07-06T14:06:28Z,algae_brown,658,0.020937500000000022
2022-07-06T14:06:28Z,algae_brown,660,0.017853333333333367
2022-07-06T14:06:28Z,algae_brown,662,0.01564666666666669
2022-07-06T14:06:28Z,algae_brown,664,0.013680000000000019
2022-07-06T14:06:28Z,algae_brown,666,0.013013333333333337
2022-07-06T14:06:28Z,algae_brown,668,0.013153333333333331
2022-07-06T14:06:28Z,algae_brown,670,0.013839999999999986
2022-07-06T14:06:28Z,algae_brown,672,0.015133333333333318
2022-07-06T14:06:28Z,algae_brown,674,0.016853333333333307
2022-07-06T14:06:28Z,algae_brown,676,0.01929999999999997
2022-07-06T14:06:28Z,algae_brown,678,0.02205999999999997
2022-07-06T14:06:28Z,algae_brown,680,0.024993333333333295
2022-07-06T14:06:28Z,algae_brown,682,0.027799999999999978
2022-07-06T14:06:28Z,algae_brown,684,0.030639999999999966
2022-07-06T14:06:28Z,algae_brown,686,0.035466666666666584
2022-07-06T14:06:28Z,algae_brown,688,0.04285999999999992
2022-07-06T14:06:28Z,algae_brown,690,0.04976666666666659
2022-07-06T14:06:28Z,algae_brown,692,0.05806666666666654
2022-07-06T14:06:28Z,algae_brown,694,0.07017999999999985
2022-07-06T14:06:28Z,algae_brown,696,0.0838066666666665
2022-07-06T14:06:28Z,algae_brown,698,0.0971399999999998
2022-07-06T14:06:28Z,algae_brown,700,0.11403999999999982
2022-07-06T14:06:28Z,algae_brown,702,0.13131999999999983
2022-07-06T14:06:28Z,algae_brown,704,0.1501
2022-07-06T14:06:28Z,algae_brown,706,0.16603333333333334
2022-07-06T14:06:28Z,algae_brown,708,0.1816
2022-07-06T14:06:28Z,algae_brown,710,0.19663333333333333
2022-07-06T14:06:28Z,algae_brown,712,0.21116666666666667
2022-07-06T14:06:28Z,algae_brown,714,0.2311933333333336
2022-07-06T14:06:28Z,algae_brown,716,0.25766000000000033
2022-07-06T14:06:28Z,algae_brown,718,0.29936000000000057
2022-07-06T14:06:28Z,algae_brown,720,0.3415571428571433
2022-07-06T14:06:28Z,algae_brown,722,0.3751466666666675
2022-07-06T14:06:28Z,algae_brown,724,0.41688000000000097
2022-07-06T14:06:28Z,algae_brown,726,0.47884285714285824
2022-07-06T14:06:28Z,algae_brown,728,0.5318999999999992
2022-07-06T14:06:28Z,algae_brown,730,0.5363533333333337
2022-07-06T14:06:28Z,algae_brown,732,0.5126999999999995
2022-07-06T14:06:28Z,algae_brown,734,0.5469599999999996
2022-07-06T14:06:28Z,algae_brown,736,0.5653866666666666
2022-07-06T14:06:28Z,algae_brown,738,0.5838333333333333
2022-07-06T14:06:28Z,algae_brown,740,0.5161666666666667
2022-07-06T14:06:28Z,algae_brown,742,0.4696
2022-07-06T14:06:28Z,algae_brown,744,0.49748000000000087
2022-07-06T14:06:28Z,algae_brown,746,0.5144785714285708
2022-07-06T14:06:28Z,algae_brown,748,0.47531333333333375
2022-07-06T14:06:28Z,algae_brown,750,0.44785
2022-07-06T14:06:28Z,algae_brown,752,0.4086
2022-07-06T14:06:28Z,algae_brown,754,0.4705714285714283
2022-07-06T14:06:28Z,algae_brown,756,0.4934999999999996
2022-07-06T14:06:28Z,algae_brown,758,0.4033
2022-07-06T14:06:28Z,algae_brown,760,0.3410857142857139
2022-07-06T14:06:28Z,algae_brown,762,0.31965333333333396
2022-07-06T14:06:28Z,algae_brown,764,0.2888
2022-07-06T14:06:28Z,algae_brown,766,0.2718133333333322
2022-07-06T14:06:28Z,algae_brown,768,0.24348571428571453
2022-07-06T14:06:28Z,algae_brown,770,0.27666428571428653
2022-07-06T14:06:28Z,algae_brown,772,0.22699285714285738
2022-07-06T14:06:28Z,algae_brown,774,0.2357
2022-07-06T14:06:28Z,algae_brown,776,0.20849999999999985
2022-07-06T14:06:28Z,algae_brown,778,0.1731642857142846
2022-07-06T14:06:28Z,algae_brown,780,0.16681428571428394
2022-07-06T14:06:28Z,algae_brown,782,0.14336666666666428
2022-07-06T14:06:28Z,algae_brown,784,0.16607142857142884
2022-07-06T14:06:28Z,algae_brown,786,0.155
2022-07-06T14:06:28Z,algae_brown,788,0.19714285714285767
2022-07-06T14:06:28Z,algae_brown,790,0.18
2022-07-06T14:06:28Z,algae_brown,792,0.1725
2022-07-06T14:06:28Z,algae_brown,794,0.15107142857142883
2022-07-06T14:06:28Z,algae_brown,796,0.10842857142857106
2022-07-06T14:06:28Z,algae_brown,798,0.15557142857142897
2022-07-06T14:06:28Z,algae_brown,800,0.16630714285714318
2022-07-06T14:09:57Z,algae_brown,340,0.031147058823529618
2022-07-06T14:09:57Z,algae_brown,342,0.022062500000000006
2022-07-06T14:09:57Z,algae_brown,344,0.01735882352941172
2022-07-06T14:09:57Z,algae_brown,346,0.004593750000000024
2022-07-06T14:09:57Z,algae_brown,348,0
2022-07-06T14:09:57Z,algae_brown,350,0.04
2022-07-06T14:09:57Z,algae_brown,352,0.027223529411764844
2022-07-06T14:09:57Z,algae_brown,354,0.01023749999999996
2022-07-06T14:09:57Z,algae_brown,356,0
2022-07-06T14:09:57Z,algae_brown,358,0.014735294117647157
2022-07-06T14:09:57Z,algae_brown,360,0.029362499999999882
2022-07-06T14:09:57Z,algae_brown,362,0.0422470588235293
2022-07-06T14:09:57Z,algae_brown,364,0.02253750000000001
2022-07-06T14:09:57Z,algae_brown,366,0.020831250000000003
2022-07-06T14:09:57Z,algae_brown,368,0.0129
2022-07-06T14:09:57Z,algae_brown,370,0.025400000000000013
2022-07-06T14:09:57Z,algae_brown,372,0.02385
2022-07-06T14:09:57Z,algae_brown,374,0.014958823529411788
2022-07-06T14:09:57Z,algae_brown,376,0.031087499999999726
2022-07-06T14:09:57Z,algae_brown,378,0.01934117647058823
2022-07-06T14:09:57Z,algae_brown,380,0.020137500000000037
2022-07-06T14:09:57Z,algae_brown,382,0.019387500000000047
2022-07-06T14:09:57Z,algae_brown,384,0.016787499999999997
2022-07-06T14:09:57Z,algae_brown,386,0.021211764705882402
2022-07-06T14:09:57Z,algae_brown,388,0.015424999999999977
2022-07-06T14:09:57Z,algae_brown,390,0.017706250000000003
2022-07-06T14:09:57Z,algae_brown,392,0.014262500000000013
2022-07-06T14:09:57Z,algae_brown,394,0.016
2022-07-06T14:09:57Z,algae_brown,396,0.014249999999999994
2022-07-06T14:09:57Z,algae_brown,398,0.01395
2022-07-06T14:09:57Z,algae_brown,400,0.01244999999999999
2022-07-06T14:09:57Z,algae_brown,402,0.010700000000000001
2022-07-06T14:09:57Z,algae_brown,404,0.008511764705882302
2022-07-06T14:09:57Z,algae_brown,406,0.01175625
2022-07-06T14:09:57Z,algae_brown,408,0.010874999999999994
2022-07-06T14:09:57Z,algae_brown,410,0.010312500000000002
2022-07-06T14:09:57Z,algae_brown,412,0.01004999999999999
2022-07-06T14:09:57Z,algae_brown,414,0.008450000000000003
2022-07-06T14:09:57Z,algae_brown,416,0.008349999999999998
2022-07-06T14:09:57Z,algae_brown,418,0.008276470588235295
2022-07-06T14:09:57Z,algae_brown,420,0.009662499999999997
2022-07-06T14:09:57Z,algae_brown,422,0.009574999999999986
2022-07-06T14:09:57Z,algae_brown,424,0.008450000000000003
2022-07-06T14:09:57Z,algae_brown,426,0.0080375
2022-07-06T14:09:57Z,algae_brown,428,0.008275000000000001
2022-07-06T14:09:57Z,algae_brown,430,0.007874999999999995
2022-07-06T14:09:57Z,algae_brown,432,0.007375000000000001
2022-07-06T14:09:57Z,algae_brown,434,0.007475000000000001
2022-07-06T14:09:57Z,algae_brown,436,0.0071875
2022-07-06T14:09:57Z,algae_brown,438,0.007137500000000001
2022-07-06T14:09:57Z,algae_brown,440,0.007137500000000001
2022-07-06T14:09:57Z,algae_brown,442,0.0071875
2022-07-06T14:09:57Z,algae_brown,444,0.007012499999999999
2022-07-06T14:09:57Z,algae_brown,446,0.007250000000000003
2022-07-06T14:09:57Z,algae_brown,448,0.007624999999999998
2022-07-06T14:09:57Z,algae_brown,450,0.0077
2022-07-06T14:09:57Z,algae_brown,452,0.0076124999999999995
2022-07-06T14:09:57Z,algae_brown,454,0.0077
2022-07-06T14:09:57Z,algae_brown,456,0.0077624999999999994
2022-07-06T14:09:57Z,algae_brown,458,0.0078875
2022-07-06T14:09:57Z,algae_brown,460,0.0079125
2022-07-06T14:09:57Z,algae_brown,462,0.007962499999999999
2022-07-06T14:09:57Z,algae_brown,464,0.007962499999999999
2022-07-06T14:09:57Z,algae_brown,466,0.008175
2022-07-06T14:09:57Z,algae_brown,468,0.008239999999999997
2022-07-06T14:09:57Z,algae_brown,470,0.008631250000000002
2022-07-06T14:09:57Z,algae_brown,472,0.0088
2022-07-06T14:09:57Z,algae_brown,474,0.009174999999999994
2022-07-06T14:09:57Z,algae_brown,476,0.009375000000000003
2022-07-06T14:09:57Z,algae_brown,478,0.009787500000000001
2022-07-06T14:09:57Z,algae_brown,480,0.0100375
2022-07-06T14:09:57Z,algae_brown,482,0.01
2022-07-06T14:09:57Z,algae_brown,484,0.0101
2022-07-06T14:09:57Z,algae_brown,486,0.01015
2022-07-06T14:09:57Z,algae_brown,488,0.010350000000000002
2022-07-06T14:09:57Z,algae_brown,490,0.0105
2022-07-06T14:09:57Z,algae_brown,492,0.0104
2022-07-06T14:09:57Z,algae_brown,494,0.0104
2022-07-06T14:09:57Z,algae_brown,496,0.010562499999999999
2022-07-06T14:09:57Z,algae_brown,498,0.010624999999999999
2022-07-06T14:09:57Z,algae_brown,500,0.010837500000000002
2022-07-06T14:09:57Z,algae_brown,502,0.011087499999999998
2022-07-06T14:09:57Z,algae_brown,504,0.011479999999999995
2022-07-06T14:09:57Z,algae_brown,506,0.011756250000000001
2022-07-06T14:09:57Z,algae_brown,508,0.012131250000000001
2022-07-06T14:09:57Z,algae_brown,510,0.0124375
2022-07-06T14:09:57Z,algae_brown,512,0.0128
2022-07-06T14:09:57Z,algae_brown,514,0.013099999999999994
2022-07-06T14:09:57Z,algae_brown,516,0.013666666666666652
2022-07-06T14:09:57Z,algae_brown,518,0.014143750000000005
2022-07-06T14:09:57Z,algae_brown,520,0.014418750000000003
2022-07-06T14:09:57Z,algae_brown,522,0.014833333333333334
2022-07-06T14:09:57Z,algae_brown,524,0.015287499999999997
2022-07-06T14:09:57Z,algae_brown,526,0.015837499999999987
2022-07-06T14:09:57Z,algae_brown,528,0.016412499999999986
2022-07-06T14:09:57Z,algae_brown,530,0.017040000000000007
2022-07-06T14:09:57Z,algae_brown,532,0.01757500000000001
2022-07-06T14:09:57Z,algae_brown,534,0.0182
2022-07-06T14:09:57Z,algae_brown,536,0.018887499999999998
2022-07-06T14:09:57Z,algae_brown,538,0.019581249999999988
2022-07-06T14:09:57Z,algae_brown,540,0.020406666666666642
2022-07-06T14:09:57Z,algae_brown,542,0.021293333333333355
2022-07-06T14:09:57Z,algae_brown,544,0.02225000000000002
2022-07-06T14:09:57Z,algae_brown,546,0.023318750000000003
2022-07-06T14:09:57Z,algae_brown,548,0.0245
2022-07-06T14:09:57Z,algae_brown,550,0.025974999999999977
2022-07-06T14:09:57Z,algae_brown,552,0.027493333333333293
2022-07-06T14:09:57Z,algae_brown,554,0.02931875000000003
2022-07-06T14:09:57Z,algae_brown,556,0.031200000000000044
2022-07-06T14:09:57Z,algae_brown,558,0.033280000000000025
2022-07-06T14:09:57Z,algae_brown,560,0.035468750000000014
2022-07-06T14:09:57Z,algae_brown,562,0.0379
2022-07-06T14:09:57Z,algae_brown,564,0.040153333333333305
2022-07-06T14:09:57Z,algae_brown,566,0.04229999999999996
2022-07-06T14:09:57Z,algae_brown,568,0.04412666666666663
2022-07-06T14:09:57Z,algae_brown,570,0.045633333333333366
2022-07-06T14:09:57Z,algae_brown,572,0.046850000000000024
2022-07-06T14:09:57Z,algae_brown,574,0.047593333333333335
2022-07-06T14:09:57Z,algae_brown,576,0.048
2022-07-06T14:09:57Z,algae_brown,578,0.0481
2022-07-06T14:09:57Z,algae_brown,580,0.04804
2022-07-06T14:09:57Z,algae_brown,582,0.047825000000000006
2022-07-06T14:09:57Z,algae_brown,584,0.047500000000000014
2022-07-06T14:09:57Z,algae_brown,586,0.04695
2022-07-06T14:09:57Z,algae_brown,588,0.046639999999999994
2022-07-06T14:09:57Z,algae_brown,590,0.046640000000000015
2022-07-06T14:09:57Z,algae_brown,592,0.047462500000000005
2022-07-06T14:09:57Z,algae_brown,594,0.04836666666666667
2022-07-06T14:09:57Z,algae_brown,596,0.049400000000000006
2022-07-06T14:09:57Z,algae_brown,598,0.05025999999999999
2022-07-06T14:09:57Z,algae_brown,600,0.05086874999999999
2022-07-06T14:09:57Z,algae_brown,602,0.05091333333333334
2022-07-06T14:09:57Z,algae_brown,604,0.050468750000000014
2022-07-06T14:09:57Z,algae_brown,606,0.04929333333333329
2022-07-06T14:09:57Z,algae_brown,608,0.04731999999999995
2022-07-06T14:09:57Z,algae_brown,610,0.044893333333333306
2022-07-06T14:09:57Z,algae_brown,612,0.042679999999999975
2022-07-06T14:09:57Z,algae_brown,614,0.040499999999999994
2022-07-06T14:09:57Z,algae_brown,616,0.0383
2022-07-06T14:09:57Z,algae_brown,618,0.0365
2022-07-06T14:09:57Z,algae_brown,620,0.0351375
2022-07-06T14:09:57Z,algae_brown,622,0.034240000000000013
2022-07-06T14:09:57Z,algae_brown,624,0.03357500000000001
2022-07-06T14:09:57Z,algae_brown,626,0.03293333333333335
2022-07-06T14:09:57Z,algae_brown,628,0.032353333333333345
2022-07-06T14:09:57Z,algae_brown,630,0.03208750000000001
2022-07-06T14:09:57Z,algae_brown,632,0.03141333333333332
2022-07-06T14:09:57Z,algae_brown,634,0.030559999999999976
2022-07-06T14:09:57Z,algae_brown,636,0.030186666666666664
2022-07-06T14:09:57Z,algae_brown,638,0.03036250000000001
2022-07-06T14:09:57Z,algae_brown,640,0.03128666666666668
2022-07-06T14:09:57Z,algae_brown,642,0.03266666666666668
2022-07-06T14:09:57Z,algae_brown,644,0.03368
2022-07-06T14:09:57Z,algae_brown,646,0.03414375000000001
2022-07-06T14:09:57Z,algae_brown,648,0.0346
2022-07-06T14:09:57Z,algae_brown,650,0.03423333333333334
2022-07-06T14:09:57Z,algae_brown,652,0.032633333333333334
2022-07-06T14:09:57Z,algae_brown,654,0.0302
2022-07-06T14:09:57Z,algae_brown,656,0.027466666666666667
2022-07-06T14:09:57Z,algae_brown,658,0.02462500000000002
2022-07-06T14:09:57Z,algae_brown,660,0.021466666666666703
2022-07-06T14:09:57Z,algae_brown,662,0.01859333333333336
2022-07-06T14:09:57Z,algae_brown,664,0.01648000000000002
2022-07-06T14:09:57Z,algae_brown,666,0.01581333333333334
2022-07-06T14:09:57Z,algae_brown,668,0.016786666666666655
2022-07-06T14:09:57Z,algae_brown,670,0.017899999999999985
2022-07-06T14:09:57Z,algae_brown,672,0.02025999999999997
2022-07-06T14:09:57Z,algae_brown,674,0.022759999999999968
2022-07-06T14:09:57Z,algae_brown,676,0.025619999999999966
2022-07-06T14:09:57Z,algae_brown,678,0.029113333333333293
2022-07-06T14:09:57Z,algae_brown,680,0.033073333333333295
2022-07-06T14:09:57Z,algae_brown,682,0.03675999999999996
2022-07-06T14:09:57Z,algae_brown,684,0.03994666666666663
2022-07-06T14:09:57Z,algae_brown,686,0.046313333333333234
2022-07-06T14:09:57Z,algae_brown,688,0.05609999999999988
2022-07-06T14:09:57Z,algae_brown,690,0.06517999999999989
2022-07-06T14:09:57Z,algae_brown,692,0.07383999999999988
2022-07-06T14:09:57Z,algae_brown,694,0.08653999999999984
2022-07-06T14:09:57Z,algae_brown,696,0.10237999999999982
2022-07-06T14:09:57Z,algae_brown,698,0.11964666666666644
2022-07-06T14:09:57Z,algae_brown,700,0.13919999999999977
2022-07-06T14:09:57Z,algae_brown,702,0.1617066666666664
2022-07-06T14:09:57Z,algae_brown,704,0.18373333333333333
2022-07-06T14:09:57Z,algae_brown,706,0.20473333333333335
2022-07-06T14:09:57Z,algae_brown,708,0.226
2022-07-06T14:09:57Z,algae_brown,710,0.24689999999999998
2022-07-06T14:09:57Z,algae_brown,712,0.2651
2022-07-06T14:09:57Z,algae_brown,714,0.2927266666666671
2022-07-06T14:09:57Z,algae_brown,716,0.32630000000000037
2022-07-06T14:09:57Z,algae_brown,718,0.3800000000000008
2022-07-06T14:09:57Z,algae_brown,720,0.42790000000000084
2022-07-06T14:09:57Z,algae_brown,722,0.49693333333333506
2022-07-06T14:09:57Z,algae_brown,724,0.5542400000000011
2022-07-06T14:09:57Z,algae_brown,726,0.60847142857143
2022-07-06T14:09:57Z,algae_brown,728,0.6810066666666654
2022-07-06T14:09:57Z,algae_brown,730,0.7315466666666656
2022-07-06T14:09:57Z,algae_brown,732,0.7475928571428552
2022-07-06T14:09:57Z,algae_brown,734,0.7866800000000004
2022-07-06T14:09:57Z,algae_brown,736,0.7875066666666665
2022-07-06T14:09:57Z,algae_brown,738,0.7172
2022-07-06T14:09:57Z,algae_brown,740,0.7264666666666666
2022-07-06T14:09:57Z,algae_brown,742,0.7467
2022-07-06T14:09:57Z,algae_brown,744,0.7394599999999998
2022-07-06T14:09:57Z,algae_brown,746,0.7061285714285706
2022-07-06T14:09:57Z,algae_brown,748,0.6818800000000024
2022-07-06T14:09:57Z,algae_brown,750,0.7659
2022-07-06T14:09:57Z,algae_brown,752,0.6820466666666702
2022-07-06T14:09:57Z,algae_brown,754,0.6202571428571424
2022-07-06T14:09:57Z,algae_brown,756,0.5833200000000013
2022-07-06T14:09:57Z,algae_brown,758,0.5167
2022-07-06T14:09:57Z,algae_brown,760,0.48439999999999994
2022-07-06T14:09:57Z,algae_brown,762,0.5171400000000009
2022-07-06T14:09:57Z,algae_brown,764,0.5303399999999994
2022-07-06T14:09:57Z,algae_brown,766,0.45925333333332996
2022-07-06T14:09:57Z,algae_brown,768,0.4642857142857125
2022-07-06T14:09:57Z,algae_brown,770,0.38928571428571573
2022-07-06T14:09:57Z,algae_brown,772,0.38214285714285684
2022-07-06T14:09:57Z,algae_brown,774,0.3
2022-07-06T14:09:57Z,algae_brown,776,0.32001999999999914
2022-07-06T14:09:57Z,algae_brown,778,0.2632285714285706
2022-07-06T14:09:57Z,algae_brown,780,0.23267142857142922
2022-07-06T14:09:57Z,algae_brown,782,0.24190000000000086
2022-07-06T14:09:57Z,algae_brown,784,0.2286
2022-07-06T14:09:57Z,algae_brown,786,0.2571333333333333
2022-07-06T14:09:57Z,algae_brown,788,0.15921428571428506
2022-07-06T14:09:57Z,algae_brown,790,0.2506666666666691
2022-07-06T14:09:57Z,algae_brown,792,0.30000000000000004
2022-07-06T14:09:57Z,algae_brown,794,0.17479285714285914
2022-07-06T14:09:57Z,algae_brown,796,0.14418571428571383
2022-07-06T14:09:57Z,algae_brown,798,0.19182857142857176
2022-07-06T14:09:57Z,algae_brown,800,0.2790499999999998
2022-07-06T14:12:02Z,algae_brown,340,0.021147058823529193
2022-07-06T14:12:02Z,algae_brown,342,0.014612500000000073
2022-07-06T14:12:02Z,algae_brown,344,0.010870588235294238
2022-07-06T14:12:02Z,algae_brown,346,0.05099374999999992
2022-07-06T14:12:02Z,algae_brown,348,0.04115882352941137
2022-07-06T14:12:02Z,algae_brown,350,0.05
2022-07-06T14:12:02Z,algae_brown,352,0.020017647058823362
2022-07-06T14:12:02Z,algae_brown,354,0.04230625000000006
2022-07-06T14:12:02Z,algae_brown,356,0.03750624999999987
2022-07-06T14:12:02Z,algae_brown,358,0.0286
2022-07-06T14:12:02Z,algae_brown,360,0
2022-07-06T14:12:02Z,algae_brown,362,0
2022-07-06T14:12:02Z,algae_brown,364,0.01985624999999992
2022-07-06T14:12:02Z,algae_brown,366,0.04269374999999996
2022-07-06T14:12:02Z,algae_brown,368,0.0353
2022-07-06T14:12:02Z,algae_brown,370,0.051999999999999824
2022-07-06T14:12:02Z,algae_brown,372,0.05835
2022-07-06T14:12:02Z,algae_brown,374,0.04830588235294118
2022-07-06T14:12:02Z,algae_brown,376,0.02856875000000027
2022-07-06T14:12:02Z,algae_brown,378,0.024317647058823447
2022-07-06T14:12:02Z,algae_brown,380,0.019000000000000072
2022-07-06T14:12:02Z,algae_brown,382,0.02749999999999995
2022-07-06T14:12:02Z,algae_brown,384,0.0296
2022-07-06T14:12:02Z,algae_brown,386,0.03294705882352943
2022-07-06T14:12:02Z,algae_brown,388,0.031237499999999984
2022-07-06T14:12:02Z,algae_brown,390,0.02863125000000002
2022-07-06T14:12:02Z,algae_brown,392,0.020125000000000025
2022-07-06T14:12:02Z,algae_brown,394,0.0279
2022-07-06T14:12:02Z,algae_brown,396,0.025349999999999987
2022-07-06T14:12:02Z,algae_brown,398,0.02395
2022-07-06T14:12:02Z,algae_brown,400,0.020599999999999986
2022-07-06T14:12:02Z,algae_brown,402,0.0154
2022-07-06T14:12:02Z,algae_brown,404,0.018470588235294096
2022-07-06T14:12:02Z,algae_brown,406,0.020787500000000004
2022-07-06T14:12:02Z,algae_brown,408,0.021387499999999997
2022-07-06T14:12:02Z,algae_brown,410,0.018293750000000043
2022-07-06T14:12:02Z,algae_brown,412,0.017187499999999998
2022-07-06T14:12:02Z,algae_brown,414,0.017268750000000003
2022-07-06T14:12:02Z,algae_brown,416,0.016968749999999994
2022-07-06T14:12:02Z,algae_brown,418,0.01614705882352941
2022-07-06T14:12:02Z,algae_brown,420,0.0147125
2022-07-06T14:12:02Z,algae_brown,422,0.014574999999999994
2022-07-06T14:12:02Z,algae_brown,424,0.015012499999999988
2022-07-06T14:12:02Z,algae_brown,426,0.015062499999999998
2022-07-06T14:12:02Z,algae_brown,428,0.013987500000000003
2022-07-06T14:12:02Z,algae_brown,430,0.013012499999999995
2022-07-06T14:12:02Z,algae_brown,432,0.013074999999999995
2022-07-06T14:12:02Z,algae_brown,434,0.013300000000000001
2022-07-06T14:12:02Z,algae_brown,436,0.013600000000000004
2022-07-06T14:12:02Z,algae_brown,438,0.012975000000000002
2022-07-06T14:12:02Z,algae_brown,440,0.012975000000000002
2022-07-06T14:12:02Z,algae_brown,442,0.0129875
2022-07-06T14:12:02Z,algae_brown,444,0.013000000000000001
2022-07-06T14:12:02Z,algae_brown,446,0.013150000000000004
2022-07-06T14:12:02Z,algae_brown,448,0.013649999999999997
2022-07-06T14:12:02Z,algae_brown,450,0.0135375
2022-07-06T14:12:02Z,algae_brown,452,0.013749999999999998
2022-07-06T14:12:02Z,algae_brown,454,0.014325000000000004
2022-07-06T14:12:02Z,algae_brown,456,0.014512500000000003
2022-07-06T14:12:02Z,algae_brown,458,0.0144
2022-07-06T14:12:02Z,algae_brown,460,0.0147125
2022-07-06T14:12:02Z,algae_brown,462,0.014649999999999996
2022-07-06T14:12:02Z,algae_brown,464,0.014649999999999996
2022-07-06T14:12:02Z,algae_brown,466,0.015150000000000002
2022-07-06T14:12:02Z,algae_brown,468,0.015539999999999998
2022-07-06T14:12:02Z,algae_brown,470,0.01593125
2022-07-06T14:12:02Z,algae_brown,472,0.016443750000000004
2022-07-06T14:12:02Z,algae_brown,474,0.017068749999999994
2022-07-06T14:12:02Z,algae_brown,476,0.017518750000000003
2022-07-06T14:12:02Z,algae_brown,478,0.017775000000000003
2022-07-06T14:12:02Z,algae_brown,480,0.018343750000000006
2022-07-06T14:12:02Z,algae_brown,482,0.0187
2022-07-06T14:12:02Z,algae_brown,484,0.018974999999999995
2022-07-06T14:12:02Z,algae_brown,486,0.019249999999999996
2022-07-06T14:12:02Z,algae_brown,488,0.019299999999999998
2022-07-06T14:12:02Z,algae_brown,490,0.019299999999999998
2022-07-06T14:12:02Z,algae_brown,492,0.0195
2022-07-06T14:12:02Z,algae_brown,494,0.01955625
2022-07-06T14:12:02Z,algae_brown,496,0.0197625
2022-07-06T14:12:02Z,algae_brown,498,0.020124999999999997
2022-07-06T14:12:02Z,algae_brown,500,0.020375
2022-07-06T14:12:02Z,algae_brown,502,0.020749999999999994
2022-07-06T14:12:02Z,algae_brown,504,0.02145999999999999
2022-07-06T14:12:02Z,algae_brown,506,0.021812500000000002
2022-07-06T14:12:02Z,algae_brown,508,0.022475000000000002
2022-07-06T14:12:02Z,algae_brown,510,0.023043750000000002
2022-07-06T14:12:02Z,algae_brown,512,0.023799999999999998
2022-07-06T14:12:02Z,algae_brown,514,0.024449999999999993
2022-07-06T14:12:02Z,algae_brown,516,0.025166666666666653
2022-07-06T14:12:02Z,algae_brown,518,0.02588750000000001
2022-07-06T14:12:02Z,algae_brown,520,0.026537500000000006
2022-07-06T14:12:02Z,algae_brown,522,0.027299999999999998
2022-07-06T14:12:02Z,algae_brown,524,0.028199999999999992
2022-07-06T14:12:02Z,algae_brown,526,0.02884999999999999
2022-07-06T14:12:02Z,algae_brown,528,0.02983124999999999
2022-07-06T14:12:02Z,algae_brown,530,0.030726666666666687
2022-07-06T14:12:02Z,algae_brown,532,0.03170000000000001
2022-07-06T14:12:02Z,algae_brown,534,0.0326
2022-07-06T14:12:02Z,algae_brown,536,0.033549999999999996
2022-07-06T14:12:02Z,algae_brown,538,0.03466249999999998
2022-07-06T14:12:02Z,algae_brown,540,0.03596666666666663
2022-07-06T14:12:02Z,algae_brown,542,0.03736000000000004
2022-07-06T14:12:02Z,algae_brown,544,0.038968750000000024
2022-07-06T14:12:02Z,algae_brown,546,0.040593750000000005
2022-07-06T14:12:02Z,algae_brown,548,0.0425
2022-07-06T14:12:02Z,algae_brown,550,0.044549999999999965
2022-07-06T14:12:02Z,algae_brown,552,0.0469666666666666
2022-07-06T14:12:02Z,algae_brown,554,0.04960625000000004
2022-07-06T14:12:02Z,algae_brown,556,0.05241250000000007
2022-07-06T14:12:02Z,algae_brown,558,0.05556000000000004
2022-07-06T14:12:02Z,algae_brown,560,0.05878750000000001
2022-07-06T14:12:02Z,algae_brown,562,0.0623
2022-07-06T14:12:02Z,algae_brown,564,0.06539333333333329
2022-07-06T14:12:02Z,algae_brown,566,0.06853749999999996
2022-07-06T14:12:02Z,algae_brown,568,0.07114666666666661
2022-07-06T14:12:02Z,algae_brown,570,0.07321333333333338
2022-07-06T14:12:02Z,algae_brown,572,0.07503750000000002
2022-07-06T14:12:02Z,algae_brown,574,0.07604000000000001
2022-07-06T14:12:02Z,algae_brown,576,0.0765
2022-07-06T14:12:02Z,algae_brown,578,0.07676250000000001
2022-07-06T14:12:02Z,algae_brown,580,0.07678000000000001
2022-07-06T14:12:02Z,algae_brown,582,0.0767
2022-07-06T14:12:02Z,algae_brown,584,0.07622000000000001
2022-07-06T14:12:02Z,algae_brown,586,0.07575
2022-07-06T14:12:02Z,algae_brown,588,0.07527999999999999
2022-07-06T14:12:02Z,algae_brown,590,0.07524666666666667
2022-07-06T14:12:02Z,algae_brown,592,0.0762
2022-07-06T14:12:02Z,algae_brown,594,0.07736666666666667
2022-07-06T14:12:02Z,algae_brown,596,0.0786
2022-07-06T14:12:02Z,algae_brown,598,0.07973333333333334
2022-07-06T14:12:02Z,algae_brown,600,0.080325
2022-07-06T14:12:02Z,algae_brown,602,0.08024
2022-07-06T14:12:02Z,algae_brown,604,0.07967500000000002
2022-07-06T14:12:02Z,algae_brown,606,0.07795333333333329
2022-07-06T14:12:02Z,algae_brown,608,0.07549999999999994
2022-07-06T14:12:02Z,algae_brown,610,0.07221999999999996
2022-07-06T14:12:02Z,algae_brown,612,0.06865999999999996
2022-07-06T14:12:02Z,algae_brown,614,0.06558749999999999
2022-07-06T14:12:02Z,algae_brown,616,0.06280000000000001
2022-07-06T14:12:02Z,algae_brown,618,0.0603
2022-07-06T14:12:02Z,algae_brown,620,0.05842500000000001
2022-07-06T14:12:02Z,algae_brown,622,0.056873333333333345
2022-07-06T14:12:02Z,algae_brown,624,0.055475000000000003
2022-07-06T14:12:02Z,algae_brown,626,0.05472666666666669
2022-07-06T14:12:02Z,algae_brown,628,0.05422666666666667
2022-07-06T14:12:02Z,algae_brown,630,0.05355625000000002
2022-07-06T14:12:02Z,algae_brown,632,0.052033333333333306
2022-07-06T14:12:02Z,algae_brown,634,0.05093999999999998
2022-07-06T14:12:02Z,algae_brown,636,0.050813333333333335
2022-07-06T14:12:02Z,algae_brown,638,0.05133750000000002
2022-07-06T14:12:02Z,algae_brown,640,0.052560000000000016
2022-07-06T14:12:02Z,algae_brown,642,0.05398666666666668
2022-07-06T14:12:02Z,algae_brown,644,0.05560000000000002
2022-07-06T14:12:02Z,algae_brown,646,0.05668125000000001
2022-07-06T14:12:02Z,algae_brown,648,0.056900000000000006
2022-07-06T14:12:02Z,algae_brown,650,0.05643333333333333
2022-07-06T14:12:02Z,algae_brown,652,0.05436666666666667
2022-07-06T14:12:02Z,algae_brown,654,0.052300000000000006
2022-07-06T14:12:02Z,algae_brown,656,0.047466666666666664
2022-07-06T14:12:02Z,algae_brown,658,0.042350000000000027
2022-07-06T14:12:02Z,algae_brown,660,0.0371733333333334
2022-07-06T14:12:02Z,algae_brown,662,0.03381333333333337
2022-07-06T14:12:02Z,algae_brown,664,0.030460000000000046
2022-07-06T14:12:02Z,algae_brown,666,0.028086666666666683
2022-07-06T14:12:02Z,algae_brown,668,0.028813333333333344
2022-07-06T14:12:02Z,algae_brown,670,0.02949999999999997
2022-07-06T14:12:02Z,algae_brown,672,0.03188666666666664
2022-07-06T14:12:02Z,algae_brown,674,0.036293333333333296
2022-07-06T14:12:02Z,algae_brown,676,0.04065999999999994
2022-07-06T14:12:02Z,algae_brown,678,0.04481999999999996
2022-07-06T14:12:02Z,algae_brown,680,0.050259999999999944
2022-07-06T14:12:02Z,algae_brown,682,0.05415999999999997
2022-07-06T14:12:02Z,algae_brown,684,0.05854666666666661
2022-07-06T14:12:02Z,algae_brown,686,0.06729999999999986
2022-07-06T14:12:02Z,algae_brown,688,0.07851999999999988
2022-07-06T14:12:02Z,algae_brown,690,0.08878666666666654
2022-07-06T14:12:02Z,algae_brown,692,0.09861999999999982
2022-07-06T14:12:02Z,algae_brown,694,0.1147599999999998
2022-07-06T14:12:02Z,algae_brown,696,0.1312799999999998
2022-07-06T14:12:02Z,algae_brown,698,0.14848666666666646
2022-07-06T14:12:02Z,algae_brown,700,0.16759999999999978
2022-07-06T14:12:02Z,algae_brown,702,0.1891733333333331
2022-07-06T14:12:02Z,algae_brown,704,0.21056666666666668
2022-07-06T14:12:02Z,algae_brown,706,0.22956666666666667
2022-07-06T14:12:02Z,algae_brown,708,0.2464
2022-07-06T14:12:02Z,algae_brown,710,0.2652333333333333
2022-07-06T14:12:02Z,algae_brown,712,0.27876666666666666
2022-07-06T14:12:02Z,algae_brown,714,0.2972400000000002
2022-07-06T14:12:02Z,algae_brown,716,0.32064000000000026
2022-07-06T14:12:02Z,algae_brown,718,0.34947333333333375
2022-07-06T14:12:02Z,algae_brown,720,0.3804285714285719
2022-07-06T14:12:02Z,algae_brown,722,0.4111066666666671
2022-07-06T14:12:02Z,algae_brown,724,0.4383600000000007
2022-07-06T14:12:02Z,algae_brown,726,0.47050000000000064
2022-07-06T14:12:02Z,algae_brown,728,0.5006599999999995
2022-07-06T14:12:02Z,algae_brown,730,0.5076200000000001
2022-07-06T14:12:02Z,algae_brown,732,0.4977857142857151
2022-07-06T14:12:02Z,algae_brown,734,0.47697999999999996
2022-07-06T14:12:02Z,algae_brown,736,0.5118999999999995
2022-07-06T14:12:02Z,algae_brown,738,0.5166666666666667
2022-07-06T14:12:02Z,algae_brown,740,0.49666666666666665
2022-07-06T14:12:02Z,algae_brown,742,0.46
2022-07-06T14:12:02Z,algae_brown,744,0.48496000000000083
2022-07-06T14:12:02Z,algae_brown,746,0.49913571428571357
2022-07-06T14:12:02Z,algae_brown,748,0.48649999999999977
2022-07-06T14:12:02Z,algae_brown,750,0.48
2022-07-06T14:12:02Z,algae_brown,752,0.45686000000000077
2022-07-06T14:12:02Z,algae_brown,754,0.4337071428571441
2022-07-06T14:12:02Z,algae_brown,756,0.3914200000000002
2022-07-06T14:12:02Z,algae_brown,758,0.3846
2022-07-06T14:12:02Z,algae_brown,760,0.4182
2022-07-06T14:12:02Z,algae_brown,762,0.434186666666667
2022-07-06T14:12:02Z,algae_brown,764,0.4
2022-07-06T14:12:02Z,algae_brown,766,0.38133333333333214
2022-07-06T14:12:02Z,algae_brown,768,0.3180857142857154
2022-07-06T14:12:02Z,algae_brown,770,0.31943571428571316
2022-07-06T14:12:02Z,algae_brown,772,0.3178571428571431
2022-07-06T14:12:02Z,algae_brown,774,0.2571
2022-07-06T14:12:02Z,algae_brown,776,0.31425999999999926
2022-07-06T14:12:02Z,algae_brown,778,0.30817142857142943
2022-07-06T14:12:02Z,algae_brown,780,0.28161428571428504
2022-07-06T14:12:02Z,algae_brown,782,0.18094000000000432
2022-07-06T14:12:02Z,algae_brown,784,0.19387857142856996
2022-07-06T14:12:02Z,algae_brown,786,0.36000000000000004
2022-07-06T14:12:02Z,algae_brown,788,0.28
2022-07-06T14:12:02Z,algae_brown,790,0.21996666666666362
2022-07-06T14:12:02Z,algae_brown,792,0.11665
2022-07-06T14:12:02Z,algae_brown,794,0.22999999999999757
2022-07-06T14:12:02Z,algae_brown,796,0.22428571428571534
2022-07-06T14:12:02Z,algae_brown,798,0.14092857142857113
2022-07-06T14:12:02Z,algae_brown,800,0.11804285714285806
2022-07-06T14:15:20Z,algae_brown,340,0.020564705882352985
2022-07-06T14:15:20Z,algae_brown,342,0.0017874999999999365
2022-07-06T14:15:20Z,algae_brown,344,0.014476470588235297
2022-07-06T14:15:20Z,algae_brown,346,0.006475000000000033
2022-07-06T14:15:20Z,algae_brown,348,0
2022-07-06T14:15:20Z,algae_brown,350,0.0129
2022-07-06T14:15:20Z,algae_brown,352,0.020717647058823466
2022-07-06T14:15:20Z,algae_brown,354,0.022287499999999984
2022-07-06T14:15:20Z,algae_brown,356,0.009931249999999942
2022-07-06T14:15:20Z,algae_brown,358,6.941176470587887e-4
2022-07-06T14:15:20Z,algae_brown,360,0.011025000000000004
2022-07-06T14:15:20Z,algae_brown,362,0.012229411764705902
2022-07-06T14:15:20Z,algae_brown,364,0.017706249999999993
2022-07-06T14:15:20Z,algae_brown,366,-2.437499999998899e-4
2022-07-06T14:15:20Z,algae_brown,368,0
2022-07-06T14:15:20Z,algae_brown,370,0.004150000000000002
2022-07-06T14:15:20Z,algae_brown,372,0.00585
2022-07-06T14:15:20Z,algae_brown,374,0.0048764705882353016
2022-07-06T14:15:20Z,algae_brown,376,0.015887499999999825
2022-07-06T14:15:20Z,algae_brown,378,0.0130352941176471
2022-07-06T14:15:20Z,algae_brown,380,0.011887499999999869
2022-07-06T14:15:20Z,algae_brown,382,0.0027
2022-07-06T14:15:20Z,algae_brown,384,0.004800000000000011
2022-07-06T14:15:20Z,algae_brown,386,0.00894705882352943
2022-07-06T14:15:20Z,algae_brown,388,0.006706249999999994
2022-07-06T14:15:20Z,algae_brown,390,0.008162499999999998
2022-07-06T14:15:20Z,algae_brown,392,0.004293750000000023
2022-07-06T14:15:20Z,algae_brown,394,0.0048
2022-07-06T14:15:20Z,algae_brown,396,0.006700000000000007
2022-07-06T14:15:20Z,algae_brown,398,0.006
2022-07-06T14:15:20Z,algae_brown,400,0.006425000000000006
2022-07-06T14:15:20Z,algae_brown,402,0.0058
2022-07-06T14:15:20Z,algae_brown,404,0.005629411764705866
2022-07-06T14:15:20Z,algae_brown,406,0.005693749999999995
2022-07-06T14:15:20Z,algae_brown,408,0.0044
2022-07-06T14:15:20Z,algae_brown,410,0.004868749999999993
2022-07-06T14:15:20Z,algae_brown,412,0.004056250000000002
2022-07-06T14:15:20Z,algae_brown,414,0.003556249999999996
2022-07-06T14:15:20Z,algae_brown,416,0.0028750000000000017
2022-07-06T14:15:20Z,algae_brown,418,0.003529411764705886
2022-07-06T14:15:20Z,algae_brown,420,0.0034875
2022-07-06T14:15:20Z,algae_brown,422,0.0035500000000000037
2022-07-06T14:15:20Z,algae_brown,424,0.003862499999999999
2022-07-06T14:15:20Z,algae_brown,426,0.0039000000000000003
2022-07-06T14:15:20Z,algae_brown,428,0.003675000000000001
2022-07-06T14:15:20Z,algae_brown,430,0.003312499999999995
2022-07-06T14:15:20Z,algae_brown,432,0.002937500000000001
2022-07-06T14:15:20Z,algae_brown,434,0.0029
2022-07-06T14:15:20Z,algae_brown,436,0.0029875000000000006
2022-07-06T14:15:20Z,algae_brown,438,0.002862499999999999
2022-07-06T14:15:20Z,algae_brown,440,0.0028000000000000004
2022-07-06T14:15:20Z,algae_brown,442,0.0028000000000000004
2022-07-06T14:15:20Z,algae_brown,444,0.002949999999999998
2022-07-06T14:15:20Z,algae_brown,446,0.003187499999999997
2022-07-06T14:15:20Z,algae_brown,448,0.0031249999999999984
2022-07-06T14:15:20Z,algae_brown,450,0.0032
2022-07-06T14:15:20Z,algae_brown,452,0.0033
2022-07-06T14:15:20Z,algae_brown,454,0.003337500000000001
2022-07-06T14:15:20Z,algae_brown,456,0.0034000000000000002
2022-07-06T14:15:20Z,algae_brown,458,0.0034000000000000002
2022-07-06T14:15:20Z,algae_brown,460,0.0034875
2022-07-06T14:15:20Z,algae_brown,462,0.003437500000000001
2022-07-06T14:15:20Z,algae_brown,464,0.0034999999999999996
2022-07-06T14:15:20Z,algae_brown,466,0.0034999999999999996
2022-07-06T14:15:20Z,algae_brown,468,0.003526666666666665
2022-07-06T14:15:20Z,algae_brown,470,0.0037875000000000005
2022-07-06T14:15:20Z,algae_brown,472,0.0040375
2022-07-06T14:15:20Z,algae_brown,474,0.004193749999999999
2022-07-06T14:15:20Z,algae_brown,476,0.004237500000000001
2022-07-06T14:15:20Z,algae_brown,478,0.0044875
2022-07-06T14:15:20Z,algae_brown,480,0.00466875
2022-07-06T14:15:20Z,algae_brown,482,0.0048
2022-07-06T14:15:20Z,algae_brown,484,0.004724999999999998
2022-07-06T14:15:20Z,algae_brown,486,0.00485
2022-07-06T14:15:20Z,algae_brown,488,0.0048249999999999986
2022-07-06T14:15:20Z,algae_brown,490,0.0048
2022-07-06T14:15:20Z,algae_brown,492,0.00493125
2022-07-06T14:15:20Z,algae_brown,494,0.005
2022-07-06T14:15:20Z,algae_brown,496,0.005
2022-07-06T14:15:20Z,algae_brown,498,0.0051125
2022-07-06T14:15:20Z,algae_brown,500,0.0052
2022-07-06T14:15:20Z,algae_brown,502,0.005324999999999998
2022-07-06T14:15:20Z,algae_brown,504,0.005493333333333333
2022-07-06T14:15:20Z,algae_brown,506,0.0057375
2022-07-06T14:15:20Z,algae_brown,508,0.00594375
2022-07-06T14:15:20Z,algae_brown,510,0.006206250000000002
2022-07-06T14:15:20Z,algae_brown,512,0.0064
2022-07-06T14:15:20Z,algae_brown,514,0.006649999999999996
2022-07-06T14:15:20Z,algae_brown,516,0.006906666666666661
2022-07-06T14:15:20Z,algae_brown,518,0.007162500000000003
2022-07-06T14:15:20Z,algae_brown,520,0.007506250000000001
2022-07-06T14:15:20Z,algae_brown,522,0.007666666666666667
2022-07-06T14:15:20Z,algae_brown,524,0.007924999999999998
2022-07-06T14:15:20Z,algae_brown,526,0.008262499999999992
2022-07-06T14:15:20Z,algae_brown,528,0.008637499999999996
2022-07-06T14:15:20Z,algae_brown,530,0.00889333333333334
2022-07-06T14:15:20Z,algae_brown,532,0.009225000000000006
2022-07-06T14:15:20Z,algae_brown,534,0.0096
2022-07-06T14:15:20Z,algae_brown,536,0.009993749999999997
2022-07-06T14:15:20Z,algae_brown,538,0.010368749999999994
2022-07-06T14:15:20Z,algae_brown,540,0.010846666666666654
2022-07-06T14:15:20Z,algae_brown,542,0.011353333333333345
2022-07-06T14:15:20Z,algae_brown,544,0.01191875000000001
2022-07-06T14:15:20Z,algae_brown,546,0.012543750000000001
2022-07-06T14:15:20Z,algae_brown,548,0.013300000000000001
2022-07-06T14:15:20Z,algae_brown,550,0.014199999999999985
2022-07-06T14:15:20Z,algae_brown,552,0.015226666666666644
2022-07-06T14:15:20Z,algae_brown,554,0.016331250000000016
2022-07-06T14:15:20Z,algae_brown,556,0.017525000000000027
2022-07-06T14:15:20Z,algae_brown,558,0.018840000000000016
2022-07-06T14:15:20Z,algae_brown,560,0.020256250000000003
2022-07-06T14:15:20Z,algae_brown,562,0.0218
2022-07-06T14:15:20Z,algae_brown,564,0.023293333333333315
2022-07-06T14:15:20Z,algae_brown,566,0.024662499999999976
2022-07-06T14:15:20Z,algae_brown,568,0.025966666666666634
2022-07-06T14:15:20Z,algae_brown,570,0.026993333333333355
2022-07-06T14:15:20Z,algae_brown,572,0.02781875000000001
2022-07-06T14:15:20Z,algae_brown,574,0.028466666666666675
2022-07-06T14:15:20Z,algae_brown,576,0.028900000000000002
2022-07-06T14:15:20Z,algae_brown,578,0.02913125
2022-07-06T14:15:20Z,algae_brown,580,0.02926
2022-07-06T14:15:20Z,algae_brown,582,0.029212500000000002
2022-07-06T14:15:20Z,algae_brown,584,0.02908
2022-07-06T14:15:20Z,algae_brown,586,0.028999999999999998
2022-07-06T14:15:20Z,algae_brown,588,0.028999999999999998
2022-07-06T14:15:20Z,algae_brown,590,0.029220000000000006
2022-07-06T14:15:20Z,algae_brown,592,0.029687500000000006
2022-07-06T14:15:20Z,algae_brown,594,0.030333333333333334
2022-07-06T14:15:20Z,algae_brown,596,0.0311
2022-07-06T14:15:20Z,algae_brown,598,0.03173333333333333
2022-07-06T14:15:20Z,algae_brown,600,0.03226874999999999
2022-07-06T14:15:20Z,algae_brown,602,0.03231333333333334
2022-07-06T14:15:20Z,algae_brown,604,0.03196875000000001
2022-07-06T14:15:20Z,algae_brown,606,0.030886666666666635
2022-07-06T14:15:20Z,algae_brown,608,0.029339999999999963
2022-07-06T14:15:20Z,algae_brown,610,0.027713333333333312
2022-07-06T14:15:20Z,algae_brown,612,0.02601999999999998
2022-07-06T14:15:20Z,algae_brown,614,0.024474999999999993
2022-07-06T14:15:20Z,algae_brown,616,0.0231
2022-07-06T14:15:20Z,algae_brown,618,0.021766666666666667
2022-07-06T14:15:20Z,algae_brown,620,0.020925000000000006
2022-07-06T14:15:20Z,algae_brown,622,0.020420000000000008
2022-07-06T14:15:20Z,algae_brown,624,0.020050000000000002
2022-07-06T14:15:20Z,algae_brown,626,0.01979333333333334
2022-07-06T14:15:20Z,algae_brown,628,0.019266666666666682
2022-07-06T14:15:20Z,algae_brown,630,0.018743750000000003
2022-07-06T14:15:20Z,algae_brown,632,0.018313333333333324
2022-07-06T14:15:20Z,algae_brown,634,0.017939999999999994
2022-07-06T14:15:20Z,algae_brown,636,0.0179
2022-07-06T14:15:20Z,algae_brown,638,0.018075000000000008
2022-07-06T14:15:20Z,algae_brown,640,0.01874000000000001
2022-07-06T14:15:20Z,algae_brown,642,0.019460000000000015
2022-07-06T14:15:20Z,algae_brown,644,0.020500000000000008
2022-07-06T14:15:20Z,algae_brown,646,0.0209375
2022-07-06T14:15:20Z,algae_brown,648,0.021
2022-07-06T14:15:20Z,algae_brown,650,0.020800000000000003
2022-07-06T14:15:20Z,algae_brown,652,0.019866666666666668
2022-07-06T14:15:20Z,algae_brown,654,0.0183
2022-07-06T14:15:20Z,algae_brown,656,0.016933333333333335
2022-07-06T14:15:20Z,algae_brown,658,0.014737500000000016
2022-07-06T14:15:20Z,algae_brown,660,0.012326666666666694
2022-07-06T14:15:20Z,algae_brown,662,0.010606666666666683
2022-07-06T14:15:20Z,algae_brown,664,0.009500000000000008
2022-07-06T14:15:20Z,algae_brown,666,0.00939333333333333
2022-07-06T14:15:20Z,algae_brown,668,0.009879999999999995
2022-07-06T14:15:20Z,algae_brown,670,0.010759999999999985
2022-07-06T14:15:20Z,algae_brown,672,0.012413333333333314
2022-07-06T14:15:20Z,algae_brown,674,0.014179999999999972
2022-07-06T14:15:20Z,algae_brown,676,0.016399999999999977
2022-07-06T14:15:20Z,algae_brown,678,0.01849333333333331
2022-07-06T14:15:20Z,algae_brown,680,0.021373333333333314
2022-07-06T14:15:20Z,algae_brown,682,0.023719999999999967
2022-07-06T14:15:20Z,algae_brown,684,0.0266533333333333
2022-07-06T14:15:20Z,algae_brown,686,0.03107333333333327
2022-07-06T14:15:20Z,algae_brown,688,0.03729999999999993
2022-07-06T14:15:20Z,algae_brown,690,0.0434066666666666
2022-07-06T14:15:20Z,algae_brown,692,0.04901999999999992
2022-07-06T14:15:20Z,algae_brown,694,0.058059999999999876
2022-07-06T14:15:20Z,algae_brown,696,0.06867333333333321
2022-07-06T14:15:20Z,algae_brown,698,0.08113999999999985
2022-07-06T14:15:20Z,algae_brown,700,0.09547999999999982
2022-07-06T14:15:20Z,algae_brown,702,0.11093333333333315
2022-07-06T14:15:20Z,algae_brown,704,0.12893333333333334
2022-07-06T14:15:20Z,algae_brown,706,0.14633333333333334
2022-07-06T14:15:20Z,algae_brown,708,0.1617
2022-07-06T14:15:20Z,algae_brown,710,0.18063333333333334
2022-07-06T14:15:20Z,algae_brown,712,0.19863333333333333
2022-07-06T14:15:20Z,algae_brown,714,0.22088000000000038
2022-07-06T14:15:20Z,algae_brown,716,0.25712000000000046
2022-07-06T14:15:20Z,algae_brown,718,0.3036266666666672
2022-07-06T14:15:20Z,algae_brown,720,0.35942142857142934
2022-07-06T14:15:20Z,algae_brown,722,0.42282000000000153
2022-07-06T14:15:20Z,algae_brown,724,0.47954000000000113
2022-07-06T14:15:20Z,algae_brown,726,0.5584285714285725
2022-07-06T14:15:20Z,algae_brown,728,0.6118399999999993
2022-07-06T14:15:20Z,algae_brown,730,0.7447466666666623
2022-07-06T14:15:20Z,algae_brown,732,0.7814285714285726
2022-07-06T14:15:20Z,algae_brown,734,0.7799999999999992
2022-07-06T14:15:20Z,algae_brown,736,0.7377466666666677
2022-07-06T14:15:20Z,algae_brown,738,0.8208333333333333
2022-07-06T14:15:20Z,algae_brown,740,0.7958333333333333
2022-07-06T14:15:20Z,algae_brown,742,0.7625
2022-07-06T14:15:20Z,algae_brown,744,0.7439999999999994
2022-07-06T14:15:20Z,algae_brown,746,0.7155214285714284
2022-07-06T14:15:20Z,algae_brown,748,0.7467000000000018
2022-07-06T14:15:20Z,algae_brown,750,0.73845
2022-07-06T14:15:20Z,algae_brown,752,0.6369466666666681
2022-07-06T14:15:20Z,algae_brown,754,0.6524071428571449
2022-07-06T14:15:20Z,algae_brown,756,0.5800200000000005
2022-07-06T14:15:20Z,algae_brown,758,0.5818
2022-07-06T14:15:20Z,algae_brown,760,0.5272785714285717
2022-07-06T14:15:20Z,algae_brown,762,0.5893333333333339
2022-07-06T14:15:20Z,algae_brown,764,0.5355266666666672
2022-07-06T14:15:20Z,algae_brown,766,0.5599866666666673
2022-07-06T14:15:20Z,algae_brown,768,0.4244857142857183
2022-07-06T14:15:20Z,algae_brown,770,0.32854285714285775
2022-07-06T14:15:20Z,algae_brown,772,0.26539285714285754
2022-07-06T14:15:20Z,algae_brown,774,0.2667
2022-07-06T14:15:20Z,algae_brown,776,0.34855999999999915
2022-07-06T14:15:20Z,algae_brown,778,0.3554714285714301
2022-07-06T14:15:20Z,algae_brown,780,0.338814285714285
2022-07-06T14:15:20Z,algae_brown,782,0.28379333333333506
2022-07-06T14:15:20Z,algae_brown,784,0.17752142857143005
2022-07-06T14:15:20Z,algae_brown,786,0.15833333333333333
2022-07-06T14:15:20Z,algae_brown,788,0.2336428571428581
2022-07-06T14:15:20Z,algae_brown,790,0.2752399999999944
2022-07-06T14:15:20Z,algae_brown,792,0.1286
2022-07-06T14:15:20Z,algae_brown,794,0.19592142857142758
2022-07-06T14:15:20Z,algae_brown,796,0.24
2022-07-06T14:15:20Z,algae_brown,798,0.26857142857142907
2022-07-06T14:15:20Z,algae_brown,800,0.22854285714285597
2022-07-06T14:17:10Z,algae_brown,340,0.017482352941176508
2022-07-06T14:17:10Z,algae_brown,342,0.018125000000000002
2022-07-06T14:17:10Z,algae_brown,344,0.022082352941176518
2022-07-06T14:17:10Z,algae_brown,346,0.023156250000000028
2022-07-06T14:17:10Z,algae_brown,348,0.004141176470588027
2022-07-06T14:17:10Z,algae_brown,350,0.005600000000000001
2022-07-06T14:17:10Z,algae_brown,352,0.009529411764705946
2022-07-06T14:17:10Z,algae_brown,354,0.007631250000000011
2022-07-06T14:17:10Z,algae_brown,356,0.013318750000000018
2022-07-06T14:17:10Z,algae_brown,358,0.018482352941176495
2022-07-06T14:17:10Z,algae_brown,360,0.013562500000000002
2022-07-06T14:17:10Z,algae_brown,362,0.013194117647058823
2022-07-06T14:17:10Z,algae_brown,364,0.012550000000000002
2022-07-06T14:17:10Z,algae_brown,366,0.014799999999999987
2022-07-06T14:17:10Z,algae_brown,368,0.010700000000000001
2022-07-06T14:17:10Z,algae_brown,370,0.013050000000000003
2022-07-06T14:17:10Z,algae_brown,372,0.0126
2022-07-06T14:17:10Z,algae_brown,374,0.013994117647058818
2022-07-06T14:17:10Z,algae_brown,376,0.01338750000000002
2022-07-06T14:17:10Z,algae_brown,378,0.012482352941176483
2022-07-06T14:17:10Z,algae_brown,380,0.011962499999999956
2022-07-06T14:17:10Z,algae_brown,382,0.008775000000000002
2022-07-06T14:17:10Z,algae_brown,384,0.010100000000000007
2022-07-06T14:17:10Z,algae_brown,386,0.01651176470588236
2022-07-06T14:17:10Z,algae_brown,388,0.014162500000000014
2022-07-06T14:17:10Z,algae_brown,390,0.011368750000000004
2022-07-06T14:17:10Z,algae_brown,392,0.011531249999999995
2022-07-06T14:17:10Z,algae_brown,394,0.0088
2022-07-06T14:17:10Z,algae_brown,396,0.009049999999999992
2022-07-06T14:17:10Z,algae_brown,398,0.0108
2022-07-06T14:17:10Z,algae_brown,400,0.010674999999999987
2022-07-06T14:17:10Z,algae_brown,402,0.0091
2022-07-06T14:17:10Z,algae_brown,404,0.009017647058823545
2022-07-06T14:17:10Z,algae_brown,406,0.008537500000000003
2022-07-06T14:17:10Z,algae_brown,408,0.009031250000000001
2022-07-06T14:17:10Z,algae_brown,410,0.008531250000000008
2022-07-06T14:17:10Z,algae_brown,412,0.008293749999999996
2022-07-06T14:17:10Z,algae_brown,414,0.007531250000000001
2022-07-06T14:17:10Z,algae_brown,416,0.0074249999999999984
2022-07-06T14:17:10Z,algae_brown,418,0.007741176470588238
2022-07-06T14:17:10Z,algae_brown,420,0.007725000000000003
2022-07-06T14:17:10Z,algae_brown,422,0.0072
2022-07-06T14:17:10Z,algae_brown,424,0.007262499999999999
2022-07-06T14:17:10Z,algae_brown,426,0.006949999999999998
2022-07-06T14:17:10Z,algae_brown,428,0.0070875
2022-07-06T14:17:10Z,algae_brown,430,0.006887499999999997
2022-07-06T14:17:10Z,algae_brown,432,0.0064500000000000035
2022-07-06T14:17:10Z,algae_brown,434,0.006475000000000002
2022-07-06T14:17:10Z,algae_brown,436,0.0064
2022-07-06T14:17:10Z,algae_brown,438,0.006324999999999998
2022-07-06T14:17:10Z,algae_brown,440,0.006324999999999998
2022-07-06T14:17:10Z,algae_brown,442,0.006224999999999999
2022-07-06T14:17:10Z,algae_brown,444,0.006424999999999999
2022-07-06T14:17:10Z,algae_brown,446,0.0066
2022-07-06T14:17:10Z,algae_brown,448,0.006662499999999999
2022-07-06T14:17:10Z,algae_brown,450,0.0066124999999999995
2022-07-06T14:17:10Z,algae_brown,452,0.0068000000000000005
2022-07-06T14:17:10Z,algae_brown,454,0.006875000000000002
2022-07-06T14:17:10Z,algae_brown,456,0.0070624999999999985
2022-07-06T14:17:10Z,algae_brown,458,0.0070999999999999995
2022-07-06T14:17:10Z,algae_brown,460,0.0070999999999999995
2022-07-06T14:17:10Z,algae_brown,462,0.0070999999999999995
2022-07-06T14:17:10Z,algae_brown,464,0.007162499999999999
2022-07-06T14:17:10Z,algae_brown,466,0.007375000000000001
2022-07-06T14:17:10Z,algae_brown,468,0.007426666666666666
2022-07-06T14:17:10Z,algae_brown,470,0.00764375
2022-07-06T14:17:10Z,algae_brown,472,0.0078375
2022-07-06T14:17:10Z,algae_brown,474,0.0080875
2022-07-06T14:17:10Z,algae_brown,476,0.00831875
2022-07-06T14:17:10Z,algae_brown,478,0.0084875
2022-07-06T14:17:10Z,algae_brown,480,0.0086
2022-07-06T14:17:10Z,algae_brown,482,0.0088
2022-07-06T14:17:10Z,algae_brown,484,0.008924999999999999
2022-07-06T14:17:10Z,algae_brown,486,0.00905
2022-07-06T14:17:10Z,algae_brown,488,0.009175
2022-07-06T14:17:10Z,algae_brown,490,0.0091
2022-07-06T14:17:10Z,algae_brown,492,0.0091
2022-07-06T14:17:10Z,algae_brown,494,0.0092125
2022-07-06T14:17:10Z,algae_brown,496,0.009381249999999999
2022-07-06T14:17:10Z,algae_brown,498,0.0095
2022-07-06T14:17:10Z,algae_brown,500,0.0095375
2022-07-06T14:17:10Z,algae_brown,502,0.0096625
2022-07-06T14:17:10Z,algae_brown,504,0.009979999999999996
2022-07-06T14:17:10Z,algae_brown,506,0.010237500000000002
2022-07-06T14:17:10Z,algae_brown,508,0.0104875
2022-07-06T14:17:10Z,algae_brown,510,0.0107375
2022-07-06T14:17:10Z,algae_brown,512,0.0111
2022-07-06T14:17:10Z,algae_brown,514,0.011474999999999994
2022-07-06T14:17:10Z,algae_brown,516,0.01185999999999999
2022-07-06T14:17:10Z,algae_brown,518,0.012243750000000006
2022-07-06T14:17:10Z,algae_brown,520,0.012525000000000007
2022-07-06T14:17:10Z,algae_brown,522,0.013
2022-07-06T14:17:10Z,algae_brown,524,0.013387499999999998
2022-07-06T14:17:10Z,algae_brown,526,0.013762499999999992
2022-07-06T14:17:10Z,algae_brown,528,0.014174999999999993
2022-07-06T14:17:10Z,algae_brown,530,0.014640000000000009
2022-07-06T14:17:10Z,algae_brown,532,0.015025000000000005
2022-07-06T14:17:10Z,algae_brown,534,0.0155
2022-07-06T14:17:10Z,algae_brown,536,0.015956249999999998
2022-07-06T14:17:10Z,algae_brown,538,0.01652499999999999
2022-07-06T14:17:10Z,algae_brown,540,0.01713333333333332
2022-07-06T14:17:10Z,algae_brown,542,0.017666666666666685
2022-07-06T14:17:10Z,algae_brown,544,0.018362500000000014
2022-07-06T14:17:10Z,algae_brown,546,0.019181250000000004
2022-07-06T14:17:10Z,algae_brown,548,0.020099999999999996
2022-07-06T14:17:10Z,algae_brown,550,0.021099999999999983
2022-07-06T14:17:10Z,algae_brown,552,0.022233333333333303
2022-07-06T14:17:10Z,algae_brown,554,0.023593750000000017
2022-07-06T14:17:10Z,algae_brown,556,0.025050000000000034
2022-07-06T14:17:10Z,algae_brown,558,0.026580000000000017
2022-07-06T14:17:10Z,algae_brown,560,0.028193750000000007
2022-07-06T14:17:10Z,algae_brown,562,0.029900000000000003
2022-07-06T14:17:10Z,algae_brown,564,0.03164666666666665
2022-07-06T14:17:10Z,algae_brown,566,0.03333124999999997
2022-07-06T14:17:10Z,algae_brown,568,0.034853333333333306
2022-07-06T14:17:10Z,algae_brown,570,0.036133333333333365
2022-07-06T14:17:10Z,algae_brown,572,0.03730625000000002
2022-07-06T14:17:10Z,algae_brown,574,0.03814000000000001
2022-07-06T14:17:10Z,algae_brown,576,0.0388
2022-07-06T14:17:10Z,algae_brown,578,0.03923125
2022-07-06T14:17:10Z,algae_brown,580,0.03936
2022-07-06T14:17:10Z,algae_brown,582,0.0394
2022-07-06T14:17:10Z,algae_brown,584,0.03928
2022-07-06T14:17:10Z,algae_brown,586,0.03925
2022-07-06T14:17:10Z,algae_brown,588,0.03938
2022-07-06T14:17:10Z,algae_brown,590,0.03962
2022-07-06T14:17:10Z,algae_brown,592,0.040087500000000005
2022-07-06T14:17:10Z,algae_brown,594,0.04086666666666667
2022-07-06T14:17:10Z,algae_brown,596,0.04190000000000001
2022-07-06T14:17:10Z,algae_brown,598,0.04288666666666665
2022-07-06T14:17:10Z,algae_brown,600,0.04362499999999999
2022-07-06T14:17:10Z,algae_brown,602,0.0438
2022-07-06T14:17:10Z,algae_brown,604,0.04325000000000002
2022-07-06T14:17:10Z,algae_brown,606,0.0421333333333333
2022-07-06T14:17:10Z,algae_brown,608,0.04063999999999996
2022-07-06T14:17:10Z,algae_brown,610,0.038899999999999976
2022-07-06T14:17:10Z,algae_brown,612,0.03689999999999998
2022-07-06T14:17:10Z,algae_brown,614,0.03503749999999999
2022-07-06T14:17:10Z,algae_brown,616,0.0333
2022-07-06T14:17:10Z,algae_brown,618,0.032
2022-07-06T14:17:10Z,algae_brown,620,0.031025000000000007
2022-07-06T14:17:10Z,algae_brown,622,0.03024000000000001
2022-07-06T14:17:10Z,algae_brown,624,0.029600000000000008
2022-07-06T14:17:10Z,algae_brown,626,0.02914000000000001
2022-07-06T14:17:10Z,algae_brown,628,0.02874000000000001
2022-07-06T14:17:10Z,algae_brown,630,0.02852500000000001
2022-07-06T14:17:10Z,algae_brown,632,0.02796666666666665
2022-07-06T14:17:10Z,algae_brown,634,0.027299999999999987
2022-07-06T14:17:10Z,algae_brown,636,0.026913333333333338
2022-07-06T14:17:10Z,algae_brown,638,0.02713125000000001
2022-07-06T14:17:10Z,algae_brown,640,0.02774000000000001
2022-07-06T14:17:10Z,algae_brown,642,0.028553333333333347
2022-07-06T14:17:10Z,algae_brown,644,0.029660000000000016
2022-07-06T14:17:10Z,algae_brown,646,0.030612500000000004
2022-07-06T14:17:10Z,algae_brown,648,0.031200000000000002
2022-07-06T14:17:10Z,algae_brown,650,0.03083333333333333
2022-07-06T14:17:10Z,algae_brown,652,0.029633333333333334
2022-07-06T14:17:10Z,algae_brown,654,0.027999999999999997
2022-07-06T14:17:10Z,algae_brown,656,0.02546666666666667
2022-07-06T14:17:10Z,algae_brown,658,0.022875000000000017
2022-07-06T14:17:10Z,algae_brown,660,0.020053333333333367
2022-07-06T14:17:10Z,algae_brown,662,0.01812666666666669
2022-07-06T14:17:10Z,algae_brown,664,0.016260000000000024
2022-07-06T14:17:10Z,algae_brown,666,0.015046666666666677
2022-07-06T14:17:10Z,algae_brown,668,0.015233333333333326
2022-07-06T14:17:10Z,algae_brown,670,0.01631999999999998
2022-07-06T14:17:10Z,algae_brown,672,0.017919999999999985
2022-07-06T14:17:10Z,algae_brown,674,0.01977999999999997
2022-07-06T14:17:10Z,algae_brown,676,0.022419999999999968
2022-07-06T14:17:10Z,algae_brown,678,0.025166666666666636
2022-07-06T14:17:10Z,algae_brown,680,0.02765999999999997
2022-07-06T14:17:10Z,algae_brown,682,0.03033999999999997
2022-07-06T14:17:10Z,algae_brown,684,0.033153333333333306
2022-07-06T14:17:10Z,algae_brown,686,0.037979999999999924
2022-07-06T14:17:10Z,algae_brown,688,0.044559999999999926
2022-07-06T14:17:10Z,algae_brown,690,0.05051999999999993
2022-07-06T14:17:10Z,algae_brown,692,0.057819999999999885
2022-07-06T14:17:10Z,algae_brown,694,0.06849999999999985
2022-07-06T14:17:10Z,algae_brown,696,0.08068666666666653
2022-07-06T14:17:10Z,algae_brown,698,0.09457333333333316
2022-07-06T14:17:10Z,algae_brown,700,0.1114599999999998
2022-07-06T14:17:10Z,algae_brown,702,0.12847333333333313
2022-07-06T14:17:10Z,algae_brown,704,0.14666666666666667
2022-07-06T14:17:10Z,algae_brown,706,0.16360000000000002
2022-07-06T14:17:10Z,algae_brown,708,0.1796
2022-07-06T14:17:10Z,algae_brown,710,0.1968
2022-07-06T14:17:10Z,algae_brown,712,0.2138
2022-07-06T14:17:10Z,algae_brown,714,0.23508666666666694
2022-07-06T14:17:10Z,algae_brown,716,0.26030000000000036
2022-07-06T14:17:10Z,algae_brown,718,0.29454000000000047
2022-07-06T14:17:10Z,algae_brown,720,0.33805000000000046
2022-07-06T14:17:10Z,algae_brown,722,0.38174666666666796
2022-07-06T14:17:10Z,algae_brown,724,0.4488400000000017
2022-07-06T14:17:10Z,algae_brown,726,0.4963285714285718
2022-07-06T14:17:10Z,algae_brown,728,0.5197799999999995
2022-07-06T14:17:10Z,algae_brown,730,0.5627466666666654
2022-07-06T14:17:10Z,algae_brown,732,0.5815285714285704
2022-07-06T14:17:10Z,algae_brown,734,0.6038000000000001
2022-07-06T14:17:10Z,algae_brown,736,0.5440000000000009
2022-07-06T14:17:10Z,algae_brown,738,0.5217666666666667
2022-07-06T14:17:10Z,algae_brown,740,0.5091666666666667
2022-07-06T14:17:10Z,algae_brown,742,0.5529
2022-07-06T14:17:10Z,algae_brown,744,0.5474999999999994
2022-07-06T14:17:10Z,algae_brown,746,0.5053571428571422
2022-07-06T14:17:10Z,algae_brown,748,0.46847333333333374
2022-07-06T14:17:10Z,algae_brown,750,0.5015499999999999
2022-07-06T14:17:10Z,algae_brown,752,0.49640666666666755
2022-07-06T14:17:10Z,algae_brown,754,0.4945214285714304
2022-07-06T14:17:10Z,algae_brown,756,0.4462
2022-07-06T14:17:10Z,algae_brown,758,0.4667
2022-07-06T14:17:10Z,algae_brown,760,0.43503571428571397
2022-07-06T14:17:10Z,algae_brown,762,0.3733066666666661
2022-07-06T14:17:10Z,algae_brown,764,0.31322000000000094
2022-07-06T14:17:10Z,algae_brown,766,0.3085933333333313
2022-07-06T14:17:10Z,algae_brown,768,0.29609999999999936
2022-07-06T14:17:10Z,algae_brown,770,0.26
2022-07-06T14:17:10Z,algae_brown,772,0.23312857142857168
2022-07-06T14:17:10Z,algae_brown,774,0.16
2022-07-06T14:17:10Z,algae_brown,776,0.17998000000000178
2022-07-06T14:17:10Z,algae_brown,778,0.21071428571428427
2022-07-06T14:17:10Z,algae_brown,780,0.23968571428571261
2022-07-06T14:17:10Z,algae_brown,782,0.1469733333333351
2022-07-06T14:17:10Z,algae_brown,784,0.15305714285714225
2022-07-06T14:17:10Z,algae_brown,786,0.22219999999999998
2022-07-06T14:17:10Z,algae_brown,788,0.24764285714285791
2022-07-06T14:17:10Z,algae_brown,790,0.1405133333333328
2022-07-06T14:17:10Z,algae_brown,792,0.13395
2022-07-06T14:17:10Z,algae_brown,794,0.16936428571428522
2022-07-06T14:17:10Z,algae_brown,796,0.25581428571428616
2022-07-06T14:17:10Z,algae_brown,798,0.112957142857141
2022-07-06T14:17:10Z,algae_brown,800,0.10102142857142883
2022-07-06T14:21:40Z,algae_brown,340,0.008323529411764598
2022-07-06T14:21:40Z,algae_brown,342,0.01743750000000003
2022-07-06T14:21:40Z,algae_brown,344,0.018205882352941245
2022-07-06T14:21:40Z,algae_brown,346,0.01927500000000004
2022-07-06T14:21:40Z,algae_brown,348,0.019658823529411895
2022-07-06T14:21:40Z,algae_brown,350,0.0222
2022-07-06T14:21:40Z,algae_brown,352,0.0206941176470589
2022-07-06T14:21:40Z,algae_brown,354,0.0158
2022-07-06T14:21:40Z,algae_brown,356,0.025081250000000062
2022-07-06T14:21:40Z,algae_brown,358,0.024976470588235263
2022-07-06T14:21:40Z,algae_brown,360,0.027250000000000024
2022-07-06T14:21:40Z,algae_brown,362,0.022347058823529407
2022-07-06T14:21:40Z,algae_brown,364,0.01635625000000002
2022-07-06T14:21:40Z,algae_brown,366,0.018537499999999964
2022-07-06T14:21:40Z,algae_brown,368,0.0226
2022-07-06T14:21:40Z,algae_brown,370,0.015350000000000101
2022-07-06T14:21:40Z,algae_brown,372,0.0149
2022-07-06T14:21:40Z,algae_brown,374,0.022223529411764708
2022-07-06T14:21:40Z,algae_brown,376,0.017681250000000058
2022-07-06T14:21:40Z,algae_brown,378,0.017358823529411718
2022-07-06T14:21:40Z,algae_brown,380,0.016850000000000104
2022-07-06T14:21:40Z,algae_brown,382,0.020912500000000046
2022-07-06T14:21:40Z,algae_brown,384,0.019875000000000004
2022-07-06T14:21:40Z,algae_brown,386,0.017788235294117667
2022-07-06T14:21:40Z,algae_brown,388,0.013700000000000014
2022-07-06T14:21:40Z,algae_brown,390,0.010881250000000002
2022-07-06T14:21:40Z,algae_brown,392,0.01243124999999999
2022-07-06T14:21:40Z,algae_brown,394,0.015300000000000001
2022-07-06T14:21:40Z,algae_brown,396,0.01570000000000001
2022-07-06T14:21:40Z,algae_brown,398,0.0132
2022-07-06T14:21:40Z,algae_brown,400,0.010924999999999995
2022-07-06T14:21:40Z,algae_brown,402,0.0095
2022-07-06T14:21:40Z,algae_brown,404,0.01140588235294118
2022-07-06T14:21:40Z,algae_brown,406,0.010268749999999997
2022-07-06T14:21:40Z,algae_brown,408,0.009406250000000001
2022-07-06T14:21:40Z,algae_brown,410,0.00940625
2022-07-06T14:21:40Z,algae_brown,412,0.009343749999999998
2022-07-06T14:21:40Z,algae_brown,414,0.0088375
2022-07-06T14:21:40Z,algae_brown,416,0.008706250000000002
2022-07-06T14:21:40Z,algae_brown,418,0.0088
2022-07-06T14:21:40Z,algae_brown,420,0.008450000000000003
2022-07-06T14:21:40Z,algae_brown,422,0.0080625
2022-07-06T14:21:40Z,algae_brown,424,0.008
2022-07-06T14:21:40Z,algae_brown,426,0.0073874999999999965
2022-07-06T14:21:40Z,algae_brown,428,0.0077
2022-07-06T14:21:40Z,algae_brown,430,0.0077
2022-07-06T14:21:40Z,algae_brown,432,0.007575000000000002
2022-07-06T14:21:40Z,algae_brown,434,0.007324999999999999
2022-07-06T14:21:40Z,algae_brown,436,0.0070750000000000006
2022-07-06T14:21:40Z,algae_brown,438,0.0069
2022-07-06T14:21:40Z,algae_brown,440,0.006962499999999998
2022-07-06T14:21:40Z,algae_brown,442,0.0070875
2022-07-06T14:21:40Z,algae_brown,444,0.0070999999999999995
2022-07-06T14:21:40Z,algae_brown,446,0.007137500000000001
2022-07-06T14:21:40Z,algae_brown,448,0.007262499999999999
2022-07-06T14:21:40Z,algae_brown,450,0.007387500000000001
2022-07-06T14:21:40Z,algae_brown,452,0.007524999999999999
2022-07-06T14:21:40Z,algae_brown,454,0.0077
2022-07-06T14:21:40Z,algae_brown,456,0.0077
2022-07-06T14:21:40Z,algae_brown,458,0.0077
2022-07-06T14:21:40Z,algae_brown,460,0.0077125
2022-07-06T14:21:40Z,algae_brown,462,0.0078375
2022-07-06T14:21:40Z,algae_brown,464,0.007962499999999999
2022-07-06T14:21:40Z,algae_brown,466,0.008087500000000001
2022-07-06T14:21:40Z,algae_brown,468,0.008139999999999998
2022-07-06T14:21:40Z,algae_brown,470,0.00844375
2022-07-06T14:21:40Z,algae_brown,472,0.008706250000000002
2022-07-06T14:21:40Z,algae_brown,474,0.009081249999999996
2022-07-06T14:21:40Z,algae_brown,476,0.00941875
2022-07-06T14:21:40Z,algae_brown,478,0.00954375
2022-07-06T14:21:40Z,algae_brown,480,0.00966875
2022-07-06T14:21:40Z,algae_brown,482,0.0098
2022-07-06T14:21:40Z,algae_brown,484,0.009824999999999999
2022-07-06T14:21:40Z,algae_brown,486,0.00995
2022-07-06T14:21:40Z,algae_brown,488,0.010075
2022-07-06T14:21:40Z,algae_brown,490,0.01
2022-07-06T14:21:40Z,algae_brown,492,0.01013125
2022-07-06T14:21:40Z,algae_brown,494,0.0102
2022-07-06T14:21:40Z,algae_brown,496,0.01028125
2022-07-06T14:21:40Z,algae_brown,498,0.010525
2022-07-06T14:21:40Z,algae_brown,500,0.010775000000000003
2022-07-06T14:21:40Z,algae_brown,502,0.011024999999999998
2022-07-06T14:21:40Z,algae_brown,504,0.011379999999999994
2022-07-06T14:21:40Z,algae_brown,506,0.011756250000000001
2022-07-06T14:21:40Z,algae_brown,508,0.012131250000000001
2022-07-06T14:21:40Z,algae_brown,510,0.012506250000000002
2022-07-06T14:21:40Z,algae_brown,512,0.0129
2022-07-06T14:21:40Z,algae_brown,514,0.013374999999999996
2022-07-06T14:21:40Z,algae_brown,516,0.013813333333333322
2022-07-06T14:21:40Z,algae_brown,518,0.014243750000000005
2022-07-06T14:21:40Z,algae_brown,520,0.014718750000000003
2022-07-06T14:21:40Z,algae_brown,522,0.0151
2022-07-06T14:21:40Z,algae_brown,524,0.015549999999999998
2022-07-06T14:21:40Z,algae_brown,526,0.015962499999999994
2022-07-06T14:21:40Z,algae_brown,528,0.016493749999999988
2022-07-06T14:21:40Z,algae_brown,530,0.017086666666666677
2022-07-06T14:21:40Z,algae_brown,532,0.017600000000000008
2022-07-06T14:21:40Z,algae_brown,534,0.0182
2022-07-06T14:21:40Z,algae_brown,536,0.01875625
2022-07-06T14:21:40Z,algae_brown,538,0.019437499999999986
2022-07-06T14:21:40Z,algae_brown,540,0.02021999999999998
2022-07-06T14:21:40Z,algae_brown,542,0.020993333333333353
2022-07-06T14:21:40Z,algae_brown,544,0.021950000000000018
2022-07-06T14:21:40Z,algae_brown,546,0.023018750000000004
2022-07-06T14:21:40Z,algae_brown,548,0.0242
2022-07-06T14:21:40Z,algae_brown,550,0.025499999999999978
2022-07-06T14:21:40Z,algae_brown,552,0.027093333333333292
2022-07-06T14:21:40Z,algae_brown,554,0.028837500000000026
2022-07-06T14:21:40Z,algae_brown,556,0.03078750000000004
2022-07-06T14:21:40Z,algae_brown,558,0.032780000000000024
2022-07-06T14:21:40Z,algae_brown,560,0.035037500000000006
2022-07-06T14:21:40Z,algae_brown,562,0.0375
2022-07-06T14:21:40Z,algae_brown,564,0.039979999999999974
2022-07-06T14:21:40Z,algae_brown,566,0.04231249999999996
2022-07-06T14:21:40Z,algae_brown,568,0.04448666666666662
2022-07-06T14:21:40Z,algae_brown,570,0.04626000000000004
2022-07-06T14:21:40Z,algae_brown,572,0.04773750000000002
2022-07-06T14:21:40Z,algae_brown,574,0.04888666666666668
2022-07-06T14:21:40Z,algae_brown,576,0.0496
2022-07-06T14:21:40Z,algae_brown,578,0.050062499999999996
2022-07-06T14:21:40Z,algae_brown,580,0.050199999999999995
2022-07-06T14:21:40Z,algae_brown,582,0.050112500000000004
2022-07-06T14:21:40Z,algae_brown,584,0.04986
2022-07-06T14:21:40Z,algae_brown,586,0.049699999999999994
2022-07-06T14:21:40Z,algae_brown,588,0.049699999999999994
2022-07-06T14:21:40Z,algae_brown,590,0.049946666666666674
2022-07-06T14:21:40Z,algae_brown,592,0.050975000000000006
2022-07-06T14:21:40Z,algae_brown,594,0.05226666666666667
2022-07-06T14:21:40Z,algae_brown,596,0.053899999999999997
2022-07-06T14:21:40Z,algae_brown,598,0.055239999999999984
2022-07-06T14:21:40Z,algae_brown,600,0.05629374999999999
2022-07-06T14:21:40Z,algae_brown,602,0.05677333333333332
2022-07-06T14:21:40Z,algae_brown,604,0.05619375000000002
2022-07-06T14:21:40Z,algae_brown,606,0.054599999999999954
2022-07-06T14:21:40Z,algae_brown,608,0.05211999999999993
2022-07-06T14:21:40Z,algae_brown,610,0.04944666666666663
2022-07-06T14:21:40Z,algae_brown,612,0.04645999999999997
2022-07-06T14:21:40Z,algae_brown,614,0.04368749999999999
2022-07-06T14:21:40Z,algae_brown,616,0.0412
2022-07-06T14:21:40Z,algae_brown,618,0.03916666666666666
2022-07-06T14:21:40Z,algae_brown,620,0.03773750000000001
2022-07-06T14:21:40Z,algae_brown,622,0.03665333333333334
2022-07-06T14:21:40Z,algae_brown,624,0.035800000000000005
2022-07-06T14:21:40Z,algae_brown,626,0.035286666666666675
2022-07-06T14:21:40Z,algae_brown,628,0.034753333333333344
2022-07-06T14:21:40Z,algae_brown,630,0.03422500000000001
2022-07-06T14:21:40Z,algae_brown,632,0.03357333333333331
2022-07-06T14:21:40Z,algae_brown,634,0.03295999999999999
2022-07-06T14:21:40Z,algae_brown,636,0.03281333333333333
2022-07-06T14:21:40Z,algae_brown,638,0.03311875000000001
2022-07-06T14:21:40Z,algae_brown,640,0.034060000000000014
2022-07-06T14:21:40Z,algae_brown,642,0.035573333333333346
2022-07-06T14:21:40Z,algae_brown,644,0.03700000000000001
2022-07-06T14:21:40Z,algae_brown,646,0.037943750000000005
2022-07-06T14:21:40Z,algae_brown,648,0.038599999999999995
2022-07-06T14:21:40Z,algae_brown,650,0.03813333333333333
2022-07-06T14:21:40Z,algae_brown,652,0.0364
2022-07-06T14:21:40Z,algae_brown,654,0.0336
2022-07-06T14:21:40Z,algae_brown,656,0.030199999999999998
2022-07-06T14:21:40Z,algae_brown,658,0.026587500000000024
2022-07-06T14:21:40Z,algae_brown,660,0.022793333333333377
2022-07-06T14:21:40Z,algae_brown,662,0.02028000000000002
2022-07-06T14:21:40Z,algae_brown,664,0.01904000000000001
2022-07-06T14:21:40Z,algae_brown,666,0.01870666666666667
2022-07-06T14:21:40Z,algae_brown,668,0.01917333333333331
2022-07-06T14:21:40Z,algae_brown,670,0.02151999999999997
2022-07-06T14:21:40Z,algae_brown,672,0.024733333333333298
2022-07-06T14:21:40Z,algae_brown,674,0.02861999999999996
2022-07-06T14:21:40Z,algae_brown,676,0.032639999999999954
2022-07-06T14:21:40Z,algae_brown,678,0.03735999999999994
2022-07-06T14:21:40Z,algae_brown,680,0.042266666666666605
2022-07-06T14:21:40Z,algae_brown,682,0.04747999999999994
2022-07-06T14:21:40Z,algae_brown,684,0.053013333333333267
2022-07-06T14:21:40Z,algae_brown,686,0.06005999999999988
2022-07-06T14:21:40Z,algae_brown,688,0.07073999999999987
2022-07-06T14:21:40Z,algae_brown,690,0.08052666666666657
2022-07-06T14:21:40Z,algae_brown,692,0.09211333333333316
2022-07-06T14:21:40Z,algae_brown,694,0.1083799999999998
2022-07-06T14:21:40Z,algae_brown,696,0.12816666666666643
2022-07-06T14:21:40Z,algae_brown,698,0.1523599999999997
2022-07-06T14:21:40Z,algae_brown,700,0.18047999999999967
2022-07-06T14:21:40Z,algae_brown,702,0.21142666666666632
2022-07-06T14:21:40Z,algae_brown,704,0.24173333333333333
2022-07-06T14:21:40Z,algae_brown,706,0.27253333333333335
2022-07-06T14:21:40Z,algae_brown,708,0.301
2022-07-06T14:21:40Z,algae_brown,710,0.3310666666666667
2022-07-06T14:21:40Z,algae_brown,712,0.3646
2022-07-06T14:21:40Z,algae_brown,714,0.40315333333333375
2022-07-06T14:21:40Z,algae_brown,716,0.4496600000000007
2022-07-06T14:21:40Z,algae_brown,718,0.5248933333333343
2022-07-06T14:21:40Z,algae_brown,720,0.6242357142857156
2022-07-06T14:21:40Z,algae_brown,722,0.7298200000000025
2022-07-06T14:21:40Z,algae_brown,724,0.8155800000000015
2022-07-06T14:21:40Z,algae_brown,726,0.8884285714285735
2022-07-06T14:21:40Z,algae_brown,728,1.0141333333333302
2022-07-06T14:21:40Z,algae_brown,730,1.1165333333333314
2022-07-06T14:21:40Z,algae_brown,732,1.1141142857142856
2022-07-06T14:21:40Z,algae_brown,734,1.1372799999999994
2022-07-06T14:21:40Z,algae_brown,736,1.186866666666666
2022-07-06T14:21:40Z,algae_brown,738,1.1504666666666667
2022-07-06T14:21:40Z,algae_brown,740,1.1481333333333332
2022-07-06T14:21:40Z,algae_brown,742,1.1412
2022-07-06T14:21:40Z,algae_brown,744,1.1063600000000013
2022-07-06T14:21:40Z,algae_brown,746,1.1030357142857121
2022-07-06T14:21:40Z,algae_brown,748,1.05044
2022-07-06T14:21:40Z,algae_brown,750,1.0882
2022-07-06T14:21:40Z,algae_brown,752,1.0431066666666693
2022-07-06T14:21:40Z,algae_brown,754,0.9878999999999994
2022-07-06T14:21:40Z,algae_brown,756,0.9261400000000019
2022-07-06T14:21:40Z,algae_brown,758,0.7714
2022-07-06T14:21:40Z,algae_brown,760,0.7841357142857143
2022-07-06T14:21:40Z,algae_brown,762,0.6977933333333316
2022-07-06T14:21:40Z,algae_brown,764,0.6736733333333336
2022-07-06T14:21:40Z,algae_brown,766,0.6706666666666661
2022-07-06T14:21:40Z,algae_brown,768,0.5462571428571459
2022-07-06T14:21:40Z,algae_brown,770,0.54
2022-07-06T14:21:40Z,algae_brown,772,0.5785714285714282
2022-07-06T14:21:40Z,algae_brown,774,0.5556
2022-07-06T14:21:40Z,algae_brown,776,0.4222599999999983
2022-07-06T14:21:40Z,algae_brown,778,0.3730428571428578
2022-07-06T14:21:40Z,algae_brown,780,0.3809714285714291
2022-07-06T14:21:40Z,algae_brown,782,0.4399999999999977
2022-07-06T14:21:40Z,algae_brown,784,0.48493571428571414
2022-07-06T14:21:40Z,algae_brown,786,0.375
2022-07-06T14:21:40Z,algae_brown,788,0.325
2022-07-06T14:21:40Z,algae_brown,790,0.30333333333333407
2022-07-06T14:21:40Z,algae_brown,792,0.36250000000000004
2022-07-06T14:21:40Z,algae_brown,794,0.3469785714285724
2022-07-06T14:21:40Z,algae_brown,796,0.2622142857142855
2022-07-06T14:21:40Z,algae_brown,798,0.30307142857142905
2022-07-06T14:21:40Z,algae_brown,800,0.2914857142857157
2022-07-06T14:23:15Z,algae_brown,340,0.00078823529411760785
2022-07-06T14:23:15Z,algae_brown,342,0.005512500000000028
2022-07-06T14:23:15Z,algae_brown,344,0.006847058823529488
2022-07-06T14:23:15Z,algae_brown,346,0.01203125000000003
2022-07-06T14:23:15Z,algae_brown,348,0.01104117647058831
2022-07-06T14:23:15Z,algae_brown,350,0
2022-07-06T14:23:15Z,algae_brown,352,0.007347058823529349
2022-07-06T14:23:15Z,algae_brown,354,0.008862499999999987
2022-07-06T14:23:15Z,algae_brown,356,0.008968750000000022
2022-07-06T14:23:15Z,algae_brown,358,0.010323529411764705
2022-07-06T14:23:15Z,algae_brown,360,0.004875000000000001
2022-07-06T14:23:15Z,algae_brown,362,0.007982352941176506
2022-07-06T14:23:15Z,algae_brown,364,0.01124375000000001
2022-07-06T14:23:15Z,algae_brown,366,0.0052000000000000214
2022-07-06T14:23:15Z,algae_brown,368,0.0040999999999999995
2022-07-06T14:23:15Z,algae_brown,370,0.002850000000000034
2022-07-06T14:23:15Z,algae_brown,372,0.00345
2022-07-06T14:23:15Z,algae_brown,374,0.006688235294117648
2022-07-06T14:23:15Z,algae_brown,376,4.1250000000008814e-4
2022-07-06T14:23:15Z,algae_brown,378,0.003141176470588255
2022-07-06T14:23:15Z,algae_brown,380,0.0032499999999999534
2022-07-06T14:23:15Z,algae_brown,382,0.0015624999999999778
2022-07-06T14:23:15Z,algae_brown,384,0.00845000000000003
2022-07-06T14:23:15Z,algae_brown,386,0.00459999999999998
2022-07-06T14:23:15Z,algae_brown,388,0.006287500000000019
2022-07-06T14:23:15Z,algae_brown,390,0.0032312500000000006
2022-07-06T14:23:15Z,algae_brown,392,0.001800000000000007
2022-07-06T14:23:15Z,algae_brown,394,0
2022-07-06T14:23:15Z,algae_brown,396,0.002374999999999962
2022-07-06T14:23:15Z,algae_brown,398,0.0055000000000000005
2022-07-06T14:23:15Z,algae_brown,400,0.004124999999999985
2022-07-06T14:23:15Z,algae_brown,402,0.0052
2022-07-06T14:23:15Z,algae_brown,404,0.004605882352941181
2022-07-06T14:23:15Z,algae_brown,406,0.004387500000000001
2022-07-06T14:23:15Z,algae_brown,408,0.004156249999999998
2022-07-06T14:23:15Z,algae_brown,410,0.004
2022-07-06T14:23:15Z,algae_brown,412,0.0034687499999999966
2022-07-06T14:23:15Z,algae_brown,414,0.0029
2022-07-06T14:23:15Z,algae_brown,416,0.0031062500000000014
2022-07-06T14:23:15Z,algae_brown,418,0.0036411764705882384
2022-07-06T14:23:15Z,algae_brown,420,0.003537500000000002
2022-07-06T14:23:15Z,algae_brown,422,0.003137500000000001
2022-07-06T14:23:15Z,algae_brown,424,0.003137500000000001
2022-07-06T14:23:15Z,algae_brown,426,0.0031875000000000007
2022-07-06T14:23:15Z,algae_brown,428,0.0032124999999999996
2022-07-06T14:23:15Z,algae_brown,430,0.0031499999999999966
2022-07-06T14:23:15Z,algae_brown,432,0.002962499999999999
2022-07-06T14:23:15Z,algae_brown,434,0.0030875000000000004
2022-07-06T14:23:15Z,algae_brown,436,0.0031124999999999994
2022-07-06T14:23:15Z,algae_brown,438,0.0030874999999999974
2022-07-06T14:23:15Z,algae_brown,440,0.0029
2022-07-06T14:23:15Z,algae_brown,442,0.0029875000000000006
2022-07-06T14:23:15Z,algae_brown,444,0.003
2022-07-06T14:23:15Z,algae_brown,446,0.0030750000000000018
2022-07-06T14:23:15Z,algae_brown,448,0.0032
2022-07-06T14:23:15Z,algae_brown,450,0.0032875000000000005
2022-07-06T14:23:15Z,algae_brown,452,0.0034000000000000002
2022-07-06T14:23:15Z,algae_brown,454,0.0034000000000000002
2022-07-06T14:23:15Z,algae_brown,456,0.0034000000000000002
2022-07-06T14:23:15Z,algae_brown,458,0.0034000000000000002
2022-07-06T14:23:15Z,algae_brown,460,0.0033124999999999995
2022-07-06T14:23:15Z,algae_brown,462,0.003437500000000001
2022-07-06T14:23:15Z,algae_brown,464,0.0034999999999999996
2022-07-06T14:23:15Z,algae_brown,466,0.0035875000000000004
2022-07-06T14:23:15Z,algae_brown,468,0.0036133333333333325
2022-07-06T14:23:15Z,algae_brown,470,0.00374375
2022-07-06T14:23:15Z,algae_brown,472,0.0038687500000000007
2022-07-06T14:23:15Z,algae_brown,474,0.0039000000000000003
2022-07-06T14:23:15Z,algae_brown,476,0.003937500000000001
2022-07-06T14:23:15Z,algae_brown,478,0.00414375
2022-07-06T14:23:15Z,algae_brown,480,0.0042
2022-07-06T14:23:15Z,algae_brown,482,0.0042
2022-07-06T14:23:15Z,algae_brown,484,0.004324999999999999
2022-07-06T14:23:15Z,algae_brown,486,0.0044
2022-07-06T14:23:15Z,algae_brown,488,0.0044
2022-07-06T14:23:15Z,algae_brown,490,0.0043
2022-07-06T14:23:15Z,algae_brown,492,0.0044
2022-07-06T14:23:15Z,algae_brown,494,0.00445625
2022-07-06T14:23:15Z,algae_brown,496,0.0045000000000000005
2022-07-06T14:23:15Z,algae_brown,498,0.0045125
2022-07-06T14:23:15Z,algae_brown,500,0.0046
2022-07-06T14:23:15Z,algae_brown,502,0.004724999999999998
2022-07-06T14:23:15Z,algae_brown,504,0.0048
2022-07-06T14:23:15Z,algae_brown,506,0.00491875
2022-07-06T14:23:15Z,algae_brown,508,0.0050437500000000005
2022-07-06T14:23:15Z,algae_brown,510,0.005168750000000001
2022-07-06T14:23:15Z,algae_brown,512,0.0054
2022-07-06T14:23:15Z,algae_brown,514,0.005549999999999997
2022-07-06T14:23:15Z,algae_brown,516,0.005699999999999999
2022-07-06T14:23:15Z,algae_brown,518,0.005862500000000003
2022-07-06T14:23:15Z,algae_brown,520,0.006012500000000003
2022-07-06T14:23:15Z,algae_brown,522,0.006266666666666667
2022-07-06T14:23:15Z,algae_brown,524,0.006524999999999999
2022-07-06T14:23:15Z,algae_brown,526,0.006687499999999997
2022-07-06T14:23:15Z,algae_brown,528,0.006837499999999996
2022-07-06T14:23:15Z,algae_brown,530,0.007093333333333339
2022-07-06T14:23:15Z,algae_brown,532,0.007275000000000002
2022-07-06T14:23:15Z,algae_brown,534,0.0075
2022-07-06T14:23:15Z,algae_brown,536,0.0077624999999999994
2022-07-06T14:23:15Z,algae_brown,538,0.008012499999999997
2022-07-06T14:23:15Z,algae_brown,540,0.008273333333333327
2022-07-06T14:23:15Z,algae_brown,542,0.008626666666666673
2022-07-06T14:23:15Z,algae_brown,544,0.008931250000000007
2022-07-06T14:23:15Z,algae_brown,546,0.00930625
2022-07-06T14:23:15Z,algae_brown,548,0.0098
2022-07-06T14:23:15Z,algae_brown,550,0.010299999999999993
2022-07-06T14:23:15Z,algae_brown,552,0.010866666666666651
2022-07-06T14:23:15Z,algae_brown,554,0.01158750000000001
2022-07-06T14:23:15Z,algae_brown,556,0.012375000000000016
2022-07-06T14:23:15Z,algae_brown,558,0.013180000000000011
2022-07-06T14:23:15Z,algae_brown,560,0.014150000000000003
2022-07-06T14:23:15Z,algae_brown,562,0.0151
2022-07-06T14:23:15Z,algae_brown,564,0.016113333333333323
2022-07-06T14:23:15Z,algae_brown,566,0.017093749999999984
2022-07-06T14:23:15Z,algae_brown,568,0.018006666666666647
2022-07-06T14:23:15Z,algae_brown,570,0.01878000000000002
2022-07-06T14:23:15Z,algae_brown,572,0.01951875000000001
2022-07-06T14:23:15Z,algae_brown,574,0.020020000000000003
2022-07-06T14:23:15Z,algae_brown,576,0.0204
2022-07-06T14:23:15Z,algae_brown,578,0.0206625
2022-07-06T14:23:15Z,algae_brown,580,0.0208
2022-07-06T14:23:15Z,algae_brown,582,0.020712500000000002
2022-07-06T14:23:15Z,algae_brown,584,0.0207
2022-07-06T14:23:15Z,algae_brown,586,0.0207
2022-07-06T14:23:15Z,algae_brown,588,0.0207
2022-07-06T14:23:15Z,algae_brown,590,0.020713333333333337
2022-07-06T14:23:15Z,algae_brown,592,0.021050000000000003
2022-07-06T14:23:15Z,algae_brown,594,0.021500000000000002
2022-07-06T14:23:15Z,algae_brown,596,0.022099999999999998
2022-07-06T14:23:15Z,algae_brown,598,0.02270666666666666
2022-07-06T14:23:15Z,algae_brown,600,0.023056249999999997
2022-07-06T14:23:15Z,algae_brown,602,0.0231
2022-07-06T14:23:15Z,algae_brown,604,0.022706250000000008
2022-07-06T14:23:15Z,algae_brown,606,0.021973333333333313
2022-07-06T14:23:15Z,algae_brown,608,0.02087999999999997
2022-07-06T14:23:15Z,algae_brown,610,0.019739999999999983
2022-07-06T14:23:15Z,algae_brown,612,0.018499999999999985
2022-07-06T14:23:15Z,algae_brown,614,0.017281249999999998
2022-07-06T14:23:15Z,algae_brown,616,0.0163
2022-07-06T14:23:15Z,algae_brown,618,0.015433333333333334
2022-07-06T14:23:15Z,algae_brown,620,0.014850000000000004
2022-07-06T14:23:15Z,algae_brown,622,0.014420000000000004
2022-07-06T14:23:15Z,algae_brown,624,0.014150000000000003
2022-07-06T14:23:15Z,algae_brown,626,0.013786666666666678
2022-07-06T14:23:15Z,algae_brown,628,0.013513333333333337
2022-07-06T14:23:15Z,algae_brown,630,0.013281250000000003
2022-07-06T14:23:15Z,algae_brown,632,0.01305999999999999
2022-07-06T14:23:15Z,algae_brown,634,0.012819999999999998
2022-07-06T14:23:15Z,algae_brown,636,0.012613333333333336
2022-07-06T14:23:15Z,algae_brown,638,0.012743750000000002
2022-07-06T14:23:15Z,algae_brown,640,0.013166666666666675
2022-07-06T14:23:15Z,algae_brown,642,0.013713333333333336
2022-07-06T14:23:15Z,algae_brown,644,0.014100000000000007
2022-07-06T14:23:15Z,algae_brown,646,0.014675000000000002
2022-07-06T14:23:15Z,algae_brown,648,0.0151
2022-07-06T14:23:15Z,algae_brown,650,0.0149
2022-07-06T14:23:15Z,algae_brown,652,0.0141
2022-07-06T14:23:15Z,algae_brown,654,0.013000000000000001
2022-07-06T14:23:15Z,algae_brown,656,0.0118
2022-07-06T14:23:15Z,algae_brown,658,0.010450000000000011
2022-07-06T14:23:15Z,algae_brown,660,0.009253333333333346
2022-07-06T14:23:15Z,algae_brown,662,0.007886666666666679
2022-07-06T14:23:15Z,algae_brown,664,0.007060000000000006
2022-07-06T14:23:15Z,algae_brown,666,0.006713333333333337
2022-07-06T14:23:15Z,algae_brown,668,0.00670666666666666
2022-07-06T14:23:15Z,algae_brown,670,0.006999999999999999
2022-07-06T14:23:15Z,algae_brown,672,0.007653333333333323
2022-07-06T14:23:15Z,algae_brown,674,0.008239999999999987
2022-07-06T14:23:15Z,algae_brown,676,0.009379999999999987
2022-07-06T14:23:15Z,algae_brown,678,0.010819999999999982
2022-07-06T14:23:15Z,algae_brown,680,0.011933333333333325
2022-07-06T14:23:15Z,algae_brown,682,0.013019999999999983
2022-07-06T14:23:15Z,algae_brown,684,0.013966666666666658
2022-07-06T14:23:15Z,algae_brown,686,0.015939999999999965
2022-07-06T14:23:15Z,algae_brown,688,0.019139999999999963
2022-07-06T14:23:15Z,algae_brown,690,0.0221533333333333
2022-07-06T14:23:15Z,algae_brown,692,0.026093333333333274
2022-07-06T14:23:15Z,algae_brown,694,0.03209999999999992
2022-07-06T14:23:15Z,algae_brown,696,0.04053999999999989
2022-07-06T14:23:15Z,algae_brown,698,0.050466666666666535
2022-07-06T14:23:15Z,algae_brown,700,0.06281999999999985
2022-07-06T14:23:15Z,algae_brown,702,0.07595333333333319
2022-07-06T14:23:15Z,algae_brown,704,0.08993333333333334
2022-07-06T14:23:15Z,algae_brown,706,0.1034
2022-07-06T14:23:15Z,algae_brown,708,0.1182
2022-07-06T14:23:15Z,algae_brown,710,0.12926666666666664
2022-07-06T14:23:15Z,algae_brown,712,0.14053333333333334
2022-07-06T14:23:15Z,algae_brown,714,0.1544133333333335
2022-07-06T14:23:15Z,algae_brown,716,0.16836000000000007
2022-07-06T14:23:15Z,algae_brown,718,0.18598666666666694
2022-07-06T14:23:15Z,algae_brown,720,0.20626428571428584
2022-07-06T14:23:15Z,algae_brown,722,0.22736666666666755
2022-07-06T14:23:15Z,algae_brown,724,0.268140000000001
2022-07-06T14:23:15Z,algae_brown,726,0.30178571428571455
2022-07-06T14:23:15Z,algae_brown,728,0.3210866666666662
2022-07-06T14:23:15Z,algae_brown,730,0.2976600000000011
2022-07-06T14:23:15Z,algae_brown,732,0.28724285714285636
2022-07-06T14:23:15Z,algae_brown,734,0.3111199999999999
2022-07-06T14:23:15Z,algae_brown,736,0.31421333333333334
2022-07-06T14:23:15Z,algae_brown,738,0.30666666666666664
2022-07-06T14:23:15Z,algae_brown,740,0.29046666666666665
2022-07-06T14:23:15Z,algae_brown,742,0.31579999999999997
2022-07-06T14:23:15Z,algae_brown,744,0.32233999999999957
2022-07-06T14:23:15Z,algae_brown,746,0.2914428571428566
2022-07-06T14:23:15Z,algae_brown,748,0.29910666666666647
2022-07-06T14:23:15Z,algae_brown,750,0.30000000000000004
2022-07-06T14:23:15Z,algae_brown,752,0.29508666666666705
2022-07-06T14:23:15Z,algae_brown,754,0.2371500000000004
2022-07-06T14:23:15Z,algae_brown,756,0.21992000000000017
2022-07-06T14:23:15Z,algae_brown,758,0.23329999999999998
2022-07-06T14:23:15Z,algae_brown,760,0.26544285714285687
2022-07-06T14:23:15Z,algae_brown,762,0.2528800000000004
2022-07-06T14:23:15Z,algae_brown,764,0.2
2022-07-06T14:23:15Z,algae_brown,766,0.184459999999999
2022-07-06T14:23:15Z,algae_brown,768,0.1640428571428572
2022-07-06T14:23:15Z,algae_brown,770,0.16749999999999945
2022-07-06T14:23:15Z,algae_brown,772,0.15492857142857167
2022-07-06T14:23:15Z,algae_brown,774,0.1333
2022-07-06T14:23:15Z,algae_brown,776,0.15560000000000002
2022-07-06T14:23:15Z,algae_brown,778,0.17084285714285768
2022-07-06T14:23:15Z,algae_brown,780,0.16785714285714168
2022-07-06T14:23:15Z,algae_brown,782,0.1294266666666664
2022-07-06T14:23:15Z,algae_brown,784,0.10237857142857201
2022-07-06T14:23:15Z,algae_brown,786,0.10476666666666667
2022-07-06T14:23:15Z,algae_brown,788,0.12194285714285727
2022-07-06T14:23:15Z,algae_brown,790,0.075
2022-07-06T14:23:15Z,algae_brown,792,0.10414999999999999
2022-07-06T14:23:15Z,algae_brown,794,0.15809285714285667
2022-07-06T14:23:15Z,algae_brown,796,0.18368571428571495
2022-07-06T14:23:15Z,algae_brown,798,0.07654285714285607
2022-07-06T14:23:15Z,algae_brown,800,0.0571
2022-07-06T14:26:25Z,algae_brown,340,0.0018823529411763767
2022-07-06T14:26:25Z,algae_brown,342,0.002887499999999897
2022-07-06T14:26:25Z,algae_brown,344,0.022499999999999992
2022-07-06T14:26:25Z,algae_brown,346,0.01740625000000002
2022-07-06T14:26:25Z,algae_brown,348,0.0143
2022-07-06T14:26:25Z,algae_brown,350,0
2022-07-06T14:26:25Z,algae_brown,352,0.017358823529411933
2022-07-06T14:26:25Z,algae_brown,354,0.009300000000000015
2022-07-06T14:26:25Z,algae_brown,356,0.004031249999999943
2022-07-06T14:26:25Z,algae_brown,358,-0.005382352941176506
2022-07-06T14:26:25Z,algae_brown,360,0
2022-07-06T14:26:25Z,algae_brown,362,0.0039176470588235725
2022-07-06T14:26:25Z,algae_brown,364,0.010762500000000001
2022-07-06T14:26:25Z,algae_brown,366,0.013587499999999983
2022-07-06T14:26:25Z,algae_brown,368,0.009300000000000001
2022-07-06T14:26:25Z,algae_brown,370,0.017150000000000054
2022-07-06T14:26:25Z,algae_brown,372,0.01475
2022-07-06T14:26:25Z,algae_brown,374,0.015994117647058825
2022-07-06T14:26:25Z,algae_brown,376,0.011012500000000067
2022-07-06T14:26:25Z,algae_brown,378,0.013505882352941196
2022-07-06T14:26:25Z,algae_brown,380,0.016337500000000022
2022-07-06T14:26:25Z,algae_brown,382,0.014150000000000051
2022-07-06T14:26:25Z,algae_brown,384,0.01382500000000001
2022-07-06T14:26:25Z,algae_brown,386,0.010264705882352933
2022-07-06T14:26:25Z,algae_brown,388,0.013124999999999977
2022-07-06T14:26:25Z,algae_brown,390,0.013606250000000012
2022-07-06T14:26:25Z,algae_brown,392,0.013718749999999986
2022-07-06T14:26:25Z,algae_brown,394,0.0139
2022-07-06T14:26:25Z,algae_brown,396,0.011174999999999987
2022-07-06T14:26:25Z,algae_brown,398,0.011099999999999999
2022-07-06T14:26:25Z,algae_brown,400,0.008549999999999985
2022-07-06T14:26:25Z,algae_brown,402,0.009399999999999999
2022-07-06T14:26:25Z,algae_brown,404,0.009976470588235295
2022-07-06T14:26:25Z,algae_brown,406,0.009506249999999997
2022-07-06T14:26:25Z,algae_brown,408,0.008381249999999996
2022-07-06T14:26:25Z,algae_brown,410,0.009693749999999977
2022-07-06T14:26:25Z,algae_brown,412,0.009162499999999999
2022-07-06T14:26:25Z,algae_brown,414,0.008781249999999999
2022-07-06T14:26:25Z,algae_brown,416,0.008225
2022-07-06T14:26:25Z,algae_brown,418,0.008541176470588238
2022-07-06T14:26:25Z,algae_brown,420,0.007962499999999999
2022-07-06T14:26:25Z,algae_brown,422,0.008324999999999997
2022-07-06T14:26:25Z,algae_brown,424,0.007887500000000004
2022-07-06T14:26:25Z,algae_brown,426,0.007524999999999999
2022-07-06T14:26:25Z,algae_brown,428,0.007624999999999999
2022-07-06T14:26:25Z,algae_brown,430,0.007875000000000002
2022-07-06T14:26:25Z,algae_brown,432,0.007875000000000002
2022-07-06T14:26:25Z,algae_brown,434,0.007274999999999997
2022-07-06T14:26:25Z,algae_brown,436,0.0070750000000000006
2022-07-06T14:26:25Z,algae_brown,438,0.006975000000000001
2022-07-06T14:26:25Z,algae_brown,440,0.0070375
2022-07-06T14:26:25Z,algae_brown,442,0.007262500000000002
2022-07-06T14:26:25Z,algae_brown,444,0.007012499999999999
2022-07-06T14:26:25Z,algae_brown,446,0.007137500000000001
2022-07-06T14:26:25Z,algae_brown,448,0.007324999999999998
2022-07-06T14:26:25Z,algae_brown,450,0.0074875
2022-07-06T14:26:25Z,algae_brown,452,0.007387500000000001
2022-07-06T14:26:25Z,algae_brown,454,0.007337500000000001
2022-07-06T14:26:25Z,algae_brown,456,0.007337500000000001
2022-07-06T14:26:25Z,algae_brown,458,0.007387500000000001
2022-07-06T14:26:25Z,algae_brown,460,0.0074
2022-07-06T14:26:25Z,algae_brown,462,0.0074
2022-07-06T14:26:25Z,algae_brown,464,0.007462499999999999
2022-07-06T14:26:25Z,algae_brown,466,0.0075875000000000005
2022-07-06T14:26:25Z,algae_brown,468,0.0077
2022-07-06T14:26:25Z,algae_brown,470,0.007743750000000001
2022-07-06T14:26:25Z,algae_brown,472,0.007937500000000002
2022-07-06T14:26:25Z,algae_brown,474,0.00809375
2022-07-06T14:26:25Z,algae_brown,476,0.008337500000000001
2022-07-06T14:26:25Z,algae_brown,478,0.008587500000000001
2022-07-06T14:26:25Z,algae_brown,480,0.00876875
2022-07-06T14:26:25Z,algae_brown,482,0.0089
2022-07-06T14:26:25Z,algae_brown,484,0.008949999999999998
2022-07-06T14:26:25Z,algae_brown,486,0.0091
2022-07-06T14:26:25Z,algae_brown,488,0.0091
2022-07-06T14:26:25Z,algae_brown,490,0.0091
2022-07-06T14:26:25Z,algae_brown,492,0.009031250000000001
2022-07-06T14:26:25Z,algae_brown,494,0.0091
2022-07-06T14:26:25Z,algae_brown,496,0.00918125
2022-07-06T14:26:25Z,algae_brown,498,0.0092
2022-07-06T14:26:25Z,algae_brown,500,0.009237500000000001
2022-07-06T14:26:25Z,algae_brown,502,0.009300000000000001
2022-07-06T14:26:25Z,algae_brown,504,0.009579999999999995
2022-07-06T14:26:25Z,algae_brown,506,0.009737500000000001
2022-07-06T14:26:25Z,algae_brown,508,0.00994375
2022-07-06T14:26:25Z,algae_brown,510,0.0101375
2022-07-06T14:26:25Z,algae_brown,512,0.0104
2022-07-06T14:26:25Z,algae_brown,514,0.010649999999999996
2022-07-06T14:26:25Z,algae_brown,516,0.010906666666666662
2022-07-06T14:26:25Z,algae_brown,518,0.011325000000000007
2022-07-06T14:26:25Z,algae_brown,520,0.011518750000000003
2022-07-06T14:26:25Z,algae_brown,522,0.011866666666666666
2022-07-06T14:26:25Z,algae_brown,524,0.012124999999999997
2022-07-06T14:26:25Z,algae_brown,526,0.012462499999999993
2022-07-06T14:26:25Z,algae_brown,528,0.012856249999999994
2022-07-06T14:26:25Z,algae_brown,530,0.01319333333333334
2022-07-06T14:26:25Z,algae_brown,532,0.013525000000000006
2022-07-06T14:26:25Z,algae_brown,534,0.0139
2022-07-06T14:26:25Z,algae_brown,536,0.014424999999999999
2022-07-06T14:26:25Z,algae_brown,538,0.01492499999999999
2022-07-06T14:26:25Z,algae_brown,540,0.015446666666666654
2022-07-06T14:26:25Z,algae_brown,542,0.016080000000000018
2022-07-06T14:26:25Z,algae_brown,544,0.01681875000000001
2022-07-06T14:26:25Z,algae_brown,546,0.017581250000000003
2022-07-06T14:26:25Z,algae_brown,548,0.018600000000000002
2022-07-06T14:26:25Z,algae_brown,550,0.019724999999999986
2022-07-06T14:26:25Z,algae_brown,552,0.021039999999999965
2022-07-06T14:26:25Z,algae_brown,554,0.02249375000000002
2022-07-06T14:26:25Z,algae_brown,556,0.024175000000000037
2022-07-06T14:26:25Z,algae_brown,558,0.02596000000000002
2022-07-06T14:26:25Z,algae_brown,560,0.02783125000000001
2022-07-06T14:26:25Z,algae_brown,562,0.029900000000000003
2022-07-06T14:26:25Z,algae_brown,564,0.03199999999999998
2022-07-06T14:26:25Z,algae_brown,566,0.03394374999999997
2022-07-06T14:26:25Z,algae_brown,568,0.03572666666666663
2022-07-06T14:26:25Z,algae_brown,570,0.037273333333333374
2022-07-06T14:26:25Z,algae_brown,572,0.03888125000000002
2022-07-06T14:26:25Z,algae_brown,574,0.04030666666666668
2022-07-06T14:26:25Z,algae_brown,576,0.0414
2022-07-06T14:26:25Z,algae_brown,578,0.04199375
2022-07-06T14:26:25Z,algae_brown,580,0.042319999999999997
2022-07-06T14:26:25Z,algae_brown,582,0.04231250000000001
2022-07-06T14:26:25Z,algae_brown,584,0.04208
2022-07-06T14:26:25Z,algae_brown,586,0.042
2022-07-06T14:26:25Z,algae_brown,588,0.042
2022-07-06T14:26:25Z,algae_brown,590,0.042426666666666675
2022-07-06T14:26:25Z,algae_brown,592,0.04306250000000001
2022-07-06T14:26:25Z,algae_brown,594,0.04396666666666666
2022-07-06T14:26:25Z,algae_brown,596,0.0452
2022-07-06T14:26:25Z,algae_brown,598,0.046539999999999984
2022-07-06T14:26:25Z,algae_brown,600,0.04759374999999998
2022-07-06T14:26:25Z,algae_brown,602,0.04815999999999999
2022-07-06T14:26:25Z,algae_brown,604,0.04751250000000001
2022-07-06T14:26:25Z,algae_brown,606,0.04599999999999995
2022-07-06T14:26:25Z,algae_brown,608,0.043759999999999945
2022-07-06T14:26:25Z,algae_brown,610,0.0412533333333333
2022-07-06T14:26:25Z,algae_brown,612,0.03843999999999997
2022-07-06T14:26:25Z,algae_brown,614,0.03606249999999999
2022-07-06T14:26:25Z,algae_brown,616,0.0338
2022-07-06T14:26:25Z,algae_brown,618,0.0322
2022-07-06T14:26:25Z,algae_brown,620,0.03083750000000001
2022-07-06T14:26:25Z,algae_brown,622,0.029753333333333347
2022-07-06T14:26:25Z,algae_brown,624,0.02897500000000001
2022-07-06T14:26:25Z,algae_brown,626,0.02849333333333334
2022-07-06T14:26:25Z,algae_brown,628,0.028053333333333343
2022-07-06T14:26:25Z,algae_brown,630,0.02740625000000001
2022-07-06T14:26:25Z,algae_brown,632,0.026766666666666654
2022-07-06T14:26:25Z,algae_brown,634,0.026099999999999988
2022-07-06T14:26:25Z,algae_brown,636,0.0258
2022-07-06T14:26:25Z,algae_brown,638,0.025931250000000006
2022-07-06T14:26:25Z,algae_brown,640,0.026466666666666677
2022-07-06T14:26:25Z,algae_brown,642,0.027360000000000016
2022-07-06T14:26:25Z,algae_brown,644,0.02852000000000001
2022-07-06T14:26:25Z,algae_brown,646,0.029687500000000002
2022-07-06T14:26:25Z,algae_brown,648,0.0308
2022-07-06T14:26:25Z,algae_brown,650,0.030666666666666665
2022-07-06T14:26:25Z,algae_brown,652,0.0294
2022-07-06T14:26:25Z,algae_brown,654,0.0282
2022-07-06T14:26:25Z,algae_brown,656,0.026966666666666667
2022-07-06T14:26:25Z,algae_brown,658,0.025100000000000015
2022-07-06T14:26:25Z,algae_brown,660,0.02394000000000001
2022-07-06T14:26:25Z,algae_brown,662,0.024273333333333313
2022-07-06T14:26:25Z,algae_brown,664,0.026379999999999973
2022-07-06T14:26:25Z,algae_brown,666,0.03027333333333328
2022-07-06T14:26:25Z,algae_brown,668,0.03601999999999991
2022-07-06T14:26:25Z,algae_brown,670,0.044579999999999884
2022-07-06T14:26:25Z,algae_brown,672,0.054593333333333216
2022-07-06T14:26:25Z,algae_brown,674,0.0664533333333332
2022-07-06T14:26:25Z,algae_brown,676,0.07877999999999986
2022-07-06T14:26:25Z,algae_brown,678,0.09117999999999984
2022-07-06T14:26:25Z,algae_brown,680,0.1025133333333332
2022-07-06T14:26:25Z,algae_brown,682,0.1127399999999999
2022-07-06T14:26:25Z,algae_brown,684,0.1224999999999999
2022-07-06T14:26:25Z,algae_brown,686,0.1354399999999998
2022-07-06T14:26:25Z,algae_brown,688,0.15065999999999985
2022-07-06T14:26:25Z,algae_brown,690,0.15692666666666663
2022-07-06T14:26:25Z,algae_brown,692,0.1608866666666666
2022-07-06T14:26:25Z,algae_brown,694,0.17051999999999984
2022-07-06T14:26:25Z,algae_brown,696,0.18438666666666653
2022-07-06T14:26:25Z,algae_brown,698,0.20519999999999972
2022-07-06T14:26:25Z,algae_brown,700,0.23431999999999964
2022-07-06T14:26:25Z,algae_brown,702,0.266133333333333
2022-07-06T14:26:25Z,algae_brown,704,0.303
2022-07-06T14:26:25Z,algae_brown,706,0.3398666666666667
2022-07-06T14:26:25Z,algae_brown,708,0.37920000000000004
2022-07-06T14:26:25Z,algae_brown,710,0.42336666666666667
2022-07-06T14:26:25Z,algae_brown,712,0.4779
2022-07-06T14:26:25Z,algae_brown,714,0.5519600000000009
2022-07-06T14:26:25Z,algae_brown,716,0.6412400000000013
2022-07-06T14:26:25Z,algae_brown,718,0.7622066666666681
2022-07-06T14:26:25Z,algae_brown,720,0.9160785714285732
2022-07-06T14:26:25Z,algae_brown,722,1.068133333333337
2022-07-06T14:26:25Z,algae_brown,724,1.2174400000000032
2022-07-06T14:26:25Z,algae_brown,726,1.3593714285714307
2022-07-06T14:26:25Z,algae_brown,728,1.4741199999999979
2022-07-06T14:26:25Z,algae_brown,730,1.5441199999999986
2022-07-06T14:26:25Z,algae_brown,732,1.61597857142857
2022-07-06T14:26:25Z,algae_brown,734,1.6422
2022-07-06T14:26:25Z,algae_brown,736,1.624026666666667
2022-07-06T14:26:25Z,algae_brown,738,1.5866666666666667
2022-07-06T14:26:25Z,algae_brown,740,1.5424666666666667
2022-07-06T14:26:25Z,algae_brown,742,1.5652000000000001
2022-07-06T14:26:25Z,algae_brown,744,1.5721800000000001
2022-07-06T14:26:25Z,algae_brown,746,1.578157142857143
2022-07-06T14:26:25Z,algae_brown,748,1.5690866666666645
2022-07-06T14:26:25Z,algae_brown,750,1.5082
2022-07-06T14:26:25Z,algae_brown,752,1.4963666666666673
2022-07-06T14:26:25Z,algae_brown,754,1.3826928571428578
2022-07-06T14:26:25Z,algae_brown,756,1.3610000000000002
2022-07-06T14:26:25Z,algae_brown,758,1.28
2022-07-06T14:26:25Z,algae_brown,760,1.2733642857142857
2022-07-06T14:26:25Z,algae_brown,762,1.1979199999999983
2022-07-06T14:26:25Z,algae_brown,764,1.1221933333333307
2022-07-06T14:26:25Z,algae_brown,766,1.0188733333333313
2022-07-06T14:26:25Z,algae_brown,768,0.8975857142857165
2022-07-06T14:26:25Z,algae_brown,770,0.9257357142857146
2022-07-06T14:26:25Z,algae_brown,772,0.8428571428571436
2022-07-06T14:26:25Z,algae_brown,774,0.74
2022-07-06T14:26:25Z,algae_brown,776,0.6378400000000001
2022-07-06T14:26:25Z,algae_brown,778,0.6085714285714274
2022-07-06T14:26:25Z,algae_brown,780,0.6190285714285709
2022-07-06T14:26:25Z,algae_brown,782,0.5866666666666673
2022-07-06T14:26:25Z,algae_brown,784,0.4950500000000015
2022-07-06T14:26:25Z,algae_brown,786,0.4844333333333333
2022-07-06T14:26:25Z,algae_brown,788,0.5630857142857147
2022-07-06T14:26:25Z,algae_brown,790,0.5490533333333332
2022-07-06T14:26:25Z,algae_brown,792,0.48395
2022-07-06T14:26:25Z,algae_brown,794,0.507921428571427
2022-07-06T14:26:25Z,algae_brown,796,0.5380857142857127
2022-07-06T14:26:25Z,algae_brown,798,0.6095142857142853
2022-07-06T14:26:25Z,algae_brown,800,0.4928571428571411
2023-08-25T13:19:02Z,sediment,340,0.1594823529411765
2023-08-25T13:19:02Z,sediment,342,0.16433750000000003
2023-08-25T13:19:02Z,sediment,344,0.15685294117647058
2023-08-25T13:19:02Z,sediment,346,0.1524
2023-08-25T13:19:02Z,sediment,348,0.14809411764705877
2023-08-25T13:19:02Z,sediment,350,0.1491
2023-08-25T13:19:02Z,sediment,352,0.1539529411764706
2023-08-25T13:19:02Z,sediment,354,0.1503125
2023-08-25T13:19:02Z,sediment,356,0.14062499999999997
2023-08-25T13:19:02Z,sediment,358,0.13652941176470587
2023-08-25T13:19:02Z,sediment,360,0.13563749999999997
2023-08-25T13:19:02Z,sediment,362,0.13594705882352937
2023-08-25T13:19:02Z,sediment,364,0.13050625
2023-08-25T13:19:02Z,sediment,366,0.12467500000000002
2023-08-25T13:19:02Z,sediment,368,0.11960000000000001
2023-08-25T13:19:02Z,sediment,370,0.11835
2023-08-25T13:19:02Z,sediment,372,0.11879999999999999
2023-08-25T13:19:02Z,sediment,374,0.11793529411764707
2023-08-25T13:19:02Z,sediment,376,0.11326250000000006
2023-08-25T13:19:02Z,sediment,378,0.1100411764705882
2023-08-25T13:19:02Z,sediment,380,0.10833750000000004
2023-08-25T13:19:02Z,sediment,382,0.11171249999999999
2023-08-25T13:19:02Z,sediment,384,0.11146249999999999
2023-08-25T13:19:02Z,sediment,386,0.1090823529411765
2023-08-25T13:19:02Z,sediment,388,0.10479375
2023-08-25T13:19:02Z,sediment,390,0.10384375
2023-08-25T13:19:02Z,sediment,392,0.10396250000000001
2023-08-25T13:19:02Z,sediment,394,0.10300000000000001
2023-08-25T13:19:02Z,sediment,396,0.101225
2023-08-25T13:19:02Z,sediment,398,0.10105
2023-08-25T13:19:02Z,sediment,400,0.09929999999999999
2023-08-25T13:19:02Z,sediment,402,0.09820000000000001
2023-08-25T13:19:02Z,sediment,404,0.09783529411764708
2023-08-25T13:19:02Z,sediment,406,0.09721250000000001
2023-08-25T13:19:02Z,sediment,408,0.09744375
2023-08-25T13:19:02Z,sediment,410,0.0981625
2023-08-25T13:19:02Z,sediment,412,0.0989
2023-08-25T13:19:02Z,sediment,414,0.09894375
2023-08-25T13:19:02Z,sediment,416,0.09934375
2023-08-25T13:19:02Z,sediment,418,0.10011764705882353
2023-08-25T13:19:02Z,sediment,420,0.1008
2023-08-25T13:19:02Z,sediment,422,0.10172500000000001
2023-08-25T13:19:02Z,sediment,424,0.1026
2023-08-25T13:19:02Z,sediment,426,0.1035125
2023-08-25T13:19:02Z,sediment,428,0.104425
2023-08-25T13:19:02Z,sediment,430,0.105675
2023-08-25T13:19:02Z,sediment,432,0.10667499999999999
2023-08-25T13:19:02Z,sediment,434,0.107425
2023-08-25T13:19:02Z,sediment,436,0.1083875
2023-08-25T13:19:02Z,sediment,438,0.1093375
2023-08-25T13:19:02Z,sediment,440,0.11058749999999999
2023-08-25T13:19:02Z,sediment,442,0.1117875
2023-08-25T13:19:02Z,sediment,444,0.11325
2023-08-25T13:19:02Z,sediment,446,0.11475000000000002
2023-08-25T13:19:02Z,sediment,448,0.11631249999999999
2023-08-25T13:19:02Z,sediment,450,0.11793750000000001
2023-08-25T13:19:02Z,sediment,452,0.1194625
2023-08-25T13:19:02Z,sediment,454,0.12108750000000001
2023-08-25T13:19:02Z,sediment,456,0.1225875
2023-08-25T13:19:02Z,sediment,458,0.123875
2023-08-25T13:19:02Z,sediment,460,0.125125
2023-08-25T13:19:02Z,sediment,462,0.1263375
2023-08-25T13:19:02Z,sediment,464,0.12746249999999998
2023-08-25T13:19:02Z,sediment,466,0.1285875
2023-08-25T13:19:02Z,sediment,468,0.12984666666666667
2023-08-25T13:19:02Z,sediment,470,0.1312375
2023-08-25T13:19:02Z,sediment,472,0.13255625
2023-08-25T13:19:02Z,sediment,474,0.13393125
2023-08-25T13:19:02Z,sediment,476,0.13530625
2023-08-25T13:19:02Z,sediment,478,0.13668125
2023-08-25T13:19:02Z,sediment,480,0.13791875
2023-08-25T13:19:02Z,sediment,482,0.1391
2023-08-25T13:19:02Z,sediment,484,0.14015
2023-08-25T13:19:02Z,sediment,486,0.1414
2023-08-25T13:19:02Z,sediment,488,0.142575
2023-08-25T13:19:02Z,sediment,490,0.1438
2023-08-25T13:19:02Z,sediment,492,0.1450125
2023-08-25T13:19:02Z,sediment,494,0.1462625
2023-08-25T13:19:02Z,sediment,496,0.147675
2023-08-25T13:19:02Z,sediment,498,0.14914999999999998
2023-08-25T13:19:02Z,sediment,500,0.15076250000000002
2023-08-25T13:19:02Z,sediment,502,0.15263749999999998
2023-08-25T13:19:02Z,sediment,504,0.1546
2023-08-25T13:19:02Z,sediment,506,0.15658125
2023-08-25T13:19:02Z,sediment,508,0.1585
2023-08-25T13:19:02Z,sediment,510,0.16043125
2023-08-25T13:19:02Z,sediment,512,0.1625
2023-08-25T13:19:02Z,sediment,514,0.16434999999999997
2023-08-25T13:19:02Z,sediment,516,0.16625333333333328
2023-08-25T13:19:02Z,sediment,518,0.16813750000000002
2023-08-25T13:19:02Z,sediment,520,0.16988125
2023-08-25T13:19:02Z,sediment,522,0.17153333333333334
2023-08-25T13:19:02Z,sediment,524,0.17327499999999998
2023-08-25T13:19:02Z,sediment,526,0.17502499999999996
2023-08-25T13:19:02Z,sediment,528,0.17670624999999998
2023-08-25T13:19:02Z,sediment,530,0.1782066666666667
2023-08-25T13:19:02Z,sediment,532,0.17980000000000004
2023-08-25T13:19:02Z,sediment,534,0.18109999999999998
2023-08-25T13:19:02Z,sediment,536,0.18254375
2023-08-25T13:19:02Z,sediment,538,0.18391874999999996
2023-08-25T13:19:02Z,sediment,540,0.1853533333333333
2023-08-25T13:19:02Z,sediment,542,0.18686000000000003
2023-08-25T13:19:02Z,sediment,544,0.18846875000000002
2023-08-25T13:19:02Z,sediment,546,0.19009375
2023-08-25T13:19:02Z,sediment,548,0.1918
2023-08-25T13:19:02Z,sediment,550,0.19335
2023-08-25T13:19:02Z,sediment,552,0.1951466666666666
2023-08-25T13:19:02Z,sediment,554,0.19685625
2023-08-25T13:19:02Z,sediment,556,0.19855000000000003
2023-08-25T13:19:02Z,sediment,558,0.20008
2023-08-25T13:19:02Z,sediment,560,0.20155625000000002
2023-08-25T13:19:02Z,sediment,562,0.203
2023-08-25T13:19:02Z,sediment,564,0.20403999999999997
2023-08-25T13:19:02Z,sediment,566,0.20515
2023-08-25T13:19:02Z,sediment,568,0.20619333333333328
2023-08-25T13:19:02Z,sediment,570,0.20743333333333336
2023-08-25T13:19:02Z,sediment,572,0.20878125000000003
2023-08-25T13:19:02Z,sediment,574,0.2102066666666667
2023-08-25T13:19:02Z,sediment,576,0.21170000000000003
2023-08-25T13:19:02Z,sediment,578,0.213175
2023-08-25T13:19:02Z,sediment,580,0.21466
2023-08-25T13:19:02Z,sediment,582,0.21597499999999997
2023-08-25T13:19:02Z,sediment,584,0.21727999999999997
2023-08-25T13:19:02Z,sediment,586,0.21835
2023-08-25T13:19:02Z,sediment,588,0.21926000000000004
2023-08-25T13:19:02Z,sediment,590,0.22045333333333333
2023-08-25T13:19:02Z,sediment,592,0.2215
2023-08-25T13:19:02Z,sediment,594,0.22233333333333333
2023-08-25T13:19:02Z,sediment,596,0.2229
2023-08-25T13:19:02Z,sediment,598,0.223
2023-08-25T13:19:02Z,sediment,600,0.223
2023-08-25T13:19:02Z,sediment,602,0.223
2023-08-25T13:19:02Z,sediment,604,0.2228
2023-08-25T13:19:02Z,sediment,606,0.22275333333333333
2023-08-25T13:19:02Z,sediment,608,0.22262
2023-08-25T13:19:02Z,sediment,610,0.22236666666666666
2023-08-25T13:19:02Z,sediment,612,0.22178
2023-08-25T13:19:02Z,sediment,614,0.2211875
2023-08-25T13:19:02Z,sediment,616,0.2208
2023-08-25T13:19:02Z,sediment,618,0.2204
2023-08-25T13:19:02Z,sediment,620,0.220325
2023-08-25T13:19:02Z,sediment,622,0.22002666666666668
2023-08-25T13:19:02Z,sediment,624,0.21994999999999998
2023-08-25T13:19:02Z,sediment,626,0.22015333333333334
2023-08-25T13:19:02Z,sediment,628,0.22054666666666664
2023-08-25T13:19:02Z,sediment,630,0.22074375000000002
2023-08-25T13:19:02Z,sediment,632,0.22045333333333333
2023-08-25T13:19:02Z,sediment,634,0.22032000000000002
2023-08-25T13:19:02Z,sediment,636,0.22052666666666668
2023-08-25T13:19:02Z,sediment,638,0.22056874999999998
2023-08-25T13:19:02Z,sediment,640,0.22054666666666667
2023-08-25T13:19:02Z,sediment,642,0.22097333333333333
2023-08-25T13:19:02Z,sediment,644,0.22039999999999998
2023-08-25T13:19:02Z,sediment,646,0.21975625000000001
2023-08-25T13:19:02Z,sediment,648,0.21899999999999997
2023-08-25T13:19:02Z,sediment,650,0.21873333333333334
2023-08-25T13:19:02Z,sediment,652,0.21806666666666666
2023-08-25T13:19:02Z,sediment,654,0.217
2023-08-25T13:19:02Z,sediment,656,0.2157666666666667
2023-08-25T13:19:02Z,sediment,658,0.2143625
2023-08-25T13:19:02Z,sediment,660,0.21212000000000003
2023-08-25T13:19:02Z,sediment,662,0.20986000000000005
2023-08-25T13:19:02Z,sediment,664,0.20714000000000002
2023-08-25T13:19:02Z,sediment,666,0.20519333333333337
2023-08-25T13:19:02Z,sediment,668,0.20420666666666665
2023-08-25T13:19:02Z,sediment,670,0.20527999999999996
2023-08-25T13:19:02Z,sediment,672,0.20859999999999995
2023-08-25T13:19:02Z,sediment,674,0.21155999999999994
2023-08-25T13:19:02Z,sediment,676,0.21671999999999997
2023-08-25T13:19:02Z,sediment,678,0.22287999999999994
2023-08-25T13:19:02Z,sediment,680,0.22991333333333325
2023-08-25T13:19:02Z,sediment,682,0.23799999999999988
2023-08-25T13:19:02Z,sediment,684,0.24583999999999992
2023-08-25T13:19:02Z,sediment,686,0.2553933333333332
2023-08-25T13:19:02Z,sediment,688,0.2669799999999999
2023-08-25T13:19:02Z,sediment,690,0.2755399999999999
2023-08-25T13:19:02Z,sediment,692,0.2798399999999999
2023-08-25T13:19:02Z,sediment,694,0.2871599999999999
2023-08-25T13:19:02Z,sediment,696,0.29238666666666663
2023-08-25T13:19:02Z,sediment,698,0.2966999999999999
2023-08-25T13:19:02Z,sediment,700,0.30299999999999994
2023-08-25T13:19:02Z,sediment,702,0.3106933333333332
2023-08-25T13:19:02Z,sediment,704,0.32253333333333334
2023-08-25T13:19:02Z,sediment,706,0.33553333333333335
2023-08-25T13:19:02Z,sediment,708,0.3471
2023-08-25T13:19:02Z,sediment,710,0.3607333333333333
2023-08-25T13:19:02Z,sediment,712,0.3666
2023-08-25T13:19:02Z,sediment,714,0.39547333333333373
2023-08-25T13:19:02Z,sediment,716,0.4355400000000006
2023-08-25T13:19:02Z,sediment,718,0.48734000000000055
2023-08-25T13:19:02Z,sediment,720,0.5238928571428574
2023-08-25T13:19:02Z,sediment,722,0.5567066666666677
2023-08-25T13:19:02Z,sediment,724,0.5671599999999998
2023-08-25T13:19:02Z,sediment,726,0.5875714285714281
2023-08-25T13:19:02Z,sediment,728,0.5859999999999991
2023-08-25T13:19:02Z,sediment,730,0.5903800000000003
2023-08-25T13:19:02Z,sediment,732,0.6146285714285711
2023-08-25T13:19:02Z,sediment,734,0.62602
2023-08-25T13:19:02Z,sediment,736,0.5893666666666673
2023-08-25T13:19:02Z,sediment,738,0.5638000000000001
2023-08-25T13:19:02Z,sediment,740,0.5428666666666666
2023-08-25T13:19:02Z,sediment,742,0.5692
2023-08-25T13:19:02Z,sediment,744,0.5323399999999997
2023-08-25T13:19:02Z,sediment,746,0.5573571428571441
2023-08-25T13:19:02Z,sediment,748,0.5333
2023-08-25T13:19:02Z,sediment,750,0.5303
2023-08-25T13:19:02Z,sediment,752,0.5903066666666644
2023-08-25T13:19:02Z,sediment,754,0.4742642857142855
2023-08-25T13:19:02Z,sediment,756,0.48
2023-08-25T13:19:02Z,sediment,758,0.4
2023-08-25T13:19:02Z,sediment,760,0.48617857142857185
2023-08-25T13:19:02Z,sediment,762,0.4681066666666653
2023-08-25T13:19:02Z,sediment,764,0.4716666666666659
2023-08-25T13:19:02Z,sediment,766,0.4666600000000011
2023-08-25T13:19:02Z,sediment,768,0.5102142857142851
2023-08-25T13:19:02Z,sediment,770,0.5169714285714307
2023-08-25T13:19:02Z,sediment,772,0.4525357142857143
2023-08-25T13:19:02Z,sediment,774,0.35
2023-08-25T13:19:02Z,sediment,776,0.3149999999999996
2023-08-25T13:19:02Z,sediment,778,0.42343571428571886
2023-08-25T13:19:02Z,sediment,780,0.3469714285714292
2023-08-25T13:19:02Z,sediment,782,0.32569333333333594
2023-08-25T13:19:02Z,sediment,784,0.3609142857142843
2023-08-25T13:19:02Z,sediment,786,0.3111
2023-08-25T13:19:02Z,sediment,788,0.3333
2023-08-25T13:19:02Z,sediment,790,0.38475999999999655
2023-08-25T13:19:02Z,sediment,792,0.2714
2023-08-25T13:19:02Z,sediment,794,0.2350000000000004
2023-08-25T13:19:02Z,sediment,796,0.24664285714285658
2023-08-25T13:19:02Z,sediment,798,0.30857142857142905
2023-08-25T13:19:02Z,sediment,800,0.23568571428571486
2023-08-25T13:19:46Z,sediment,340,0.17884705882352936
2023-08-25T13:19:46Z,sediment,342,0.17841249999999997
2023-08-25T13:19:46Z,sediment,344,0.17920000000000003
2023-08-25T13:19:46Z,sediment,346,0.18173125
2023-08-25T13:19:46Z,sediment,348,0.17888235294117638
2023-08-25T13:19:46Z,sediment,350,0.1745
2023-08-25T13:19:46Z,sediment,352,0.16518235294117645
2023-08-25T13:19:46Z,sediment,354,0.16373749999999998
2023-08-25T13:19:46Z,sediment,356,0.15980624999999998
2023-08-25T13:19:46Z,sediment,358,0.16310588235294118
2023-08-25T13:19:46Z,sediment,360,0.1579875
2023-08-25T13:19:46Z,sediment,362,0.15668235294117644
2023-08-25T13:19:46Z,sediment,364,0.14700000000000002
2023-08-25T13:19:46Z,sediment,366,0.1411125
2023-08-25T13:19:46Z,sediment,368,0.1373
2023-08-25T13:19:46Z,sediment,370,0.134725
2023-08-25T13:19:46Z,sediment,372,0.13219999999999998
2023-08-25T13:19:46Z,sediment,374,0.13011176470588237
2023-08-25T13:19:46Z,sediment,376,0.12763750000000004
2023-08-25T13:19:46Z,sediment,378,0.12052352941176468
2023-08-25T13:19:46Z,sediment,380,0.11867500000000002
2023-08-25T13:19:46Z,sediment,382,0.12029999999999998
2023-08-25T13:19:46Z,sediment,384,0.121075
2023-08-25T13:19:46Z,sediment,386,0.11711176470588236
2023-08-25T13:19:46Z,sediment,388,0.11495000000000001
2023-08-25T13:19:46Z,sediment,390,0.112625
2023-08-25T13:19:46Z,sediment,392,0.11250624999999999
2023-08-25T13:19:46Z,sediment,394,0.1121
2023-08-25T13:19:46Z,sediment,396,0.10967500000000001
2023-08-25T13:19:46Z,sediment,398,0.10744999999999999
2023-08-25T13:19:46Z,sediment,400,0.10439999999999998
2023-08-25T13:19:46Z,sediment,402,0.1033
2023-08-25T13:19:46Z,sediment,404,0.10246470588235293
2023-08-25T13:19:46Z,sediment,406,0.10326250000000001
2023-08-25T13:19:46Z,sediment,408,0.1036
2023-08-25T13:19:46Z,sediment,410,0.10388125000000001
2023-08-25T13:19:46Z,sediment,412,0.10401875000000001
2023-08-25T13:19:46Z,sediment,414,0.10440625
2023-08-25T13:19:46Z,sediment,416,0.1049375
2023-08-25T13:19:46Z,sediment,418,0.10579411764705882
2023-08-25T13:19:46Z,sediment,420,0.106725
2023-08-25T13:19:46Z,sediment,422,0.1079375
2023-08-25T13:19:46Z,sediment,424,0.10906249999999999
2023-08-25T13:19:46Z,sediment,426,0.11053750000000001
2023-08-25T13:19:46Z,sediment,428,0.11195
2023-08-25T13:19:46Z,sediment,430,0.1132625
2023-08-25T13:19:46Z,sediment,432,0.11426249999999999
2023-08-25T13:19:46Z,sediment,434,0.11547500000000001
2023-08-25T13:19:46Z,sediment,436,0.11687499999999999
2023-08-25T13:19:46Z,sediment,438,0.11858750000000001
2023-08-25T13:19:46Z,sediment,440,0.12014999999999998
2023-08-25T13:19:46Z,sediment,442,0.121825
2023-08-25T13:19:46Z,sediment,444,0.12392499999999998
2023-08-25T13:19:46Z,sediment,446,0.1261375
2023-08-25T13:19:46Z,sediment,448,0.12819999999999998
2023-08-25T13:19:46Z,sediment,450,0.1302875
2023-08-25T13:19:46Z,sediment,452,0.1325125
2023-08-25T13:19:46Z,sediment,454,0.13456250000000003
2023-08-25T13:19:46Z,sediment,456,0.1364375
2023-08-25T13:19:46Z,sediment,458,0.13831249999999998
2023-08-25T13:19:46Z,sediment,460,0.140075
2023-08-25T13:19:46Z,sediment,462,0.141825
2023-08-25T13:19:46Z,sediment,464,0.14369999999999997
2023-08-25T13:19:46Z,sediment,466,0.1456125
2023-08-25T13:19:46Z,sediment,468,0.14751333333333333
2023-08-25T13:19:46Z,sediment,470,0.14964375000000002
2023-08-25T13:19:46Z,sediment,472,0.15176875
2023-08-25T13:19:46Z,sediment,474,0.1539875
2023-08-25T13:19:46Z,sediment,476,0.15621875000000002
2023-08-25T13:19:46Z,sediment,478,0.1583
2023-08-25T13:19:46Z,sediment,480,0.16023125000000002
2023-08-25T13:19:46Z,sediment,482,0.1623
2023-08-25T13:19:46Z,sediment,484,0.164275
2023-08-25T13:19:46Z,sediment,486,0.16595
2023-08-25T13:19:46Z,sediment,488,0.16732500000000003
2023-08-25T13:19:46Z,sediment,490,0.16899999999999998
2023-08-25T13:19:46Z,sediment,492,0.17096875
2023-08-25T13:19:46Z,sediment,494,0.17284375
2023-08-25T13:19:46Z,sediment,496,0.1748
2023-08-25T13:19:46Z,sediment,498,0.177125
2023-08-25T13:19:46Z,sediment,500,0.1793375
2023-08-25T13:19:46Z,sediment,502,0.181525
2023-08-25T13:19:46Z,sediment,504,0.18387999999999996
2023-08-25T13:19:46Z,sediment,506,0.18639375000000002
2023-08-25T13:19:46Z,sediment,508,0.188975
2023-08-25T13:19:46Z,sediment,510,0.19147500000000003
2023-08-25T13:19:46Z,sediment,512,0.1943
2023-08-25T13:19:46Z,sediment,514,0.196925
2023-08-25T13:19:46Z,sediment,516,0.19967333333333326
2023-08-25T13:19:46Z,sediment,518,0.20216250000000005
2023-08-25T13:19:46Z,sediment,520,0.205075
2023-08-25T13:19:46Z,sediment,522,0.20856666666666668
2023-08-25T13:19:46Z,sediment,524,0.21161249999999998
2023-08-25T13:19:46Z,sediment,526,0.21406249999999993
2023-08-25T13:19:46Z,sediment,528,0.21591874999999996
2023-08-25T13:19:46Z,sediment,530,0.21818666666666672
2023-08-25T13:19:46Z,sediment,532,0.22047500000000003
2023-08-25T13:19:46Z,sediment,534,0.2224
2023-08-25T13:19:46Z,sediment,536,0.22449999999999998
2023-08-25T13:19:46Z,sediment,538,0.22649999999999995
2023-08-25T13:19:46Z,sediment,540,0.22858666666666663
2023-08-25T13:19:46Z,sediment,542,0.23050000000000004
2023-08-25T13:19:46Z,sediment,544,0.23254375000000005
2023-08-25T13:19:46Z,sediment,546,0.23466875
2023-08-25T13:19:46Z,sediment,548,0.2369
2023-08-25T13:19:46Z,sediment,550,0.23915
2023-08-25T13:19:46Z,sediment,552,0.24145999999999995
2023-08-25T13:19:46Z,sediment,554,0.24392500000000003
2023-08-25T13:19:46Z,sediment,556,0.24666250000000006
2023-08-25T13:19:46Z,sediment,558,0.24934000000000003
2023-08-25T13:19:46Z,sediment,560,0.25190625
2023-08-25T13:19:46Z,sediment,562,0.2546
2023-08-25T13:19:46Z,sediment,564,0.2571333333333333
2023-08-25T13:19:46Z,sediment,566,0.2596124999999999
2023-08-25T13:19:46Z,sediment,568,0.2619599999999999
2023-08-25T13:19:46Z,sediment,570,0.26420000000000005
2023-08-25T13:19:46Z,sediment,572,0.26611250000000003
2023-08-25T13:19:46Z,sediment,574,0.268
2023-08-25T13:19:46Z,sediment,576,0.2698
2023-08-25T13:19:46Z,sediment,578,0.2714125
2023-08-25T13:19:46Z,sediment,580,0.27258
2023-08-25T13:19:46Z,sediment,582,0.273775
2023-08-25T13:19:46Z,sediment,584,0.27524
2023-08-25T13:19:46Z,sediment,586,0.27665
2023-08-25T13:19:46Z,sediment,588,0.27806000000000003
2023-08-25T13:19:46Z,sediment,590,0.2789333333333333
2023-08-25T13:19:46Z,sediment,592,0.279625
2023-08-25T13:19:46Z,sediment,594,0.28053333333333336
2023-08-25T13:19:46Z,sediment,596,0.2815
2023-08-25T13:19:46Z,sediment,598,0.2820533333333333
2023-08-25T13:19:46Z,sediment,600,0.2820875
2023-08-25T13:19:46Z,sediment,602,0.28165333333333337
2023-08-25T13:19:46Z,sediment,604,0.2811375
2023-08-25T13:19:46Z,sediment,606,0.28125333333333336
2023-08-25T13:19:46Z,sediment,608,0.28143999999999997
2023-08-25T13:19:46Z,sediment,610,0.28190000000000004
2023-08-25T13:19:46Z,sediment,612,0.28214
2023-08-25T13:19:46Z,sediment,614,0.2826375
2023-08-25T13:19:46Z,sediment,616,0.2832
2023-08-25T13:19:46Z,sediment,618,0.2834333333333333
2023-08-25T13:19:46Z,sediment,620,0.2840125
2023-08-25T13:19:46Z,sediment,622,0.28476
2023-08-25T13:19:46Z,sediment,624,0.28574999999999995
2023-08-25T13:19:46Z,sediment,626,0.2865733333333333
2023-08-25T13:19:46Z,sediment,628,0.28741999999999995
2023-08-25T13:19:46Z,sediment,630,0.28791249999999996
2023-08-25T13:19:46Z,sediment,632,0.28858666666666666
2023-08-25T13:19:46Z,sediment,634,0.28912000000000004
2023-08-25T13:19:46Z,sediment,636,0.28985333333333335
2023-08-25T13:19:46Z,sediment,638,0.29050625
2023-08-25T13:19:46Z,sediment,640,0.29119333333333336
2023-08-25T13:19:46Z,sediment,642,0.29202666666666666
2023-08-25T13:19:46Z,sediment,644,0.29256
2023-08-25T13:19:46Z,sediment,646,0.29335
2023-08-25T13:19:46Z,sediment,648,0.2945
2023-08-25T13:19:46Z,sediment,650,0.29453333333333337
2023-08-25T13:19:46Z,sediment,652,0.29386666666666666
2023-08-25T13:19:46Z,sediment,654,0.2933
2023-08-25T13:19:46Z,sediment,656,0.2922666666666667
2023-08-25T13:19:46Z,sediment,658,0.28875000000000006
2023-08-25T13:19:46Z,sediment,660,0.28572
2023-08-25T13:19:46Z,sediment,662,0.28124000000000005
2023-08-25T13:19:46Z,sediment,664,0.27698000000000006
2023-08-25T13:19:46Z,sediment,666,0.2735666666666667
2023-08-25T13:19:46Z,sediment,668,0.2694666666666667
2023-08-25T13:19:46Z,sediment,670,0.26770000000000005
2023-08-25T13:19:46Z,sediment,672,0.26806
2023-08-25T13:19:46Z,sediment,674,0.2679533333333333
2023-08-25T13:19:46Z,sediment,676,0.26998
2023-08-25T13:19:46Z,sediment,678,0.2733933333333333
2023-08-25T13:19:46Z,sediment,680,0.2778666666666666
2023-08-25T13:19:46Z,sediment,682,0.28337999999999997
2023-08-25T13:19:46Z,sediment,684,0.2906999999999999
2023-08-25T13:19:46Z,sediment,686,0.2994333333333332
2023-08-25T13:19:46Z,sediment,688,0.3088999999999999
2023-08-25T13:19:46Z,sediment,690,0.31615333333333323
2023-08-25T13:19:46Z,sediment,692,0.32008
2023-08-25T13:19:46Z,sediment,694,0.32531999999999994
2023-08-25T13:19:46Z,sediment,696,0.32832
2023-08-25T13:19:46Z,sediment,698,0.3291533333333333
2023-08-25T13:19:46Z,sediment,700,0.33043999999999996
2023-08-25T13:19:46Z,sediment,702,0.3322266666666666
2023-08-25T13:19:46Z,sediment,704,0.33440000000000003
2023-08-25T13:19:46Z,sediment,706,0.3349333333333333
2023-08-25T13:19:46Z,sediment,708,0.3322
2023-08-25T13:19:46Z,sediment,710,0.33753333333333335
2023-08-25T13:19:46Z,sediment,712,0.33746666666666664
2023-08-25T13:19:46Z,sediment,714,0.33424666666666664
2023-08-25T13:19:46Z,sediment,716,0.34066000000000035
2023-08-25T13:19:46Z,sediment,718,0.34990666666666664
2023-08-25T13:19:46Z,sediment,720,0.35050000000000053
2023-08-25T13:19:46Z,sediment,722,0.38036666666666685
2023-08-25T13:19:46Z,sediment,724,0.3618599999999992
2023-08-25T13:19:46Z,sediment,726,0.3697714285714283
2023-08-25T13:19:46Z,sediment,728,0.35888000000000003
2023-08-25T13:19:46Z,sediment,730,0.3462000000000004
2023-08-25T13:19:46Z,sediment,732,0.3522785714285715
2023-08-25T13:19:46Z,sediment,734,0.3799999999999992
2023-08-25T13:19:46Z,sediment,736,0.37508000000000036
2023-08-25T13:19:46Z,sediment,738,0.3638
2023-08-25T13:19:46Z,sediment,740,0.3524
2023-08-25T13:19:46Z,sediment,742,0.36920000000000003
2023-08-25T13:19:46Z,sediment,744,0.3938399999999998
2023-08-25T13:19:46Z,sediment,746,0.3705357142857138
2023-08-25T13:19:46Z,sediment,748,0.3667
2023-08-25T13:19:46Z,sediment,750,0.38335
2023-08-25T13:19:46Z,sediment,752,0.38266666666666727
2023-08-25T13:19:46Z,sediment,754,0.311435714285714
2023-08-25T13:19:46Z,sediment,756,0.33199999999999974
2023-08-25T13:19:46Z,sediment,758,0.2909
2023-08-25T13:19:46Z,sediment,760,0.3792142857142857
2023-08-25T13:19:46Z,sediment,762,0.345166666666666
2023-08-25T13:19:46Z,sediment,764,0.3399999999999977
2023-08-25T13:19:46Z,sediment,766,0.3066866666666687
2023-08-25T13:19:46Z,sediment,768,0.3918428571428558
2023-08-25T13:19:46Z,sediment,770,0.4724428571428609
2023-08-25T13:19:46Z,sediment,772,0.34157142857142886
2023-08-25T13:19:46Z,sediment,774,0.275
2023-08-25T13:19:46Z,sediment,776,0.28500000000000036
2023-08-25T13:19:46Z,sediment,778,0.2887642857142853
2023-08-25T13:19:46Z,sediment,780,0.2734285714285741
2023-08-25T13:19:46Z,sediment,782,0.3409466666666684
2023-08-25T13:19:46Z,sediment,784,0.39387857142856997
2023-08-25T13:19:46Z,sediment,786,0.3444333333333333
2023-08-25T13:19:46Z,sediment,788,0.3428428571428568
2023-08-25T13:19:46Z,sediment,790,0.32313999999999765
2023-08-25T13:19:46Z,sediment,792,0.24285
2023-08-25T13:19:46Z,sediment,794,0.2948999999999987
2023-08-25T13:19:46Z,sediment,796,0.3295000000000001
2023-08-25T13:19:46Z,sediment,798,0.34857142857142903
2023-08-25T13:19:46Z,sediment,800,0.302378571428572
2023-08-25T13:20:31Z,sediment,340,0.1327823529411765
2023-08-25T13:20:31Z,sediment,342,0.13025
2023-08-25T13:20:31Z,sediment,344,0.1292
2023-08-25T13:20:31Z,sediment,346,0.12768125000000002
2023-08-25T13:20:31Z,sediment,348,0.11632941176470574
2023-08-25T13:20:31Z,sediment,350,0.1127
2023-08-25T13:20:31Z,sediment,352,0.11140588235294123
2023-08-25T13:20:31Z,sediment,354,0.10981250000000001
2023-08-25T13:20:31Z,sediment,356,0.11218750000000001
2023-08-25T13:20:31Z,sediment,358,0.11752941176470591
2023-08-25T13:20:31Z,sediment,360,0.11195000000000002
2023-08-25T13:20:31Z,sediment,362,0.10475882352941175
2023-08-25T13:20:31Z,sediment,364,0.10181875
2023-08-25T13:20:31Z,sediment,366,0.09872500000000001
2023-08-25T13:20:31Z,sediment,368,0.098
2023-08-25T13:20:31Z,sediment,370,0.09252500000000001
2023-08-25T13:20:31Z,sediment,372,0.09125
2023-08-25T13:20:31Z,sediment,374,0.09274117647058823
2023-08-25T13:20:31Z,sediment,376,0.09286250000000001
2023-08-25T13:20:31Z,sediment,378,0.08721176470588232
2023-08-25T13:20:31Z,sediment,380,0.08362499999999999
2023-08-25T13:20:31Z,sediment,382,0.0840625
2023-08-25T13:20:31Z,sediment,384,0.08627500000000002
2023-08-25T13:20:31Z,sediment,386,0.08346470588235295
2023-08-25T13:20:31Z,sediment,388,0.08107500000000001
2023-08-25T13:20:31Z,sediment,390,0.07885625
2023-08-25T13:20:31Z,sediment,392,0.07763125
2023-08-25T13:20:31Z,sediment,394,0.0793
2023-08-25T13:20:31Z,sediment,396,0.07870000000000002
2023-08-25T13:20:31Z,sediment,398,0.0762
2023-08-25T13:20:31Z,sediment,400,0.07369999999999999
2023-08-25T13:20:31Z,sediment,402,0.0712
2023-08-25T13:20:31Z,sediment,404,0.07137058823529412
2023-08-25T13:20:31Z,sediment,406,0.07155625
2023-08-25T13:20:31Z,sediment,408,0.07143125
2023-08-25T13:20:31Z,sediment,410,0.07139999999999999
2023-08-25T13:20:31Z,sediment,412,0.07197500000000001
2023-08-25T13:20:31Z,sediment,414,0.072475
2023-08-25T13:20:31Z,sediment,416,0.0725625
2023-08-25T13:20:31Z,sediment,418,0.07311764705882354
2023-08-25T13:20:31Z,sediment,420,0.0738625
2023-08-25T13:20:31Z,sediment,422,0.0745625
2023-08-25T13:20:31Z,sediment,424,0.0755
2023-08-25T13:20:31Z,sediment,426,0.0765875
2023-08-25T13:20:31Z,sediment,428,0.0772875
2023-08-25T13:20:31Z,sediment,430,0.07838750000000001
2023-08-25T13:20:31Z,sediment,432,0.0797
2023-08-25T13:20:31Z,sediment,434,0.08052500000000001
2023-08-25T13:20:31Z,sediment,436,0.0816125
2023-08-25T13:20:31Z,sediment,438,0.08277500000000002
2023-08-25T13:20:31Z,sediment,440,0.08408749999999998
2023-08-25T13:20:31Z,sediment,442,0.085375
2023-08-25T13:20:31Z,sediment,444,0.0865125
2023-08-25T13:20:31Z,sediment,446,0.08775000000000001
2023-08-25T13:20:31Z,sediment,448,0.08912499999999998
2023-08-25T13:20:31Z,sediment,450,0.09037500000000001
2023-08-25T13:20:31Z,sediment,452,0.091625
2023-08-25T13:20:31Z,sediment,454,0.09295
2023-08-25T13:20:31Z,sediment,456,0.09432499999999999
2023-08-25T13:20:31Z,sediment,458,0.0954875
2023-08-25T13:20:31Z,sediment,460,0.0967125
2023-08-25T13:20:31Z,sediment,462,0.09783750000000001
2023-08-25T13:20:31Z,sediment,464,0.0989625
2023-08-25T13:20:31Z,sediment,466,0.100175
2023-08-25T13:20:31Z,sediment,468,0.10142
2023-08-25T13:20:31Z,sediment,470,0.1026375
2023-08-25T13:20:31Z,sediment,472,0.10388750000000001
2023-08-25T13:20:31Z,sediment,474,0.1051375
2023-08-25T13:20:31Z,sediment,476,0.10628750000000001
2023-08-25T13:20:31Z,sediment,478,0.10749375000000001
2023-08-25T13:20:31Z,sediment,480,0.1086875
2023-08-25T13:20:31Z,sediment,482,0.1099
2023-08-25T13:20:31Z,sediment,484,0.1109
2023-08-25T13:20:31Z,sediment,486,0.11205
2023-08-25T13:20:31Z,sediment,488,0.11350000000000002
2023-08-25T13:20:31Z,sediment,490,0.1148
2023-08-25T13:20:31Z,sediment,492,0.1159125
2023-08-25T13:20:31Z,sediment,494,0.11716249999999999
2023-08-25T13:20:31Z,sediment,496,0.11841249999999999
2023-08-25T13:20:31Z,sediment,498,0.1196375
2023-08-25T13:20:31Z,sediment,500,0.12101250000000001
2023-08-25T13:20:31Z,sediment,502,0.12244999999999999
2023-08-25T13:20:31Z,sediment,504,0.12401999999999998
2023-08-25T13:20:31Z,sediment,506,0.12550625
2023-08-25T13:20:31Z,sediment,508,0.12688125
2023-08-25T13:20:31Z,sediment,510,0.12825625
2023-08-25T13:20:31Z,sediment,512,0.1297
2023-08-25T13:20:31Z,sediment,514,0.13107499999999997
2023-08-25T13:20:31Z,sediment,516,0.13248666666666664
2023-08-25T13:20:31Z,sediment,518,0.13405625000000002
2023-08-25T13:20:31Z,sediment,520,0.13566875
2023-08-25T13:20:31Z,sediment,522,0.13706666666666667
2023-08-25T13:20:31Z,sediment,524,0.13848749999999999
2023-08-25T13:20:31Z,sediment,526,0.1396875
2023-08-25T13:20:31Z,sediment,528,0.14120624999999998
2023-08-25T13:20:31Z,sediment,530,0.1425666666666667
2023-08-25T13:20:31Z,sediment,532,0.14377500000000004
2023-08-25T13:20:31Z,sediment,534,0.1449
2023-08-25T13:20:31Z,sediment,536,0.14628125
2023-08-25T13:20:31Z,sediment,538,0.14746249999999997
2023-08-25T13:20:31Z,sediment,540,0.14876666666666663
2023-08-25T13:20:31Z,sediment,542,0.15024666666666672
2023-08-25T13:20:31Z,sediment,544,0.15163750000000004
2023-08-25T13:20:31Z,sediment,546,0.15295625
2023-08-25T13:20:31Z,sediment,548,0.15439999999999998
2023-08-25T13:20:31Z,sediment,550,0.15577499999999997
2023-08-25T13:20:31Z,sediment,552,0.15718666666666664
2023-08-25T13:20:31Z,sediment,554,0.15867500000000004
2023-08-25T13:20:31Z,sediment,556,0.16003750000000005
2023-08-25T13:20:31Z,sediment,558,0.16140000000000002
2023-08-25T13:20:31Z,sediment,560,0.1626875
2023-08-25T13:20:31Z,sediment,562,0.16390000000000002
2023-08-25T13:20:31Z,sediment,564,0.16485999999999998
2023-08-25T13:20:31Z,sediment,566,0.16569375
2023-08-25T13:20:31Z,sediment,568,0.16651999999999997
2023-08-25T13:20:31Z,sediment,570,0.16715333333333335
2023-08-25T13:20:31Z,sediment,572,0.16763125
2023-08-25T13:20:31Z,sediment,574,0.1679466666666667
2023-08-25T13:20:31Z,sediment,576,0.16820000000000002
2023-08-25T13:20:31Z,sediment,578,0.16875625
2023-08-25T13:20:31Z,sediment,580,0.1694
2023-08-25T13:20:31Z,sediment,582,0.1700375
2023-08-25T13:20:31Z,sediment,584,0.17042
2023-08-25T13:20:31Z,sediment,586,0.1706
2023-08-25T13:20:31Z,sediment,588,0.17078
2023-08-25T13:20:31Z,sediment,590,0.1708333333333333
2023-08-25T13:20:31Z,sediment,592,0.1714125
2023-08-25T13:20:31Z,sediment,594,0.17146666666666666
2023-08-25T13:20:31Z,sediment,596,0.17120000000000002
2023-08-25T13:20:31Z,sediment,598,0.17079333333333335
2023-08-25T13:20:31Z,sediment,600,0.17027500000000004
2023-08-25T13:20:31Z,sediment,602,0.16992666666666667
2023-08-25T13:20:31Z,sediment,604,0.17001875000000002
2023-08-25T13:20:31Z,sediment,606,0.17024000000000003
2023-08-25T13:20:31Z,sediment,608,0.17071999999999998
2023-08-25T13:20:31Z,sediment,610,0.17092
2023-08-25T13:20:31Z,sediment,612,0.17132
2023-08-25T13:20:31Z,sediment,614,0.17149999999999999
2023-08-25T13:20:31Z,sediment,616,0.1716
2023-08-25T13:20:31Z,sediment,618,0.1721
2023-08-25T13:20:31Z,sediment,620,0.17248750000000002
2023-08-25T13:20:31Z,sediment,622,0.17297333333333334
2023-08-25T13:20:31Z,sediment,624,0.173225
2023-08-25T13:20:31Z,sediment,626,0.17340666666666665
2023-08-25T13:20:31Z,sediment,628,0.17384666666666665
2023-08-25T13:20:31Z,sediment,630,0.17411249999999998
2023-08-25T13:20:31Z,sediment,632,0.17474
2023-08-25T13:20:31Z,sediment,634,0.17522000000000001
2023-08-25T13:20:31Z,sediment,636,0.17526
2023-08-25T13:20:31Z,sediment,638,0.17521875
2023-08-25T13:20:31Z,sediment,640,0.17557333333333333
2023-08-25T13:20:31Z,sediment,642,0.17599333333333333
2023-08-25T13:20:31Z,sediment,644,0.17578
2023-08-25T13:20:31Z,sediment,646,0.17559999999999998
2023-08-25T13:20:31Z,sediment,648,0.1757
2023-08-25T13:20:31Z,sediment,650,0.1757
2023-08-25T13:20:31Z,sediment,652,0.1753
2023-08-25T13:20:31Z,sediment,654,0.17489999999999997
2023-08-25T13:20:31Z,sediment,656,0.1737
2023-08-25T13:20:31Z,sediment,658,0.1733125
2023-08-25T13:20:31Z,sediment,660,0.17292
2023-08-25T13:20:31Z,sediment,662,0.17232666666666668
2023-08-25T13:20:31Z,sediment,664,0.17070000000000002
2023-08-25T13:20:31Z,sediment,666,0.16955333333333333
2023-08-25T13:20:31Z,sediment,668,0.16903333333333334
2023-08-25T13:20:31Z,sediment,670,0.1697
2023-08-25T13:20:31Z,sediment,672,0.1705533333333333
2023-08-25T13:20:31Z,sediment,674,0.1704133333333333
2023-08-25T13:20:31Z,sediment,676,0.17243999999999995
2023-08-25T13:20:31Z,sediment,678,0.1748933333333333
2023-08-25T13:20:31Z,sediment,680,0.17576666666666665
2023-08-25T13:20:31Z,sediment,682,0.17799999999999996
2023-08-25T13:20:31Z,sediment,684,0.1807733333333333
2023-08-25T13:20:31Z,sediment,686,0.18472666666666662
2023-08-25T13:20:31Z,sediment,688,0.18783999999999998
2023-08-25T13:20:31Z,sediment,690,0.19054666666666664
2023-08-25T13:20:31Z,sediment,692,0.1888133333333333
2023-08-25T13:20:31Z,sediment,694,0.19018
2023-08-25T13:20:31Z,sediment,696,0.19023333333333334
2023-08-25T13:20:31Z,sediment,698,0.18832000000000002
2023-08-25T13:20:31Z,sediment,700,0.18825999999999996
2023-08-25T13:20:31Z,sediment,702,0.18611333333333338
2023-08-25T13:20:31Z,sediment,704,0.19103333333333333
2023-08-25T13:20:31Z,sediment,706,0.1913
2023-08-25T13:20:31Z,sediment,708,0.1934
2023-08-25T13:20:31Z,sediment,710,0.19123333333333334
2023-08-25T13:20:31Z,sediment,712,0.18763333333333335
2023-08-25T13:20:31Z,sediment,714,0.1904733333333333
2023-08-25T13:20:31Z,sediment,716,0.1913400000000001
2023-08-25T13:20:31Z,sediment,718,0.2029266666666668
2023-08-25T13:20:31Z,sediment,720,0.20158571428571467
2023-08-25T13:20:31Z,sediment,722,0.21963333333333315
2023-08-25T13:20:31Z,sediment,724,0.22422000000000028
2023-08-25T13:20:31Z,sediment,726,0.21771428571428547
2023-08-25T13:20:31Z,sediment,728,0.20466666666666697
2023-08-25T13:20:31Z,sediment,730,0.2
2023-08-25T13:20:31Z,sediment,732,0.21194999999999997
2023-08-25T13:20:31Z,sediment,734,0.22899999999999957
2023-08-25T13:20:31Z,sediment,736,0.21508000000000038
2023-08-25T13:20:31Z,sediment,738,0.18696666666666664
2023-08-25T13:20:31Z,sediment,740,0.2143
2023-08-25T13:20:31Z,sediment,742,0.23079999999999998
2023-08-25T13:20:31Z,sediment,744,0.22155999999999906
2023-08-25T13:20:31Z,sediment,746,0.1835785714285714
2023-08-25T13:20:31Z,sediment,748,0.18996666666666817
2023-08-25T13:20:31Z,sediment,750,0.2621
2023-08-25T13:20:31Z,sediment,752,0.2467866666666682
2023-08-25T13:20:31Z,sediment,754,0.20144285714285942
2023-08-25T13:20:31Z,sediment,756,0.1759999999999991
2023-08-25T13:20:31Z,sediment,758,0.2
2023-08-25T13:20:31Z,sediment,760,0.22078571428571428
2023-08-25T13:20:31Z,sediment,762,0.18963999999999934
2023-08-25T13:20:31Z,sediment,764,0.2033333333333341
2023-08-25T13:20:31Z,sediment,766,0.2133333333333326
2023-08-25T13:20:31Z,sediment,768,0.22451428571428506
2023-08-25T13:20:31Z,sediment,770,0.2768999999999986
2023-08-25T13:20:31Z,sediment,772,0.2568928571428577
2023-08-25T13:20:31Z,sediment,774,0.225
2023-08-25T13:20:31Z,sediment,776,0.15
2023-08-25T13:20:31Z,sediment,778,0.16681428571428633
2023-08-25T13:20:31Z,sediment,780,0.2286
2023-08-25T13:20:31Z,sediment,782,0.21334666666666754
2023-08-25T13:20:31Z,sediment,784,0.23092142857142797
2023-08-25T13:20:31Z,sediment,786,0.2111
2023-08-25T13:20:31Z,sediment,788,0.20951428571428532
2023-08-25T13:20:31Z,sediment,790,0.19238666666666496
2023-08-25T13:20:31Z,sediment,792,0.1429
2023-08-25T13:20:31Z,sediment,794,0.19592142857142758
2023-08-25T13:20:31Z,sediment,796,0.27049999999999985
2023-08-25T13:20:31Z,sediment,798,0.30857142857142905
2023-08-25T13:20:31Z,sediment,800,0.23092142857142797
2023-08-25T13:24:32Z,sediment,340,0.07907058823529411
2023-08-25T13:24:32Z,sediment,342,0.07762500000000001
2023-08-25T13:24:32Z,sediment,344,0.07414117647058821
2023-08-25T13:24:32Z,sediment,346,0.070675
2023-08-25T13:24:32Z,sediment,348,0.0712
2023-08-25T13:24:32Z,sediment,350,0.0723
2023-08-25T13:24:32Z,sediment,352,0.0743529411764706
2023-08-25T13:24:32Z,sediment,354,0.075075
2023-08-25T13:24:32Z,sediment,356,0.07331249999999999
2023-08-25T13:24:32Z,sediment,358,0.07023529411764705
2023-08-25T13:24:32Z,sediment,360,0.06966250000000002
2023-08-25T13:24:32Z,sediment,362,0.0676529411764706
2023-08-25T13:24:32Z,sediment,364,0.0675125
2023-08-25T13:24:32Z,sediment,366,0.06413750000000001
2023-08-25T13:24:32Z,sediment,368,0.06309999999999999
2023-08-25T13:24:32Z,sediment,370,0.06315000000000001
2023-08-25T13:24:32Z,sediment,372,0.06195
2023-08-25T13:24:32Z,sediment,374,0.06052941176470588
2023-08-25T13:24:32Z,sediment,376,0.058312500000000024
2023-08-25T13:24:32Z,sediment,378,0.05584705882352942
2023-08-25T13:24:32Z,sediment,380,0.05662499999999999
2023-08-25T13:24:32Z,sediment,382,0.05712499999999998
2023-08-25T13:24:32Z,sediment,384,0.0566625
2023-08-25T13:24:32Z,sediment,386,0.05449411764705883
2023-08-25T13:24:32Z,sediment,388,0.05348125
2023-08-25T13:24:32Z,sediment,390,0.0528875
2023-08-25T13:24:32Z,sediment,392,0.052881250000000005
2023-08-25T13:24:32Z,sediment,394,0.0541
2023-08-25T13:24:32Z,sediment,396,0.05232500000000001
2023-08-25T13:24:32Z,sediment,398,0.050350000000000006
2023-08-25T13:24:32Z,sediment,400,0.04829999999999998
2023-08-25T13:24:32Z,sediment,402,0.0473
2023-08-25T13:24:32Z,sediment,404,0.047276470588235295
2023-08-25T13:24:32Z,sediment,406,0.047156250000000004
2023-08-25T13:24:32Z,sediment,408,0.047031250000000004
2023-08-25T13:24:32Z,sediment,410,0.047093750000000004
2023-08-25T13:24:32Z,sediment,412,0.04688125
2023-08-25T13:24:32Z,sediment,414,0.046843749999999997
2023-08-25T13:24:32Z,sediment,416,0.04683125
2023-08-25T13:24:32Z,sediment,418,0.04697647058823529
2023-08-25T13:24:32Z,sediment,420,0.0473125
2023-08-25T13:24:32Z,sediment,422,0.047512500000000006
2023-08-25T13:24:32Z,sediment,424,0.04788749999999999
2023-08-25T13:24:32Z,sediment,426,0.04826250000000001
2023-08-25T13:24:32Z,sediment,428,0.048662500000000004
2023-08-25T13:24:32Z,sediment,430,0.049287500000000005
2023-08-25T13:24:32Z,sediment,432,0.04966249999999999
2023-08-25T13:24:32Z,sediment,434,0.049875
2023-08-25T13:24:32Z,sediment,436,0.05035
2023-08-25T13:24:32Z,sediment,438,0.050850000000000006
2023-08-25T13:24:32Z,sediment,440,0.05147499999999999
2023-08-25T13:24:32Z,sediment,442,0.052137499999999996
2023-08-25T13:24:32Z,sediment,444,0.052787499999999994
2023-08-25T13:24:32Z,sediment,446,0.053625000000000006
2023-08-25T13:24:32Z,sediment,448,0.05449999999999999
2023-08-25T13:24:32Z,sediment,450,0.055325
2023-08-25T13:24:32Z,sediment,452,0.0562
2023-08-25T13:24:32Z,sediment,454,0.05712500000000001
2023-08-25T13:24:32Z,sediment,456,0.057874999999999996
2023-08-25T13:24:32Z,sediment,458,0.058625000000000003
2023-08-25T13:24:32Z,sediment,460,0.0593625
2023-08-25T13:24:32Z,sediment,462,0.059987500000000006
2023-08-25T13:24:32Z,sediment,464,0.06061249999999999
2023-08-25T13:24:32Z,sediment,466,0.0612375
2023-08-25T13:24:32Z,sediment,468,0.06186666666666666
2023-08-25T13:24:32Z,sediment,470,0.06256250000000001
2023-08-25T13:24:32Z,sediment,472,0.06324375
2023-08-25T13:24:32Z,sediment,474,0.06396249999999999
2023-08-25T13:24:32Z,sediment,476,0.0646125
2023-08-25T13:24:32Z,sediment,478,0.06531875
2023-08-25T13:24:32Z,sediment,480,0.065875
2023-08-25T13:24:32Z,sediment,482,0.0664
2023-08-25T13:24:32Z,sediment,484,0.066925
2023-08-25T13:24:32Z,sediment,486,0.0675
2023-08-25T13:24:32Z,sediment,488,0.067925
2023-08-25T13:24:32Z,sediment,490,0.0684
2023-08-25T13:24:32Z,sediment,492,0.06895625
2023-08-25T13:24:32Z,sediment,494,0.069525
2023-08-25T13:24:32Z,sediment,496,0.07010625
2023-08-25T13:24:32Z,sediment,498,0.0708875
2023-08-25T13:24:32Z,sediment,500,0.0717625
2023-08-25T13:24:32Z,sediment,502,0.07269999999999999
2023-08-25T13:24:32Z,sediment,504,0.07374666666666665
2023-08-25T13:24:32Z,sediment,506,0.0747875
2023-08-25T13:24:32Z,sediment,508,0.07599375
2023-08-25T13:24:32Z,sediment,510,0.07711875
2023-08-25T13:24:32Z,sediment,512,0.0783
2023-08-25T13:24:32Z,sediment,514,0.07932499999999999
2023-08-25T13:24:32Z,sediment,516,0.08047999999999997
2023-08-25T13:24:32Z,sediment,518,0.08155000000000001
2023-08-25T13:24:32Z,sediment,520,0.08243750000000001
2023-08-25T13:24:32Z,sediment,522,0.0832
2023-08-25T13:24:32Z,sediment,524,0.08409999999999998
2023-08-25T13:24:32Z,sediment,526,0.08509999999999998
2023-08-25T13:24:32Z,sediment,528,0.08603124999999999
2023-08-25T13:24:32Z,sediment,530,0.08688000000000001
2023-08-25T13:24:32Z,sediment,532,0.08765
2023-08-25T13:24:32Z,sediment,534,0.0885
2023-08-25T13:24:32Z,sediment,536,0.08928749999999999
2023-08-25T13:24:32Z,sediment,538,0.09003749999999998
2023-08-25T13:24:32Z,sediment,540,0.09081999999999997
2023-08-25T13:24:32Z,sediment,542,0.09168000000000003
2023-08-25T13:24:32Z,sediment,544,0.09246250000000002
2023-08-25T13:24:32Z,sediment,546,0.09328125
2023-08-25T13:24:32Z,sediment,548,0.0941
2023-08-25T13:24:32Z,sediment,550,0.09497499999999999
2023-08-25T13:24:32Z,sediment,552,0.09581999999999997
2023-08-25T13:24:32Z,sediment,554,0.0965875
2023-08-25T13:24:32Z,sediment,556,0.09737500000000002
2023-08-25T13:24:32Z,sediment,558,0.0981
2023-08-25T13:24:32Z,sediment,560,0.09874375
2023-08-25T13:24:32Z,sediment,562,0.0993
2023-08-25T13:24:32Z,sediment,564,0.09968
2023-08-25T13:24:32Z,sediment,566,0.10006875
2023-08-25T13:24:32Z,sediment,568,0.10054666666666666
2023-08-25T13:24:32Z,sediment,570,0.10105333333333334
2023-08-25T13:24:32Z,sediment,572,0.10166250000000002
2023-08-25T13:24:32Z,sediment,574,0.10244
2023-08-25T13:24:32Z,sediment,576,0.1033
2023-08-25T13:24:32Z,sediment,578,0.10445
2023-08-25T13:24:32Z,sediment,580,0.10553999999999998
2023-08-25T13:24:32Z,sediment,582,0.10651249999999998
2023-08-25T13:24:32Z,sediment,584,0.10741999999999999
2023-08-25T13:24:32Z,sediment,586,0.10815
2023-08-25T13:24:32Z,sediment,588,0.10880000000000002
2023-08-25T13:24:32Z,sediment,590,0.10932666666666667
2023-08-25T13:24:32Z,sediment,592,0.10981250000000001
2023-08-25T13:24:32Z,sediment,594,0.11013333333333333
2023-08-25T13:24:32Z,sediment,596,0.1103
2023-08-25T13:24:32Z,sediment,598,0.11037333333333334
2023-08-25T13:24:32Z,sediment,600,0.11035624999999999
2023-08-25T13:24:32Z,sediment,602,0.11031333333333333
2023-08-25T13:24:32Z,sediment,604,0.11008125
2023-08-25T13:24:32Z,sediment,606,0.10986
2023-08-25T13:24:32Z,sediment,608,0.10953999999999998
2023-08-25T13:24:32Z,sediment,610,0.10918
2023-08-25T13:24:32Z,sediment,612,0.10882
2023-08-25T13:24:32Z,sediment,614,0.10856249999999999
2023-08-25T13:24:32Z,sediment,616,0.1082
2023-08-25T13:24:32Z,sediment,618,0.10793333333333334
2023-08-25T13:24:32Z,sediment,620,0.10773749999999999
2023-08-25T13:24:32Z,sediment,622,0.10760666666666667
2023-08-25T13:24:32Z,sediment,624,0.1076
2023-08-25T13:24:32Z,sediment,626,0.10765333333333332
2023-08-25T13:24:32Z,sediment,628,0.10778666666666666
2023-08-25T13:24:32Z,sediment,630,0.10791875
2023-08-25T13:24:32Z,sediment,632,0.10804666666666668
2023-08-25T13:24:32Z,sediment,634,0.10818000000000001
2023-08-25T13:24:32Z,sediment,636,0.10830000000000001
2023-08-25T13:24:32Z,sediment,638,0.10834375
2023-08-25T13:24:32Z,sediment,640,0.10847333333333334
2023-08-25T13:24:32Z,sediment,642,0.10870666666666666
2023-08-25T13:24:32Z,sediment,644,0.10880000000000001
2023-08-25T13:24:32Z,sediment,646,0.10873125
2023-08-25T13:24:32Z,sediment,648,0.10859999999999999
2023-08-25T13:24:32Z,sediment,650,0.1084
2023-08-25T13:24:32Z,sediment,652,0.10793333333333333
2023-08-25T13:24:32Z,sediment,654,0.1073
2023-08-25T13:24:32Z,sediment,656,0.10643333333333334
2023-08-25T13:24:32Z,sediment,658,0.10547500000000001
2023-08-25T13:24:32Z,sediment,660,0.10388666666666668
2023-08-25T13:24:32Z,sediment,662,0.1017266666666667
2023-08-25T13:24:32Z,sediment,664,0.09980000000000001
2023-08-25T13:24:32Z,sediment,666,0.09789333333333335
2023-08-25T13:24:32Z,sediment,668,0.09613333333333335
2023-08-25T13:24:32Z,sediment,670,0.09498000000000001
2023-08-25T13:24:32Z,sediment,672,0.09432666666666667
2023-08-25T13:24:32Z,sediment,674,0.09437999999999999
2023-08-25T13:24:32Z,sediment,676,0.09484
2023-08-25T13:24:32Z,sediment,678,0.09565333333333333
2023-08-25T13:24:32Z,sediment,680,0.09731999999999998
2023-08-25T13:24:32Z,sediment,682,0.0991
2023-08-25T13:24:32Z,sediment,684,0.10100666666666665
2023-08-25T13:24:32Z,sediment,686,0.10379333333333331
2023-08-25T13:24:32Z,sediment,688,0.10719999999999996
2023-08-25T13:24:32Z,sediment,690,0.11071999999999996
2023-08-25T13:24:32Z,sediment,692,0.11366666666666664
2023-08-25T13:24:32Z,sediment,694,0.11717999999999996
2023-08-25T13:24:32Z,sediment,696,0.12044666666666663
2023-08-25T13:24:32Z,sediment,698,0.12329999999999995
2023-08-25T13:24:32Z,sediment,700,0.12711999999999996
2023-08-25T13:24:32Z,sediment,702,0.13062666666666664
2023-08-25T13:24:32Z,sediment,704,0.13436666666666666
2023-08-25T13:24:32Z,sediment,706,0.13796666666666665
2023-08-25T13:24:32Z,sediment,708,0.1431
2023-08-25T13:24:32Z,sediment,710,0.1489
2023-08-25T13:24:32Z,sediment,712,0.15443333333333334
2023-08-25T13:24:32Z,sediment,714,0.1572266666666668
2023-08-25T13:24:32Z,sediment,716,0.1696800000000002
2023-08-25T13:24:32Z,sediment,718,0.1863200000000002
2023-08-25T13:24:32Z,sediment,720,0.196
2023-08-25T13:24:32Z,sediment,722,0.19642000000000004
2023-08-25T13:24:32Z,sediment,724,0.1938599999999999
2023-08-25T13:24:32Z,sediment,726,0.20498571428571474
2023-08-25T13:24:32Z,sediment,728,0.22031333333333342
2023-08-25T13:24:32Z,sediment,730,0.2222199999999999
2023-08-25T13:24:32Z,sediment,732,0.2090142857142863
2023-08-25T13:24:32Z,sediment,734,0.19911999999999985
2023-08-25T13:24:32Z,sediment,736,0.21298666666666652
2023-08-25T13:24:32Z,sediment,738,0.19999999999999998
2023-08-25T13:24:32Z,sediment,740,0.18666666666666668
2023-08-25T13:24:32Z,sediment,742,0.1711
2023-08-25T13:24:32Z,sediment,744,0.18572000000000016
2023-08-25T13:24:32Z,sediment,746,0.1787499999999995
2023-08-25T13:24:32Z,sediment,748,0.1773
2023-08-25T13:24:32Z,sediment,750,0.1674
2023-08-25T13:24:32Z,sediment,752,0.17465999999999943
2023-08-25T13:24:32Z,sediment,754,0.16628571428571454
2023-08-25T13:24:32Z,sediment,756,0.16089999999999996
2023-08-25T13:24:32Z,sediment,758,0.16149999999999998
2023-08-25T13:24:32Z,sediment,760,0.1508
2023-08-25T13:24:32Z,sediment,762,0.168546666666667
2023-08-25T13:24:32Z,sediment,764,0.1601933333333326
2023-08-25T13:24:32Z,sediment,766,0.1349599999999997
2023-08-25T13:24:32Z,sediment,768,0.12842857142857145
2023-08-25T13:24:32Z,sediment,770,0.1308071428571425
2023-08-25T13:24:32Z,sediment,772,0.156392857142857
2023-08-25T13:24:32Z,sediment,774,0.154
2023-08-25T13:24:32Z,sediment,776,0.13491999999999982
2023-08-25T13:24:32Z,sediment,778,0.1372785714285718
2023-08-25T13:24:32Z,sediment,780,0.13799999999999968
2023-08-25T13:24:32Z,sediment,782,0.11853333333333375
2023-08-25T13:24:32Z,sediment,784,0.09900000000000024
2023-08-25T13:24:32Z,sediment,786,0.12133333333333333
2023-08-25T13:24:32Z,sediment,788,0.10978571428571425
2023-08-25T13:24:32Z,sediment,790,0.13791999999999954
2023-08-25T13:24:32Z,sediment,792,0.1244
2023-08-25T13:24:32Z,sediment,794,0.12263571428571432
2023-08-25T13:24:32Z,sediment,796,0.11054285714285692
2023-08-25T13:24:32Z,sediment,798,0.10218571428571392
2023-08-25T13:24:32Z,sediment,800,0.09413571428571449
2023-08-25T13:27:13Z,algae_brown,340,0.030247058823529398
2023-08-25T13:27:13Z,algae_brown,342,0.030725000000000002
2023-08-25T13:27:13Z,algae_brown,344,0.02981176470588235
2023-08-25T13:27:13Z,algae_brown,346,0.028762500000000003
2023-08-25T13:27:13Z,algae_brown,348,0.028729411764705885
2023-08-25T13:27:13Z,algae_brown,350,0.0275
2023-08-25T13:27:13Z,algae_brown,352,0.026811764705882344
2023-08-25T13:27:13Z,algae_brown,354,0.027149999999999997
2023-08-25T13:27:13Z,algae_brown,356,0.02835000000000001
2023-08-25T13:27:13Z,algae_brown,358,0.027070588235294103
2023-08-25T13:27:13Z,algae_brown,360,0.027575000000000002
2023-08-25T13:27:13Z,algae_brown,362,0.02743529411764706
2023-08-25T13:27:13Z,algae_brown,364,0.0275
2023-08-25T13:27:13Z,algae_brown,366,0.027256250000000003
2023-08-25T13:27:13Z,algae_brown,368,0.0255
2023-08-25T13:27:13Z,algae_brown,370,0.025200000000000007
2023-08-25T13:27:13Z,algae_brown,372,0.0247
2023-08-25T13:27:13Z,algae_brown,374,0.024729411764705885
2023-08-25T13:27:13Z,algae_brown,376,0.025449999999999987
2023-08-25T13:27:13Z,algae_brown,378,0.02387647058823529
2023-08-25T13:27:13Z,algae_brown,380,0.0232625
2023-08-25T13:27:13Z,algae_brown,382,0.023574999999999992
2023-08-25T13:27:13Z,algae_brown,384,0.023975
2023-08-25T13:27:13Z,algae_brown,386,0.023476470588235297
2023-08-25T13:27:13Z,algae_brown,388,0.02314375
2023-08-25T13:27:13Z,algae_brown,390,0.02263125
2023-08-25T13:27:13Z,algae_brown,392,0.0226625
2023-08-25T13:27:13Z,algae_brown,394,0.023399999999999997
2023-08-25T13:27:13Z,algae_brown,396,0.022125000000000002
2023-08-25T13:27:13Z,algae_brown,398,0.0216
2023-08-25T13:27:13Z,algae_brown,400,0.020924999999999996
2023-08-25T13:27:13Z,algae_brown,402,0.0204
2023-08-25T13:27:13Z,algae_brown,404,0.020076470588235293
2023-08-25T13:27:13Z,algae_brown,406,0.019956250000000002
2023-08-25T13:27:13Z,algae_brown,408,0.01969375
2023-08-25T13:27:13Z,algae_brown,410,0.019693749999999996
2023-08-25T13:27:13Z,algae_brown,412,0.0195625
2023-08-25T13:27:13Z,algae_brown,414,0.019268749999999998
2023-08-25T13:27:13Z,algae_brown,416,0.0189625
2023-08-25T13:27:13Z,algae_brown,418,0.01881176470588235
2023-08-25T13:27:13Z,algae_brown,420,0.018975
2023-08-25T13:27:13Z,algae_brown,422,0.0188375
2023-08-25T13:27:13Z,algae_brown,424,0.0189
2023-08-25T13:27:13Z,algae_brown,426,0.018812499999999996
2023-08-25T13:27:13Z,algae_brown,428,0.018812499999999996
2023-08-25T13:27:13Z,algae_brown,430,0.018975000000000002
2023-08-25T13:27:13Z,algae_brown,432,0.0190375
2023-08-25T13:27:13Z,algae_brown,434,0.019
2023-08-25T13:27:13Z,algae_brown,436,0.0189
2023-08-25T13:27:13Z,algae_brown,438,0.018975000000000002
2023-08-25T13:27:13Z,algae_brown,440,0.0191
2023-08-25T13:27:13Z,algae_brown,442,0.0191
2023-08-25T13:27:13Z,algae_brown,444,0.019212499999999997
2023-08-25T13:27:13Z,algae_brown,446,0.019375
2023-08-25T13:27:13Z,algae_brown,448,0.0195625
2023-08-25T13:27:13Z,algae_brown,450,0.0196875
2023-08-25T13:27:13Z,algae_brown,452,0.019725
2023-08-25T13:27:13Z,algae_brown,454,0.019975
2023-08-25T13:27:13Z,algae_brown,456,0.020162499999999996
2023-08-25T13:27:13Z,algae_brown,458,0.0202
2023-08-25T13:27:13Z,algae_brown,460,0.020312499999999997
2023-08-25T13:27:13Z,algae_brown,462,0.0204
2023-08-25T13:27:13Z,algae_brown,464,0.020524999999999998
2023-08-25T13:27:13Z,algae_brown,466,0.0206875
2023-08-25T13:27:13Z,algae_brown,468,0.020913333333333332
2023-08-25T13:27:13Z,algae_brown,470,0.021087500000000002
2023-08-25T13:27:13Z,algae_brown,472,0.021337500000000002
2023-08-25T13:27:13Z,algae_brown,474,0.021493749999999995
2023-08-25T13:27:13Z,algae_brown,476,0.0217375
2023-08-25T13:27:13Z,algae_brown,478,0.0219875
2023-08-25T13:27:13Z,algae_brown,480,0.02216875
2023-08-25T13:27:13Z,algae_brown,482,0.022400000000000003
2023-08-25T13:27:13Z,algae_brown,484,0.022524999999999996
2023-08-25T13:27:13Z,algae_brown,486,0.02275
2023-08-25T13:27:13Z,algae_brown,488,0.02305
2023-08-25T13:27:13Z,algae_brown,490,0.0231
2023-08-25T13:27:13Z,algae_brown,492,0.0232625
2023-08-25T13:27:13Z,algae_brown,494,0.023456249999999998
2023-08-25T13:27:13Z,algae_brown,496,0.023581249999999998
2023-08-25T13:27:13Z,algae_brown,498,0.023725
2023-08-25T13:27:13Z,algae_brown,500,0.023975000000000003
2023-08-25T13:27:13Z,algae_brown,502,0.024287499999999997
2023-08-25T13:27:13Z,algae_brown,504,0.024586666666666663
2023-08-25T13:27:13Z,algae_brown,506,0.024837500000000002
2023-08-25T13:27:13Z,algae_brown,508,0.025087500000000002
2023-08-25T13:27:13Z,algae_brown,510,0.0253375
2023-08-25T13:27:13Z,algae_brown,512,0.0256
2023-08-25T13:27:13Z,algae_brown,514,0.025849999999999998
2023-08-25T13:27:13Z,algae_brown,516,0.026106666666666663
2023-08-25T13:27:13Z,algae_brown,518,0.026443750000000005
2023-08-25T13:27:13Z,algae_brown,520,0.026493749999999996
2023-08-25T13:27:13Z,algae_brown,522,0.0264
2023-08-25T13:27:13Z,algae_brown,524,0.026587499999999997
2023-08-25T13:27:13Z,algae_brown,526,0.027137499999999988
2023-08-25T13:27:13Z,algae_brown,528,0.02789374999999999
2023-08-25T13:27:13Z,algae_brown,530,0.028533333333333348
2023-08-25T13:27:13Z,algae_brown,532,0.02925000000000001
2023-08-25T13:27:13Z,algae_brown,534,0.03
2023-08-25T13:27:13Z,algae_brown,536,0.030624999999999996
2023-08-25T13:27:13Z,algae_brown,538,0.03118124999999999
2023-08-25T13:27:13Z,algae_brown,540,0.03183333333333332
2023-08-25T13:27:13Z,algae_brown,542,0.032353333333333345
2023-08-25T13:27:13Z,algae_brown,544,0.03287500000000001
2023-08-25T13:27:13Z,algae_brown,546,0.033375
2023-08-25T13:27:13Z,algae_brown,548,0.034
2023-08-25T13:27:13Z,algae_brown,550,0.03472499999999999
2023-08-25T13:27:13Z,algae_brown,552,0.03547333333333331
2023-08-25T13:27:13Z,algae_brown,554,0.036287500000000014
2023-08-25T13:27:13Z,algae_brown,556,0.03710000000000003
2023-08-25T13:27:13Z,algae_brown,558,0.03812000000000001
2023-08-25T13:27:13Z,algae_brown,560,0.039081250000000005
2023-08-25T13:27:13Z,algae_brown,562,0.04
2023-08-25T13:27:13Z,algae_brown,564,0.040886666666666655
2023-08-25T13:27:13Z,algae_brown,566,0.041793749999999984
2023-08-25T13:27:13Z,algae_brown,568,0.04261999999999998
2023-08-25T13:27:13Z,algae_brown,570,0.043380000000000016
2023-08-25T13:27:13Z,algae_brown,572,0.044075
2023-08-25T13:27:13Z,algae_brown,574,0.044520000000000004
2023-08-25T13:27:13Z,algae_brown,576,0.0451
2023-08-25T13:27:13Z,algae_brown,578,0.045724999999999995
2023-08-25T13:27:13Z,algae_brown,580,0.04623999999999999
2023-08-25T13:27:13Z,algae_brown,582,0.046575
2023-08-25T13:27:13Z,algae_brown,584,0.04683999999999999
2023-08-25T13:27:13Z,algae_brown,586,0.0471
2023-08-25T13:27:13Z,algae_brown,588,0.047360000000000006
2023-08-25T13:27:13Z,algae_brown,590,0.04792666666666667
2023-08-25T13:27:13Z,algae_brown,592,0.048412500000000004
2023-08-25T13:27:13Z,algae_brown,594,0.04886666666666667
2023-08-25T13:27:13Z,algae_brown,596,0.0496
2023-08-25T13:27:13Z,algae_brown,598,0.05015999999999999
2023-08-25T13:27:13Z,algae_brown,600,0.05093749999999999
2023-08-25T13:27:13Z,algae_brown,602,0.05154666666666666
2023-08-25T13:27:13Z,algae_brown,604,0.0517625
2023-08-25T13:27:13Z,algae_brown,606,0.051413333333333325
2023-08-25T13:27:13Z,algae_brown,608,0.050799999999999984
2023-08-25T13:27:13Z,algae_brown,610,0.04994666666666666
2023-08-25T13:27:13Z,algae_brown,612,0.048919999999999984
2023-08-25T13:27:13Z,algae_brown,614,0.04808749999999999
2023-08-25T13:27:13Z,algae_brown,616,0.0473
2023-08-25T13:27:13Z,algae_brown,618,0.0465
2023-08-25T13:27:13Z,algae_brown,620,0.04585000000000001
2023-08-25T13:27:13Z,algae_brown,622,0.045326666666666675
2023-08-25T13:27:13Z,algae_brown,624,0.0452
2023-08-25T13:27:13Z,algae_brown,626,0.04509333333333334
2023-08-25T13:27:13Z,algae_brown,628,0.04491333333333334
2023-08-25T13:27:13Z,algae_brown,630,0.04476250000000001
2023-08-25T13:27:13Z,algae_brown,632,0.044553333333333334
2023-08-25T13:27:13Z,algae_brown,634,0.04442
2023-08-25T13:27:13Z,algae_brown,636,0.044199999999999996
2023-08-25T13:27:13Z,algae_brown,638,0.04424375
2023-08-25T13:27:13Z,algae_brown,640,0.04459333333333334
2023-08-25T13:27:13Z,algae_brown,642,0.045333333333333344
2023-08-25T13:27:13Z,algae_brown,644,0.04592
2023-08-25T13:27:13Z,algae_brown,646,0.04616875
2023-08-25T13:27:13Z,algae_brown,648,0.0463
2023-08-25T13:27:13Z,algae_brown,650,0.04633333333333333
2023-08-25T13:27:13Z,algae_brown,652,0.04586666666666667
2023-08-25T13:27:13Z,algae_brown,654,0.0447
2023-08-25T13:27:13Z,algae_brown,656,0.0433
2023-08-25T13:27:13Z,algae_brown,658,0.041700000000000015
2023-08-25T13:27:13Z,algae_brown,660,0.03951333333333336
2023-08-25T13:27:13Z,algae_brown,662,0.03714666666666669
2023-08-25T13:27:13Z,algae_brown,664,0.03512000000000002
2023-08-25T13:27:13Z,algae_brown,666,0.03357333333333335
2023-08-25T13:27:13Z,algae_brown,668,0.03272
2023-08-25T13:27:13Z,algae_brown,670,0.0325
2023-08-25T13:27:13Z,algae_brown,672,0.03277999999999999
2023-08-25T13:27:13Z,algae_brown,674,0.033513333333333326
2023-08-25T13:27:13Z,algae_brown,676,0.03463999999999999
2023-08-25T13:27:13Z,algae_brown,678,0.03649333333333331
2023-08-25T13:27:13Z,algae_brown,680,0.038453333333333305
2023-08-25T13:27:13Z,algae_brown,682,0.04083999999999997
2023-08-25T13:27:13Z,algae_brown,684,0.0436533333333333
2023-08-25T13:27:13Z,algae_brown,686,0.047159999999999945
2023-08-25T13:27:13Z,algae_brown,688,0.05237999999999994
2023-08-25T13:27:13Z,algae_brown,690,0.05801999999999993
2023-08-25T13:27:13Z,algae_brown,692,0.06337999999999992
2023-08-25T13:27:13Z,algae_brown,694,0.0705599999999999
2023-08-25T13:27:13Z,algae_brown,696,0.0785999999999999
2023-08-25T13:27:13Z,algae_brown,698,0.08729333333333322
2023-08-25T13:27:13Z,algae_brown,700,0.09687999999999988
2023-08-25T13:27:13Z,algae_brown,702,0.10651999999999989
2023-08-25T13:27:13Z,algae_brown,704,0.11603333333333332
2023-08-25T13:27:13Z,algae_brown,706,0.12603333333333333
2023-08-25T13:27:13Z,algae_brown,708,0.1361
2023-08-25T13:27:13Z,algae_brown,710,0.14709999999999998
2023-08-25T13:27:13Z,algae_brown,712,0.15783333333333333
2023-08-25T13:27:13Z,algae_brown,714,0.17209333333333357
2023-08-25T13:27:13Z,algae_brown,716,0.19180000000000025
2023-08-25T13:27:13Z,algae_brown,718,0.21282000000000026
2023-08-25T13:27:13Z,algae_brown,720,0.238064285714286
2023-08-25T13:27:13Z,algae_brown,722,0.25623333333333354
2023-08-25T13:27:13Z,algae_brown,724,0.2699400000000004
2023-08-25T13:27:13Z,algae_brown,726,0.3001
2023-08-25T13:27:13Z,algae_brown,728,0.30277999999999977
2023-08-25T13:27:13Z,algae_brown,730,0.3008933333333335
2023-08-25T13:27:13Z,algae_brown,732,0.30911428571428556
2023-08-25T13:27:13Z,algae_brown,734,0.3166199999999999
2023-08-25T13:27:13Z,algae_brown,736,0.3007000000000003
2023-08-25T13:27:13Z,algae_brown,738,0.3006
2023-08-25T13:27:13Z,algae_brown,740,0.28413333333333335
2023-08-25T13:27:13Z,algae_brown,742,0.29309999999999997
2023-08-25T13:27:13Z,algae_brown,744,0.2765199999999999
2023-08-25T13:27:13Z,algae_brown,746,0.25754999999999945
2023-08-25T13:27:13Z,algae_brown,748,0.25714000000000015
2023-08-25T13:27:13Z,algae_brown,750,0.2575
2023-08-25T13:27:13Z,algae_brown,752,0.2580333333333332
2023-08-25T13:27:13Z,algae_brown,754,0.25387142857142847
2023-08-25T13:27:13Z,algae_brown,756,0.24266000000000035
2023-08-25T13:27:13Z,algae_brown,758,0.2275
2023-08-25T13:27:13Z,algae_brown,760,0.21959285714285712
2023-08-25T13:27:13Z,algae_brown,762,0.198713333333333
2023-08-25T13:27:13Z,algae_brown,764,0.18835333333333273
2023-08-25T13:27:13Z,algae_brown,766,0.16587333333333296
2023-08-25T13:27:13Z,algae_brown,768,0.16672857142857123
2023-08-25T13:27:13Z,algae_brown,770,0.1665000000000002
2023-08-25T13:27:13Z,algae_brown,772,0.14750000000000013
2023-08-25T13:27:13Z,algae_brown,774,0.1082
2023-08-25T13:27:13Z,algae_brown,776,0.11696000000000017
2023-08-25T13:27:13Z,algae_brown,778,0.1244
2023-08-25T13:27:13Z,algae_brown,780,0.11878571428571462
2023-08-25T13:27:13Z,algae_brown,782,0.1313
2023-08-25T13:27:13Z,algae_brown,784,0.12312857142857159
2023-08-25T13:27:13Z,algae_brown,786,0.105
2023-08-25T13:27:13Z,algae_brown,788,0.09878571428571419
2023-08-25T13:27:13Z,algae_brown,790,0.09630000000000001
2023-08-25T13:27:13Z,algae_brown,792,0.10065
2023-08-25T13:27:13Z,algae_brown,794,0.0887500000000003
2023-08-25T13:27:13Z,algae_brown,796,0.1182285714285715
2023-08-25T13:27:13Z,algae_brown,798,0.09501428571428541
2023-08-25T13:27:13Z,algae_brown,800,0.10785714285714233
2023-08-25T13:27:55Z,algae_brown,340,0.043170588235294106
2023-08-25T13:27:55Z,algae_brown,342,0.040674999999999996
2023-08-25T13:27:55Z,algae_brown,344,0.04109411764705882
2023-08-25T13:27:55Z,algae_brown,346,0.04343124999999999
2023-08-25T13:27:55Z,algae_brown,348,0.04509411764705882
2023-08-25T13:27:55Z,algae_brown,350,0.04
2023-08-25T13:27:55Z,algae_brown,352,0.04015294117647057
2023-08-25T13:27:55Z,algae_brown,354,0.04073125
2023-08-25T13:27:55Z,algae_brown,356,0.039174999999999995
2023-08-25T13:27:55Z,algae_brown,358,0.038182352941176466
2023-08-25T13:27:55Z,algae_brown,360,0.03655
2023-08-25T13:27:55Z,algae_brown,362,0.037323529411764714
2023-08-25T13:27:55Z,algae_brown,364,0.037312500000000005
2023-08-25T13:27:55Z,algae_brown,366,0.03661875
2023-08-25T13:27:55Z,algae_brown,368,0.035699999999999996
2023-08-25T13:27:55Z,algae_brown,370,0.032775000000000006
2023-08-25T13:27:55Z,algae_brown,372,0.032600000000000004
2023-08-25T13:27:55Z,algae_brown,374,0.03251764705882353
2023-08-25T13:27:55Z,algae_brown,376,0.032025000000000005
2023-08-25T13:27:55Z,algae_brown,378,0.03069411764705882
2023-08-25T13:27:55Z,algae_brown,380,0.02971249999999999
2023-08-25T13:27:55Z,algae_brown,382,0.028650000000000005
2023-08-25T13:27:55Z,algae_brown,384,0.028587500000000002
2023-08-25T13:27:55Z,algae_brown,386,0.027876470588235298
2023-08-25T13:27:55Z,algae_brown,388,0.027512500000000002
2023-08-25T13:27:55Z,algae_brown,390,0.026481250000000005
2023-08-25T13:27:55Z,algae_brown,392,0.026081249999999997
2023-08-25T13:27:55Z,algae_brown,394,0.0262
2023-08-25T13:27:55Z,algae_brown,396,0.025700000000000004
2023-08-25T13:27:55Z,algae_brown,398,0.024599999999999997
2023-08-25T13:27:55Z,algae_brown,400,0.02274999999999999
2023-08-25T13:27:55Z,algae_brown,402,0.022000000000000002
2023-08-25T13:27:55Z,algae_brown,404,0.021429411764705884
2023-08-25T13:27:55Z,algae_brown,406,0.021156249999999998
2023-08-25T13:27:55Z,algae_brown,408,0.020687499999999994
2023-08-25T13:27:55Z,algae_brown,410,0.0203125
2023-08-25T13:27:55Z,algae_brown,412,0.019825
2023-08-25T13:27:55Z,algae_brown,414,0.0194125
2023-08-25T13:27:55Z,algae_brown,416,0.019299999999999998
2023-08-25T13:27:55Z,algae_brown,418,0.019211764705882352
2023-08-25T13:27:55Z,algae_brown,420,0.0191
2023-08-25T13:27:55Z,algae_brown,422,0.0190625
2023-08-25T13:27:55Z,algae_brown,424,0.019
2023-08-25T13:27:55Z,algae_brown,426,0.0189125
2023-08-25T13:27:55Z,algae_brown,428,0.018799999999999997
2023-08-25T13:27:55Z,algae_brown,430,0.0188375
2023-08-25T13:27:55Z,algae_brown,432,0.018775000000000003
2023-08-25T13:27:55Z,algae_brown,434,0.0186125
2023-08-25T13:27:55Z,algae_brown,436,0.018500000000000003
2023-08-25T13:27:55Z,algae_brown,438,0.018500000000000003
2023-08-25T13:27:55Z,algae_brown,440,0.018625
2023-08-25T13:27:55Z,algae_brown,442,0.0187875
2023-08-25T13:27:55Z,algae_brown,444,0.018924999999999997
2023-08-25T13:27:55Z,algae_brown,446,0.019212500000000004
2023-08-25T13:27:55Z,algae_brown,448,0.019587499999999997
2023-08-25T13:27:55Z,algae_brown,450,0.019875
2023-08-25T13:27:55Z,algae_brown,452,0.020124999999999997
2023-08-25T13:27:55Z,algae_brown,454,0.020375
2023-08-25T13:27:55Z,algae_brown,456,0.020624999999999998
2023-08-25T13:27:55Z,algae_brown,458,0.0207875
2023-08-25T13:27:55Z,algae_brown,460,0.0210125
2023-08-25T13:27:55Z,algae_brown,462,0.021175
2023-08-25T13:27:55Z,algae_brown,464,0.021424999999999996
2023-08-25T13:27:55Z,algae_brown,466,0.021675
2023-08-25T13:27:55Z,algae_brown,468,0.02204
2023-08-25T13:27:55Z,algae_brown,470,0.022475000000000002
2023-08-25T13:27:55Z,algae_brown,472,0.022975000000000002
2023-08-25T13:27:55Z,algae_brown,474,0.023474999999999996
2023-08-25T13:27:55Z,algae_brown,476,0.024075000000000003
2023-08-25T13:27:55Z,algae_brown,478,0.024575
2023-08-25T13:27:55Z,algae_brown,480,0.025075
2023-08-25T13:27:55Z,algae_brown,482,0.0256
2023-08-25T13:27:55Z,algae_brown,484,0.025949999999999997
2023-08-25T13:27:55Z,algae_brown,486,0.02625
2023-08-25T13:27:55Z,algae_brown,488,0.026550000000000004
2023-08-25T13:27:55Z,algae_brown,490,0.0268
2023-08-25T13:27:55Z,algae_brown,492,0.027062500000000003
2023-08-25T13:27:55Z,algae_brown,494,0.02736875
2023-08-25T13:27:55Z,algae_brown,496,0.0276625
2023-08-25T13:27:55Z,algae_brown,498,0.028037499999999996
2023-08-25T13:27:55Z,algae_brown,500,0.028450000000000007
2023-08-25T13:27:55Z,algae_brown,502,0.028949999999999997
2023-08-25T13:27:55Z,algae_brown,504,0.02956666666666666
2023-08-25T13:27:55Z,algae_brown,506,0.030193750000000002
2023-08-25T13:27:55Z,algae_brown,508,0.030818750000000002
2023-08-25T13:27:55Z,algae_brown,510,0.0315125
2023-08-25T13:27:55Z,algae_brown,512,0.0323
2023-08-25T13:27:55Z,algae_brown,514,0.03317499999999999
2023-08-25T13:27:55Z,algae_brown,516,0.03407333333333331
2023-08-25T13:27:55Z,algae_brown,518,0.03505000000000002
2023-08-25T13:27:55Z,algae_brown,520,0.03604375000000001
2023-08-25T13:27:55Z,algae_brown,522,0.03696666666666666
2023-08-25T13:27:55Z,algae_brown,524,0.03806249999999999
2023-08-25T13:27:55Z,algae_brown,526,0.039099999999999975
2023-08-25T13:27:55Z,algae_brown,528,0.04038749999999998
2023-08-25T13:27:55Z,algae_brown,530,0.041620000000000025
2023-08-25T13:27:55Z,algae_brown,532,0.04285000000000002
2023-08-25T13:27:55Z,algae_brown,534,0.0441
2023-08-25T13:27:55Z,algae_brown,536,0.04544375
2023-08-25T13:27:55Z,algae_brown,538,0.04681874999999998
2023-08-25T13:27:55Z,algae_brown,540,0.04833999999999996
2023-08-25T13:27:55Z,algae_brown,542,0.049986666666666714
2023-08-25T13:27:55Z,algae_brown,544,0.05181250000000003
2023-08-25T13:27:55Z,algae_brown,546,0.053631250000000005
2023-08-25T13:27:55Z,algae_brown,548,0.0557
2023-08-25T13:27:55Z,algae_brown,550,0.05797499999999997
2023-08-25T13:27:55Z,algae_brown,552,0.06051999999999994
2023-08-25T13:27:55Z,algae_brown,554,0.06328750000000005
2023-08-25T13:27:55Z,algae_brown,556,0.06630000000000007
2023-08-25T13:27:55Z,algae_brown,558,0.06944000000000004
2023-08-25T13:27:55Z,algae_brown,560,0.07285625000000001
2023-08-25T13:27:55Z,algae_brown,562,0.0765
2023-08-25T13:27:55Z,algae_brown,564,0.07999333333333329
2023-08-25T13:27:55Z,algae_brown,566,0.08336249999999994
2023-08-25T13:27:55Z,algae_brown,568,0.08666666666666659
2023-08-25T13:27:55Z,algae_brown,570,0.08946666666666672
2023-08-25T13:27:55Z,algae_brown,572,0.09198750000000004
2023-08-25T13:27:55Z,algae_brown,574,0.09402666666666669
2023-08-25T13:27:55Z,algae_brown,576,0.0956
2023-08-25T13:27:55Z,algae_brown,578,0.09685
2023-08-25T13:27:55Z,algae_brown,580,0.09776
2023-08-25T13:27:55Z,algae_brown,582,0.09843749999999998
2023-08-25T13:27:55Z,algae_brown,584,0.09886
2023-08-25T13:27:55Z,algae_brown,586,0.09925
2023-08-25T13:27:55Z,algae_brown,588,0.09980000000000001
2023-08-25T13:27:55Z,algae_brown,590,0.10068666666666669
2023-08-25T13:27:55Z,algae_brown,592,0.102425
2023-08-25T13:27:55Z,algae_brown,594,0.10436666666666668
2023-08-25T13:27:55Z,algae_brown,596,0.1066
2023-08-25T13:27:55Z,algae_brown,598,0.10859999999999999
2023-08-25T13:27:55Z,algae_brown,600,0.11037499999999997
2023-08-25T13:27:55Z,algae_brown,602,0.11159333333333331
2023-08-25T13:27:55Z,algae_brown,604,0.11190625
2023-08-25T13:27:55Z,algae_brown,606,0.1110333333333333
2023-08-25T13:27:55Z,algae_brown,608,0.10921999999999996
2023-08-25T13:27:55Z,algae_brown,610,0.1068533333333333
2023-08-25T13:27:55Z,algae_brown,612,0.10391999999999997
2023-08-25T13:27:55Z,algae_brown,614,0.10108749999999998
2023-08-25T13:27:55Z,algae_brown,616,0.0984
2023-08-25T13:27:55Z,algae_brown,618,0.096
2023-08-25T13:27:55Z,algae_brown,620,0.09431250000000002
2023-08-25T13:27:55Z,algae_brown,622,0.09315333333333335
2023-08-25T13:27:55Z,algae_brown,624,0.09242500000000001
2023-08-25T13:27:55Z,algae_brown,626,0.09198666666666667
2023-08-25T13:27:55Z,algae_brown,628,0.09145333333333336
2023-08-25T13:27:55Z,algae_brown,630,0.09055000000000002
2023-08-25T13:27:55Z,algae_brown,632,0.08952666666666664
2023-08-25T13:27:55Z,algae_brown,634,0.08845999999999998
2023-08-25T13:27:55Z,algae_brown,636,0.08804000000000002
2023-08-25T13:27:55Z,algae_brown,638,0.08869375000000003
2023-08-25T13:27:55Z,algae_brown,640,0.09037333333333336
2023-08-25T13:27:55Z,algae_brown,642,0.09284666666666669
2023-08-25T13:27:55Z,algae_brown,644,0.09558000000000003
2023-08-25T13:27:55Z,algae_brown,646,0.09749375
2023-08-25T13:27:55Z,algae_brown,648,0.09880000000000001
2023-08-25T13:27:55Z,algae_brown,650,0.09843333333333334
2023-08-25T13:27:55Z,algae_brown,652,0.0963
2023-08-25T13:27:55Z,algae_brown,654,0.0924
2023-08-25T13:27:55Z,algae_brown,656,0.08650000000000001
2023-08-25T13:27:55Z,algae_brown,658,0.07935000000000006
2023-08-25T13:27:55Z,algae_brown,660,0.07112666666666677
2023-08-25T13:27:55Z,algae_brown,662,0.0630800000000001
2023-08-25T13:27:55Z,algae_brown,664,0.05620000000000007
2023-08-25T13:27:55Z,algae_brown,666,0.051133333333333385
2023-08-25T13:27:55Z,algae_brown,668,0.04810000000000002
2023-08-25T13:27:55Z,algae_brown,670,0.04706
2023-08-25T13:27:55Z,algae_brown,672,0.04775333333333333
2023-08-25T13:27:55Z,algae_brown,674,0.05013999999999996
2023-08-25T13:27:55Z,algae_brown,676,0.053759999999999954
2023-08-25T13:27:55Z,algae_brown,678,0.058173333333333285
2023-08-25T13:27:55Z,algae_brown,680,0.06365333333333326
2023-08-25T13:27:55Z,algae_brown,682,0.07027999999999993
2023-08-25T13:27:55Z,algae_brown,684,0.0782799999999999
2023-08-25T13:27:55Z,algae_brown,686,0.08955333333333317
2023-08-25T13:27:55Z,algae_brown,688,0.1050799999999998
2023-08-25T13:27:55Z,algae_brown,690,0.12317333333333312
2023-08-25T13:27:55Z,algae_brown,692,0.1426933333333331
2023-08-25T13:27:55Z,algae_brown,694,0.16475999999999974
2023-08-25T13:27:55Z,algae_brown,696,0.18755999999999975
2023-08-25T13:27:55Z,algae_brown,698,0.21051333333333308
2023-08-25T13:27:55Z,algae_brown,700,0.23303999999999975
2023-08-25T13:27:55Z,algae_brown,702,0.25490666666666645
2023-08-25T13:27:55Z,algae_brown,704,0.27676666666666666
2023-08-25T13:27:55Z,algae_brown,706,0.2949
2023-08-25T13:27:55Z,algae_brown,708,0.3129
2023-08-25T13:27:55Z,algae_brown,710,0.3322666666666667
2023-08-25T13:27:55Z,algae_brown,712,0.35286666666666666
2023-08-25T13:27:55Z,algae_brown,714,0.37637333333333367
2023-08-25T13:27:55Z,algae_brown,716,0.4085600000000005
2023-08-25T13:27:55Z,algae_brown,718,0.44936666666666714
2023-08-25T13:27:55Z,algae_brown,720,0.5076928571428575
2023-08-25T13:27:55Z,algae_brown,722,0.5340066666666671
2023-08-25T13:27:55Z,algae_brown,724,0.5623800000000008
2023-08-25T13:27:55Z,algae_brown,726,0.6417714285714287
2023-08-25T13:27:55Z,algae_brown,728,0.660599999999999
2023-08-25T13:27:55Z,algae_brown,730,0.6564200000000007
2023-08-25T13:27:55Z,algae_brown,732,0.6634285714285713
2023-08-25T13:27:55Z,algae_brown,734,0.67188
2023-08-25T13:27:55Z,algae_brown,736,0.6509600000000003
2023-08-25T13:27:55Z,algae_brown,738,0.6437333333333333
2023-08-25T13:27:55Z,algae_brown,740,0.6080666666666666
2023-08-25T13:27:55Z,algae_brown,742,0.6081
2023-08-25T13:27:55Z,algae_brown,744,0.5835999999999998
2023-08-25T13:27:55Z,algae_brown,746,0.549057142857142
2023-08-25T13:27:55Z,algae_brown,748,0.5472000000000004
2023-08-25T13:27:55Z,algae_brown,750,0.5425
2023-08-25T13:27:55Z,algae_brown,752,0.5326866666666666
2023-08-25T13:27:55Z,algae_brown,754,0.5173928571428571
2023-08-25T13:27:55Z,algae_brown,756,0.5051600000000003
2023-08-25T13:27:55Z,algae_brown,758,0.4725
2023-08-25T13:27:55Z,algae_brown,760,0.4291785714285713
2023-08-25T13:27:55Z,algae_brown,762,0.3970399999999996
2023-08-25T13:27:55Z,algae_brown,764,0.39580666666666553
2023-08-25T13:27:55Z,algae_brown,766,0.35677333333333294
2023-08-25T13:27:55Z,algae_brown,768,0.35
2023-08-25T13:27:55Z,algae_brown,770,0.31600000000000084
2023-08-25T13:27:55Z,algae_brown,772,0.28950000000000004
2023-08-25T13:27:55Z,algae_brown,774,0.2482
2023-08-25T13:27:55Z,algae_brown,776,0.2569600000000002
2023-08-25T13:27:55Z,algae_brown,778,0.2644
2023-08-25T13:27:55Z,algae_brown,780,0.27457142857142897
2023-08-25T13:27:55Z,algae_brown,782,0.28410666666666695
2023-08-25T13:27:55Z,algae_brown,784,0.255671428571429
2023-08-25T13:27:55Z,algae_brown,786,0.2275
2023-08-25T13:27:55Z,algae_brown,788,0.2149999999999998
2023-08-25T13:27:55Z,algae_brown,790,0.20012666666666637
2023-08-25T13:27:55Z,algae_brown,792,0.1969
2023-08-25T13:27:55Z,algae_brown,794,0.1931285714285716
2023-08-25T13:27:55Z,algae_brown,796,0.22428571428571453
2023-08-25T13:27:55Z,algae_brown,798,0.19128571428571398
2023-08-25T13:27:55Z,algae_brown,800,0.2007142857142859
2023-08-25T13:28:48Z,algae_brown,340,0.01449999999999999
2023-08-25T13:28:48Z,algae_brown,342,0.014137499999999994
2023-08-25T13:28:48Z,algae_brown,344,0.014888235294117645
2023-08-25T13:28:48Z,algae_brown,346,0.013656250000000003
2023-08-25T13:28:48Z,algae_brown,348,0.013611764705882363
2023-08-25T13:28:48Z,algae_brown,350,0.0175
2023-08-25T13:28:48Z,algae_brown,352,0.01579411764705882
2023-08-25T13:28:48Z,algae_brown,354,0.01588125
2023-08-25T13:28:48Z,algae_brown,356,0.016012500000000006
2023-08-25T13:28:48Z,algae_brown,358,0.016464705882352944
2023-08-25T13:28:48Z,algae_brown,360,0.016587500000000005
2023-08-25T13:28:48Z,algae_brown,362,0.013829411764705868
2023-08-25T13:28:48Z,algae_brown,364,0.012512499999999996
2023-08-25T13:28:48Z,algae_brown,366,0.014518749999999993
2023-08-25T13:28:48Z,algae_brown,368,0.0146
2023-08-25T13:28:48Z,algae_brown,370,0.014200000000000008
2023-08-25T13:28:48Z,algae_brown,372,0.013300000000000001
2023-08-25T13:28:48Z,algae_brown,374,0.01215294117647059
2023-08-25T13:28:48Z,algae_brown,376,0.011425000000000005
2023-08-25T13:28:48Z,algae_brown,378,0.012394117647058831
2023-08-25T13:28:48Z,algae_brown,380,0.012924999999999992
2023-08-25T13:28:48Z,algae_brown,382,0.011925000000000005
2023-08-25T13:28:48Z,algae_brown,384,0.011962500000000001
2023-08-25T13:28:48Z,algae_brown,386,0.010611764705882341
2023-08-25T13:28:48Z,algae_brown,388,0.012387499999999997
2023-08-25T13:28:48Z,algae_brown,390,0.012293750000000003
2023-08-25T13:28:48Z,algae_brown,392,0.01165625
2023-08-25T13:28:48Z,algae_brown,394,0.0109
2023-08-25T13:28:48Z,algae_brown,396,0.011174999999999997
2023-08-25T13:28:48Z,algae_brown,398,0.011300000000000001
2023-08-25T13:28:48Z,algae_brown,400,0.010974999999999997
2023-08-25T13:28:48Z,algae_brown,402,0.0104
2023-08-25T13:28:48Z,algae_brown,404,0.01024705882352941
2023-08-25T13:28:48Z,algae_brown,406,0.01035625
2023-08-25T13:28:48Z,algae_brown,408,0.01036875
2023-08-25T13:28:48Z,algae_brown,410,0.0104
2023-08-25T13:28:48Z,algae_brown,412,0.01044375
2023-08-25T13:28:48Z,algae_brown,414,0.01006875
2023-08-25T13:28:48Z,algae_brown,416,0.00996875
2023-08-25T13:28:48Z,algae_brown,418,0.010088235294117648
2023-08-25T13:28:48Z,algae_brown,420,0.0101
2023-08-25T13:28:48Z,algae_brown,422,0.010024999999999997
2023-08-25T13:28:48Z,algae_brown,424,0.009899999999999999
2023-08-25T13:28:48Z,algae_brown,426,0.009899999999999999
2023-08-25T13:28:48Z,algae_brown,428,0.0099125
2023-08-25T13:28:48Z,algae_brown,430,0.01
2023-08-25T13:28:48Z,algae_brown,432,0.01
2023-08-25T13:28:48Z,algae_brown,434,0.01
2023-08-25T13:28:48Z,algae_brown,436,0.0101
2023-08-25T13:28:48Z,algae_brown,438,0.0101
2023-08-25T13:28:48Z,algae_brown,440,0.0101625
2023-08-25T13:28:48Z,algae_brown,442,0.0102
2023-08-25T13:28:48Z,algae_brown,444,0.0103
2023-08-25T13:28:48Z,algae_brown,446,0.010337500000000001
2023-08-25T13:28:48Z,algae_brown,448,0.010524999999999998
2023-08-25T13:28:48Z,algae_brown,450,0.0106
2023-08-25T13:28:48Z,algae_brown,452,0.010700000000000001
2023-08-25T13:28:48Z,algae_brown,454,0.010737500000000002
2023-08-25T13:28:48Z,algae_brown,456,0.010862499999999999
2023-08-25T13:28:48Z,algae_brown,458,0.0109875
2023-08-25T13:28:48Z,algae_brown,460,0.0110125
2023-08-25T13:28:48Z,algae_brown,462,0.0111
2023-08-25T13:28:48Z,algae_brown,464,0.0111625
2023-08-25T13:28:48Z,algae_brown,466,0.0112875
2023-08-25T13:28:48Z,algae_brown,468,0.011413333333333331
2023-08-25T13:28:48Z,algae_brown,470,0.0115
2023-08-25T13:28:48Z,algae_brown,472,0.01156875
2023-08-25T13:28:48Z,algae_brown,474,0.011693749999999998
2023-08-25T13:28:48Z,algae_brown,476,0.0118375
2023-08-25T13:28:48Z,algae_brown,478,0.01204375
2023-08-25T13:28:48Z,algae_brown,480,0.012168749999999999
2023-08-25T13:28:48Z,algae_brown,482,0.012199999999999999
2023-08-25T13:28:48Z,algae_brown,484,0.012325
2023-08-25T13:28:48Z,algae_brown,486,0.0124
2023-08-25T13:28:48Z,algae_brown,488,0.012475000000000002
2023-08-25T13:28:48Z,algae_brown,490,0.0126
2023-08-25T13:28:48Z,algae_brown,492,0.0126
2023-08-25T13:28:48Z,algae_brown,494,0.012656249999999999
2023-08-25T13:28:48Z,algae_brown,496,0.0127
2023-08-25T13:28:48Z,algae_brown,498,0.0128125
2023-08-25T13:28:48Z,algae_brown,500,0.012937500000000001
2023-08-25T13:28:48Z,algae_brown,502,0.0130625
2023-08-25T13:28:48Z,algae_brown,504,0.013193333333333331
2023-08-25T13:28:48Z,algae_brown,506,0.01331875
2023-08-25T13:28:48Z,algae_brown,508,0.01344375
2023-08-25T13:28:48Z,algae_brown,510,0.013637500000000002
2023-08-25T13:28:48Z,algae_brown,512,0.0138
2023-08-25T13:28:48Z,algae_brown,514,0.013924999999999996
2023-08-25T13:28:48Z,algae_brown,516,0.01410666666666666
2023-08-25T13:28:48Z,algae_brown,518,0.014281250000000002
2023-08-25T13:28:48Z,algae_brown,520,0.014412500000000002
2023-08-25T13:28:48Z,algae_brown,522,0.014633333333333333
2023-08-25T13:28:48Z,algae_brown,524,0.0147625
2023-08-25T13:28:48Z,algae_brown,526,0.014974999999999994
2023-08-25T13:28:48Z,algae_brown,528,0.015137499999999996
2023-08-25T13:28:48Z,algae_brown,530,0.01534666666666667
2023-08-25T13:28:48Z,algae_brown,532,0.015550000000000005
2023-08-25T13:28:48Z,algae_brown,534,0.0158
2023-08-25T13:28:48Z,algae_brown,536,0.01603125
2023-08-25T13:28:48Z,algae_brown,538,0.016212499999999994
2023-08-25T13:28:48Z,algae_brown,540,0.01647333333333333
2023-08-25T13:28:48Z,algae_brown,542,0.01682666666666667
2023-08-25T13:28:48Z,algae_brown,544,0.017131250000000008
2023-08-25T13:28:48Z,algae_brown,546,0.0174375
2023-08-25T13:28:48Z,algae_brown,548,0.0179
2023-08-25T13:28:48Z,algae_brown,550,0.018299999999999993
2023-08-25T13:28:48Z,algae_brown,552,0.01881333333333332
2023-08-25T13:28:48Z,algae_brown,554,0.01940625000000001
2023-08-25T13:28:48Z,algae_brown,556,0.019975000000000017
2023-08-25T13:28:48Z,algae_brown,558,0.020700000000000007
2023-08-25T13:28:48Z,algae_brown,560,0.021412500000000004
2023-08-25T13:28:48Z,algae_brown,562,0.0223
2023-08-25T13:28:48Z,algae_brown,564,0.023086666666666655
2023-08-25T13:28:48Z,algae_brown,566,0.023937499999999987
2023-08-25T13:28:48Z,algae_brown,568,0.024806666666666647
2023-08-25T13:28:48Z,algae_brown,570,0.025566666666666682
2023-08-25T13:28:48Z,algae_brown,572,0.026262500000000015
2023-08-25T13:28:48Z,algae_brown,574,0.026966666666666674
2023-08-25T13:28:48Z,algae_brown,576,0.0275
2023-08-25T13:28:48Z,algae_brown,578,0.028093749999999997
2023-08-25T13:28:48Z,algae_brown,580,0.028479999999999995
2023-08-25T13:28:48Z,algae_brown,582,0.028862499999999992
2023-08-25T13:28:48Z,algae_brown,584,0.029139999999999996
2023-08-25T13:28:48Z,algae_brown,586,0.029400000000000003
2023-08-25T13:28:48Z,algae_brown,588,0.029660000000000006
2023-08-25T13:28:48Z,algae_brown,590,0.03013333333333334
2023-08-25T13:28:48Z,algae_brown,592,0.030787500000000006
2023-08-25T13:28:48Z,algae_brown,594,0.0315
2023-08-25T13:28:48Z,algae_brown,596,0.032400000000000005
2023-08-25T13:28:48Z,algae_brown,598,0.03328666666666665
2023-08-25T13:28:48Z,algae_brown,600,0.03408124999999999
2023-08-25T13:28:48Z,algae_brown,602,0.034559999999999994
2023-08-25T13:28:48Z,algae_brown,604,0.034662500000000006
2023-08-25T13:28:48Z,algae_brown,606,0.034266666666666654
2023-08-25T13:28:48Z,algae_brown,608,0.03351999999999998
2023-08-25T13:28:48Z,algae_brown,610,0.032546666666666654
2023-08-25T13:28:48Z,algae_brown,612,0.03147999999999999
2023-08-25T13:28:48Z,algae_brown,614,0.030449999999999998
2023-08-25T13:28:48Z,algae_brown,616,0.0296
2023-08-25T13:28:48Z,algae_brown,618,0.028833333333333332
2023-08-25T13:28:48Z,algae_brown,620,0.028312500000000004
2023-08-25T13:28:48Z,algae_brown,622,0.027920000000000007
2023-08-25T13:28:48Z,algae_brown,624,0.027775
2023-08-25T13:28:48Z,algae_brown,626,0.02764666666666667
2023-08-25T13:28:48Z,algae_brown,628,0.027513333333333338
2023-08-25T13:28:48Z,algae_brown,630,0.027343750000000007
2023-08-25T13:28:48Z,algae_brown,632,0.02700666666666666
2023-08-25T13:28:48Z,algae_brown,634,0.0269
2023-08-25T13:28:48Z,algae_brown,636,0.02681333333333334
2023-08-25T13:28:48Z,algae_brown,638,0.027031250000000007
2023-08-25T13:28:48Z,algae_brown,640,0.02749333333333334
2023-08-25T13:28:48Z,algae_brown,642,0.028240000000000008
2023-08-25T13:28:48Z,algae_brown,644,0.029040000000000007
2023-08-25T13:28:48Z,algae_brown,646,0.029675
2023-08-25T13:28:48Z,algae_brown,648,0.0301
2023-08-25T13:28:48Z,algae_brown,650,0.03
2023-08-25T13:28:48Z,algae_brown,652,0.0294
2023-08-25T13:28:48Z,algae_brown,654,0.028399999999999998
2023-08-25T13:28:48Z,algae_brown,656,0.026933333333333333
2023-08-25T13:28:48Z,algae_brown,658,0.025387500000000014
2023-08-25T13:28:48Z,algae_brown,660,0.023686666666666686
2023-08-25T13:28:48Z,algae_brown,662,0.022106666666666684
2023-08-25T13:28:48Z,algae_brown,664,0.020940000000000007
2023-08-25T13:28:48Z,algae_brown,666,0.02032666666666667
2023-08-25T13:28:48Z,algae_brown,668,0.020326666666666663
2023-08-25T13:28:48Z,algae_brown,670,0.020579999999999994
2023-08-25T13:28:48Z,algae_brown,672,0.021353333333333325
2023-08-25T13:28:48Z,algae_brown,674,0.02251999999999998
2023-08-25T13:28:48Z,algae_brown,676,0.024239999999999977
2023-08-25T13:28:48Z,algae_brown,678,0.026199999999999977
2023-08-25T13:28:48Z,algae_brown,680,0.027999999999999976
2023-08-25T13:28:48Z,algae_brown,682,0.029999999999999978
2023-08-25T13:28:48Z,algae_brown,684,0.03274666666666663
2023-08-25T13:28:48Z,algae_brown,686,0.0367666666666666
2023-08-25T13:28:48Z,algae_brown,688,0.04221999999999993
2023-08-25T13:28:48Z,algae_brown,690,0.0482866666666666
2023-08-25T13:28:48Z,algae_brown,692,0.05591999999999989
2023-08-25T13:28:48Z,algae_brown,694,0.06665999999999986
2023-08-25T13:28:48Z,algae_brown,696,0.07944666666666653
2023-08-25T13:28:48Z,algae_brown,698,0.09430666666666647
2023-08-25T13:28:48Z,algae_brown,700,0.11155999999999978
2023-08-25T13:28:48Z,algae_brown,702,0.13090666666666642
2023-08-25T13:28:48Z,algae_brown,704,0.1518
2023-08-25T13:28:48Z,algae_brown,706,0.1716
2023-08-25T13:28:48Z,algae_brown,708,0.193
2023-08-25T13:28:48Z,algae_brown,710,0.21536666666666665
2023-08-25T13:28:48Z,algae_brown,712,0.23883333333333334
2023-08-25T13:28:48Z,algae_brown,714,0.2686400000000004
2023-08-25T13:28:48Z,algae_brown,716,0.30572000000000044
2023-08-25T13:28:48Z,algae_brown,718,0.34807333333333385
2023-08-25T13:28:48Z,algae_brown,720,0.4041142857142862
2023-08-25T13:28:48Z,algae_brown,722,0.4392133333333339
2023-08-25T13:28:48Z,algae_brown,724,0.47588000000000097
2023-08-25T13:28:48Z,algae_brown,726,0.5521142857142859
2023-08-25T13:28:48Z,algae_brown,728,0.5728399999999991
2023-08-25T13:28:48Z,algae_brown,730,0.5693666666666672
2023-08-25T13:28:48Z,algae_brown,732,0.575735714285714
2023-08-25T13:28:48Z,algae_brown,734,0.5874999999999999
2023-08-25T13:28:48Z,algae_brown,736,0.5693533333333337
2023-08-25T13:28:48Z,algae_brown,738,0.5682666666666667
2023-08-25T13:28:48Z,algae_brown,740,0.5408000000000001
2023-08-25T13:28:48Z,algae_brown,742,0.5381
2023-08-25T13:28:48Z,algae_brown,744,0.5118799999999997
2023-08-25T13:28:48Z,algae_brown,746,0.47129999999999905
2023-08-25T13:28:48Z,algae_brown,748,0.4812733333333335
2023-08-25T13:28:48Z,algae_brown,750,0.47250000000000003
2023-08-25T13:28:48Z,algae_brown,752,0.47663999999999945
2023-08-25T13:28:48Z,algae_brown,754,0.4638714285714285
2023-08-25T13:28:48Z,algae_brown,756,0.44570000000000054
2023-08-25T13:28:48Z,algae_brown,758,0.3967
2023-08-25T13:28:48Z,algae_brown,760,0.3607999999999998
2023-08-25T13:28:48Z,algae_brown,762,0.32121333333333296
2023-08-25T13:28:48Z,algae_brown,764,0.30464666666666645
2023-08-25T13:28:48Z,algae_brown,766,0.2901866666666661
2023-08-25T13:28:48Z,algae_brown,768,0.29199999999999965
2023-08-25T13:28:48Z,algae_brown,770,0.265500000000001
2023-08-25T13:28:48Z,algae_brown,772,0.22900000000000006
2023-08-25T13:28:48Z,algae_brown,774,0.1909
2023-08-25T13:28:48Z,algae_brown,776,0.20472000000000035
2023-08-25T13:28:48Z,algae_brown,778,0.19941428571428504
2023-08-25T13:28:48Z,algae_brown,780,0.19288571428571405
2023-08-25T13:28:48Z,algae_brown,782,0.18843999999999975
2023-08-25T13:28:48Z,algae_brown,784,0.1844214285714287
2023-08-25T13:28:48Z,algae_brown,786,0.17793333333333333
2023-08-25T13:28:48Z,algae_brown,788,0.1587999999999996
2023-08-25T13:28:48Z,algae_brown,790,0.13883999999999974
2023-08-25T13:28:48Z,algae_brown,792,0.13565
2023-08-25T13:28:48Z,algae_brown,794,0.14817142857142843
2023-08-25T13:28:48Z,algae_brown,796,0.16857142857142904
2023-08-25T13:28:48Z,algae_brown,798,0.121285714285714
2023-08-25T13:28:48Z,algae_brown,800,0.12071428571428588
2023-08-25T13:30:57Z,algae_brown,340,0.01621176470588236
2023-08-25T13:30:57Z,algae_brown,342,0.014450000000000001
2023-08-25T13:30:57Z,algae_brown,344,0.01455882352941177
2023-08-25T13:30:57Z,algae_brown,346,0.016637499999999996
2023-08-25T13:30:57Z,algae_brown,348,0.01614705882352939
2023-08-25T13:30:57Z,algae_brown,350,0.0169
2023-08-25T13:30:57Z,algae_brown,352,0.015752941176470612
2023-08-25T13:30:57Z,algae_brown,354,0.014606250000000001
2023-08-25T13:30:57Z,algae_brown,356,0.014656249999999997
2023-08-25T13:30:57Z,algae_brown,358,0.011941176470588217
2023-08-25T13:30:57Z,algae_brown,360,0.015375000000000008
2023-08-25T13:30:57Z,algae_brown,362,0.014647058823529423
2023-08-25T13:30:57Z,algae_brown,364,0.015075000000000005
2023-08-25T13:30:57Z,algae_brown,366,0.014768749999999997
2023-08-25T13:30:57Z,algae_brown,368,0.016399999999999998
2023-08-25T13:30:57Z,algae_brown,370,0.014325000000000013
2023-08-25T13:30:57Z,algae_brown,372,0.013250000000000001
2023-08-25T13:30:57Z,algae_brown,374,0.013794117647058821
2023-08-25T13:30:57Z,algae_brown,376,0.013999999999999999
2023-08-25T13:30:57Z,algae_brown,378,0.01322941176470588
2023-08-25T13:30:57Z,algae_brown,380,0.0129
2023-08-25T13:30:57Z,algae_brown,382,0.01152500000000002
2023-08-25T13:30:57Z,algae_brown,384,0.011925000000000007
2023-08-25T13:30:57Z,algae_brown,386,0.01145294117647058
2023-08-25T13:30:57Z,algae_brown,388,0.0125375
2023-08-25T13:30:57Z,algae_brown,390,0.0125125
2023-08-25T13:30:57Z,algae_brown,392,0.012112500000000003
2023-08-25T13:30:57Z,algae_brown,394,0.0115
2023-08-25T13:30:57Z,algae_brown,396,0.011425000000000003
2023-08-25T13:30:57Z,algae_brown,398,0.011300000000000001
2023-08-25T13:30:57Z,algae_brown,400,0.011324999999999998
2023-08-25T13:30:57Z,algae_brown,402,0.0113
2023-08-25T13:30:57Z,algae_brown,404,0.011076470588235295
2023-08-25T13:30:57Z,algae_brown,406,0.01095625
2023-08-25T13:30:57Z,algae_brown,408,0.010693749999999998
2023-08-25T13:30:57Z,algae_brown,410,0.01069375
2023-08-25T13:30:57Z,algae_brown,412,0.010618750000000001
2023-08-25T13:30:57Z,algae_brown,414,0.0106125
2023-08-25T13:30:57Z,algae_brown,416,0.0105
2023-08-25T13:30:57Z,algae_brown,418,0.010588235294117648
2023-08-25T13:30:57Z,algae_brown,420,0.0104875
2023-08-25T13:30:57Z,algae_brown,422,0.0104375
2023-08-25T13:30:57Z,algae_brown,424,0.0105
2023-08-25T13:30:57Z,algae_brown,426,0.0104125
2023-08-25T13:30:57Z,algae_brown,428,0.0104
2023-08-25T13:30:57Z,algae_brown,430,0.0104375
2023-08-25T13:30:57Z,algae_brown,432,0.0104375
2023-08-25T13:30:57Z,algae_brown,434,0.010312499999999999
2023-08-25T13:30:57Z,algae_brown,436,0.010387500000000001
2023-08-25T13:30:57Z,algae_brown,438,0.010337500000000001
2023-08-25T13:30:57Z,algae_brown,440,0.0104
2023-08-25T13:30:57Z,algae_brown,442,0.0104
2023-08-25T13:30:57Z,algae_brown,444,0.0105
2023-08-25T13:30:57Z,algae_brown,446,0.010537500000000002
2023-08-25T13:30:57Z,algae_brown,448,0.0106
2023-08-25T13:30:57Z,algae_brown,450,0.0106875
2023-08-25T13:30:57Z,algae_brown,452,0.0108125
2023-08-25T13:30:57Z,algae_brown,454,0.0109
2023-08-25T13:30:57Z,algae_brown,456,0.0109
2023-08-25T13:30:57Z,algae_brown,458,0.0109875
2023-08-25T13:30:57Z,algae_brown,460,0.0110125
2023-08-25T13:30:57Z,algae_brown,462,0.0111
2023-08-25T13:30:57Z,algae_brown,464,0.0111625
2023-08-25T13:30:57Z,algae_brown,466,0.011200000000000002
2023-08-25T13:30:57Z,algae_brown,468,0.011313333333333331
2023-08-25T13:30:57Z,algae_brown,470,0.011399999999999999
2023-08-25T13:30:57Z,algae_brown,472,0.01146875
2023-08-25T13:30:57Z,algae_brown,474,0.011593749999999998
2023-08-25T13:30:57Z,algae_brown,476,0.01171875
2023-08-25T13:30:57Z,algae_brown,478,0.01184375
2023-08-25T13:30:57Z,algae_brown,480,0.01196875
2023-08-25T13:30:57Z,algae_brown,482,0.0121
2023-08-25T13:30:57Z,algae_brown,484,0.012124999999999999
2023-08-25T13:30:57Z,algae_brown,486,0.01225
2023-08-25T13:30:57Z,algae_brown,488,0.0123
2023-08-25T13:30:57Z,algae_brown,490,0.0123
2023-08-25T13:30:57Z,algae_brown,492,0.01233125
2023-08-25T13:30:57Z,algae_brown,494,0.0124
2023-08-25T13:30:57Z,algae_brown,496,0.0124
2023-08-25T13:30:57Z,algae_brown,498,0.0125125
2023-08-25T13:30:57Z,algae_brown,500,0.0126
2023-08-25T13:30:57Z,algae_brown,502,0.012662499999999998
2023-08-25T13:30:57Z,algae_brown,504,0.012793333333333332
2023-08-25T13:30:57Z,algae_brown,506,0.012837500000000002
2023-08-25T13:30:57Z,algae_brown,508,0.013043750000000002
2023-08-25T13:30:57Z,algae_brown,510,0.01316875
2023-08-25T13:30:57Z,algae_brown,512,0.013300000000000001
2023-08-25T13:30:57Z,algae_brown,514,0.013449999999999997
2023-08-25T13:30:57Z,algae_brown,516,0.013653333333333332
2023-08-25T13:30:57Z,algae_brown,518,0.013862500000000003
2023-08-25T13:30:57Z,algae_brown,520,0.01400625
2023-08-25T13:30:57Z,algae_brown,522,0.014133333333333333
2023-08-25T13:30:57Z,algae_brown,524,0.0142625
2023-08-25T13:30:57Z,algae_brown,526,0.014474999999999993
2023-08-25T13:30:57Z,algae_brown,528,0.014618749999999998
2023-08-25T13:30:57Z,algae_brown,530,0.01474666666666667
2023-08-25T13:30:57Z,algae_brown,532,0.014950000000000003
2023-08-25T13:30:57Z,algae_brown,534,0.0152
2023-08-25T13:30:57Z,algae_brown,536,0.0153625
2023-08-25T13:30:57Z,algae_brown,538,0.015612499999999996
2023-08-25T13:30:57Z,algae_brown,540,0.01587333333333333
2023-08-25T13:30:57Z,algae_brown,542,0.01612666666666667
2023-08-25T13:30:57Z,algae_brown,544,0.016387500000000003
2023-08-25T13:30:57Z,algae_brown,546,0.016706250000000002
2023-08-25T13:30:57Z,algae_brown,548,0.0171
2023-08-25T13:30:57Z,algae_brown,550,0.017574999999999997
2023-08-25T13:30:57Z,algae_brown,552,0.018013333333333322
2023-08-25T13:30:57Z,algae_brown,554,0.01860625000000001
2023-08-25T13:30:57Z,algae_brown,556,0.019275000000000014
2023-08-25T13:30:57Z,algae_brown,558,0.02004000000000001
2023-08-25T13:30:57Z,algae_brown,560,0.020812500000000005
2023-08-25T13:30:57Z,algae_brown,562,0.0217
2023-08-25T13:30:57Z,algae_brown,564,0.022486666666666655
2023-08-25T13:30:57Z,algae_brown,566,0.02344999999999998
2023-08-25T13:30:57Z,algae_brown,568,0.02431999999999998
2023-08-25T13:30:57Z,algae_brown,570,0.025180000000000015
2023-08-25T13:30:57Z,algae_brown,572,0.025962500000000013
2023-08-25T13:30:57Z,algae_brown,574,0.026666666666666675
2023-08-25T13:30:57Z,algae_brown,576,0.0274
2023-08-25T13:30:57Z,algae_brown,578,0.028025
2023-08-25T13:30:57Z,algae_brown,580,0.028479999999999995
2023-08-25T13:30:57Z,algae_brown,582,0.028862499999999992
2023-08-25T13:30:57Z,algae_brown,584,0.029139999999999996
2023-08-25T13:30:57Z,algae_brown,586,0.029450000000000004
2023-08-25T13:30:57Z,algae_brown,588,0.029840000000000012
2023-08-25T13:30:57Z,algae_brown,590,0.03023333333333334
2023-08-25T13:30:57Z,algae_brown,592,0.030887500000000005
2023-08-25T13:30:57Z,algae_brown,594,0.0316
2023-08-25T13:30:57Z,algae_brown,596,0.0325
2023-08-25T13:30:57Z,algae_brown,598,0.03348666666666666
2023-08-25T13:30:57Z,algae_brown,600,0.03428124999999999
2023-08-25T13:30:57Z,algae_brown,602,0.03475999999999999
2023-08-25T13:30:57Z,algae_brown,604,0.034725000000000006
2023-08-25T13:30:57Z,algae_brown,606,0.03407333333333331
2023-08-25T13:30:57Z,algae_brown,608,0.03305999999999998
2023-08-25T13:30:57Z,algae_brown,610,0.03193333333333332
2023-08-25T13:30:57Z,algae_brown,612,0.030599999999999985
2023-08-25T13:30:57Z,algae_brown,614,0.029381249999999998
2023-08-25T13:30:57Z,algae_brown,616,0.028300000000000002
2023-08-25T13:30:57Z,algae_brown,618,0.027366666666666668
2023-08-25T13:30:57Z,algae_brown,620,0.026650000000000004
2023-08-25T13:30:57Z,algae_brown,622,0.026313333333333338
2023-08-25T13:30:57Z,algae_brown,624,0.025975000000000005
2023-08-25T13:30:57Z,algae_brown,626,0.02584666666666667
2023-08-25T13:30:57Z,algae_brown,628,0.025713333333333335
2023-08-25T13:30:57Z,algae_brown,630,0.025462500000000002
2023-08-25T13:30:57Z,algae_brown,632,0.02515999999999999
2023-08-25T13:30:57Z,algae_brown,634,0.024759999999999994
2023-08-25T13:30:57Z,algae_brown,636,0.024613333333333338
2023-08-25T13:30:57Z,algae_brown,638,0.02483125000000001
2023-08-25T13:30:57Z,algae_brown,640,0.025366666666666673
2023-08-25T13:30:57Z,algae_brown,642,0.026146666666666676
2023-08-25T13:30:57Z,algae_brown,644,0.02704000000000001
2023-08-25T13:30:57Z,algae_brown,646,0.027743750000000005
2023-08-25T13:30:57Z,algae_brown,648,0.028300000000000002
2023-08-25T13:30:57Z,algae_brown,650,0.028266666666666666
2023-08-25T13:30:57Z,algae_brown,652,0.027533333333333333
2023-08-25T13:30:57Z,algae_brown,654,0.0263
2023-08-25T13:30:57Z,algae_brown,656,0.024999999999999998
2023-08-25T13:30:57Z,algae_brown,658,0.023200000000000012
2023-08-25T13:30:57Z,algae_brown,660,0.021293333333333355
2023-08-25T13:30:57Z,algae_brown,662,0.019786666666666678
2023-08-25T13:30:57Z,algae_brown,664,0.01884000000000001
2023-08-25T13:30:57Z,algae_brown,666,0.018226666666666672
2023-08-25T13:30:57Z,algae_brown,668,0.018279999999999998
2023-08-25T13:30:57Z,algae_brown,670,0.01891999999999999
2023-08-25T13:30:57Z,algae_brown,672,0.02003999999999998
2023-08-25T13:30:57Z,algae_brown,674,0.021846666666666646
2023-08-25T13:30:57Z,algae_brown,676,0.023759999999999972
2023-08-25T13:30:57Z,algae_brown,678,0.026173333333333305
2023-08-25T13:30:57Z,algae_brown,680,0.028559999999999967
2023-08-25T13:30:57Z,algae_brown,682,0.031359999999999964
2023-08-25T13:30:57Z,algae_brown,684,0.034626666666666625
2023-08-25T13:30:57Z,algae_brown,686,0.0393266666666666
2023-08-25T13:30:57Z,algae_brown,688,0.045639999999999924
2023-08-25T13:30:57Z,algae_brown,690,0.05235999999999992
2023-08-25T13:30:57Z,algae_brown,692,0.059793333333333226
2023-08-25T13:30:57Z,algae_brown,694,0.07039999999999987
2023-08-25T13:30:57Z,algae_brown,696,0.08379999999999983
2023-08-25T13:30:57Z,algae_brown,698,0.09941333333333315
2023-08-25T13:30:57Z,algae_brown,700,0.11749999999999979
2023-08-25T13:30:57Z,algae_brown,702,0.13757999999999976
2023-08-25T13:30:57Z,algae_brown,704,0.15923333333333334
2023-08-25T13:30:57Z,algae_brown,706,0.1806333333333333
2023-08-25T13:30:57Z,algae_brown,708,0.2041
2023-08-25T13:30:57Z,algae_brown,710,0.22906666666666667
2023-08-25T13:30:57Z,algae_brown,712,0.25473333333333337
2023-08-25T13:30:57Z,algae_brown,714,0.28986666666666716
2023-08-25T13:30:57Z,algae_brown,716,0.3331200000000005
2023-08-25T13:30:57Z,algae_brown,718,0.3861600000000007
2023-08-25T13:30:57Z,algae_brown,720,0.4471285714285724
2023-08-25T13:30:57Z,algae_brown,722,0.5079200000000008
2023-08-25T13:30:57Z,algae_brown,724,0.5520000000000012
2023-08-25T13:30:57Z,algae_brown,726,0.6110285714285717
2023-08-25T13:30:57Z,algae_brown,728,0.6363066666666658
2023-08-25T13:30:57Z,algae_brown,730,0.6706599999999991
2023-08-25T13:30:57Z,algae_brown,732,0.6544000000000002
2023-08-25T13:30:57Z,algae_brown,734,0.6512
2023-08-25T13:30:57Z,algae_brown,736,0.6462133333333334
2023-08-25T13:30:57Z,algae_brown,738,0.6471666666666667
2023-08-25T13:30:57Z,algae_brown,740,0.6181666666666666
2023-08-25T13:30:57Z,algae_brown,742,0.6045
2023-08-25T13:30:57Z,algae_brown,744,0.5959999999999999
2023-08-25T13:30:57Z,algae_brown,746,0.5742857142857136
2023-08-25T13:30:57Z,algae_brown,748,0.5806933333333326
2023-08-25T13:30:57Z,algae_brown,750,0.55675
2023-08-25T13:30:57Z,algae_brown,752,0.5218866666666679
2023-08-25T13:30:57Z,algae_brown,754,0.48184285714285735
2023-08-25T13:30:57Z,algae_brown,756,0.4623400000000003
2023-08-25T13:30:57Z,algae_brown,758,0.48
2023-08-25T13:30:57Z,algae_brown,760,0.4253357142857138
2023-08-25T13:30:57Z,algae_brown,762,0.37866666666666676
2023-08-25T13:30:57Z,algae_brown,764,0.354766666666667
2023-08-25T13:30:57Z,algae_brown,766,0.3543133333333327
2023-08-25T13:30:57Z,algae_brown,768,0.318385714285715
2023-08-25T13:30:57Z,algae_brown,770,0.2795714285714294
2023-08-25T13:30:57Z,algae_brown,772,0.26487857142857135
2023-08-25T13:30:57Z,algae_brown,774,0.2667
2023-08-25T13:30:57Z,algae_brown,776,0.23329999999999998
2023-08-25T13:30:57Z,algae_brown,778,0.2136571428571421
2023-08-25T13:30:57Z,algae_brown,780,0.21040000000000023
2023-08-25T13:30:57Z,algae_brown,782,0.21334666666666696
2023-08-25T13:30:57Z,algae_brown,784,0.1619285714285723
2023-08-25T13:30:57Z,algae_brown,786,0.15453333333333333
2023-08-25T13:30:57Z,algae_brown,788,0.15067142857142837
2023-08-25T13:30:57Z,algae_brown,790,0.19333333333333183
2023-08-25T13:30:57Z,algae_brown,792,0.16499999999999998
2023-08-25T13:30:57Z,algae_brown,794,0.1707142857142859
2023-08-25T13:30:57Z,algae_brown,796,0.16508571428571409
2023-08-25T13:30:57Z,algae_brown,798,0.16987142857142845
2023-08-25T13:30:57Z,algae_brown,800,0.17700714285714267
2023-08-25T13:33:27Z,algae_coralline,340,0.15430588235294115
2023-08-25T13:33:27Z,algae_coralline,342,0.1583625
2023-08-25T13:33:27Z,algae_coralline,344,0.1567
2023-08-25T13:33:27Z,algae_coralline,346,0.15563125
2023-08-25T13:33:27Z,algae_coralline,348,0.1559470588235294
2023-08-25T13:33:27Z,algae_coralline,350,0.1515
2023-08-25T13:33:27Z,algae_coralline,352,0.15500588235294124
2023-08-25T13:33:27Z,algae_coralline,354,0.15266875000000002
2023-08-25T13:33:27Z,algae_coralline,356,0.15284999999999999
2023-08-25T13:33:27Z,algae_coralline,358,0.15418823529411763
2023-08-25T13:33:27Z,algae_coralline,360,0.1491875
2023-08-25T13:33:27Z,algae_coralline,362,0.1500294117647059
2023-08-25T13:33:27Z,algae_coralline,364,0.15503125
2023-08-25T13:33:27Z,algae_coralline,366,0.15064375000000002
2023-08-25T13:33:27Z,algae_coralline,368,0.15259999999999999
2023-08-25T13:33:27Z,algae_coralline,370,0.1499
2023-08-25T13:33:27Z,algae_coralline,372,0.14884999999999998
2023-08-25T13:33:27Z,algae_coralline,374,0.14802941176470588
2023-08-25T13:33:27Z,algae_coralline,376,0.1476875
2023-08-25T13:33:27Z,algae_coralline,378,0.14788235294117646
2023-08-25T13:33:27Z,algae_coralline,380,0.1459875
2023-08-25T13:33:27Z,algae_coralline,382,0.1443625
2023-08-25T13:33:27Z,algae_coralline,384,0.14275
2023-08-25T13:33:27Z,algae_coralline,386,0.1428294117647059
2023-08-25T13:33:27Z,algae_coralline,388,0.1423
2023-08-25T13:33:27Z,algae_coralline,390,0.14201875
2023-08-25T13:33:27Z,algae_coralline,392,0.141475
2023-08-25T13:33:27Z,algae_coralline,394,0.1391
2023-08-25T13:33:27Z,algae_coralline,396,0.13757500000000003
2023-08-25T13:33:27Z,algae_coralline,398,0.13574999999999998
2023-08-25T13:33:27Z,algae_coralline,400,0.134225
2023-08-25T13:33:27Z,algae_coralline,402,0.1324
2023-08-25T13:33:27Z,algae_coralline,404,0.1311764705882353
2023-08-25T13:33:27Z,algae_coralline,406,0.12892499999999998
2023-08-25T13:33:27Z,algae_coralline,408,0.12614999999999998
2023-08-25T13:33:27Z,algae_coralline,410,0.12361875000000003
2023-08-25T13:33:27Z,algae_coralline,412,0.12138125
2023-08-25T13:33:27Z,algae_coralline,414,0.11929999999999999
2023-08-25T13:33:27Z,algae_coralline,416,0.11743749999999999
2023-08-25T13:33:27Z,algae_coralline,418,0.11602941176470588
2023-08-25T13:33:27Z,algae_coralline,420,0.11471250000000001
2023-08-25T13:33:27Z,algae_coralline,422,0.11387499999999999
2023-08-25T13:33:27Z,algae_coralline,424,0.113
2023-08-25T13:33:27Z,algae_coralline,426,0.112175
2023-08-25T13:33:27Z,algae_coralline,428,0.1113875
2023-08-25T13:33:27Z,algae_coralline,430,0.1101875
2023-08-25T13:33:27Z,algae_coralline,432,0.10825000000000001
2023-08-25T13:33:27Z,algae_coralline,434,0.106625
2023-08-25T13:33:27Z,algae_coralline,436,0.1055625
2023-08-25T13:33:27Z,algae_coralline,438,0.1052625
2023-08-25T13:33:27Z,algae_coralline,440,0.10532499999999999
2023-08-25T13:33:27Z,algae_coralline,442,0.1060125
2023-08-25T13:33:27Z,algae_coralline,444,0.10811249999999999
2023-08-25T13:33:27Z,algae_coralline,446,0.11150000000000002
2023-08-25T13:33:27Z,algae_coralline,448,0.11593749999999997
2023-08-25T13:33:27Z,algae_coralline,450,0.12116250000000002
2023-08-25T13:33:27Z,algae_coralline,452,0.1268625
2023-08-25T13:33:27Z,algae_coralline,454,0.13226250000000003
2023-08-25T13:33:27Z,algae_coralline,456,0.13676249999999998
2023-08-25T13:33:27Z,algae_coralline,458,0.1403625
2023-08-25T13:33:27Z,algae_coralline,460,0.1428625
2023-08-25T13:33:27Z,algae_coralline,462,0.144375
2023-08-25T13:33:27Z,algae_coralline,464,0.14556249999999998
2023-08-25T13:33:27Z,algae_coralline,466,0.1466
2023-08-25T13:33:27Z,algae_coralline,468,0.1476333333333333
2023-08-25T13:33:27Z,algae_coralline,470,0.14898125
2023-08-25T13:33:27Z,algae_coralline,472,0.15028750000000002
2023-08-25T13:33:27Z,algae_coralline,474,0.1515375
2023-08-25T13:33:27Z,algae_coralline,476,0.15221875
2023-08-25T13:33:27Z,algae_coralline,478,0.152125
2023-08-25T13:33:27Z,algae_coralline,480,0.1512125
2023-08-25T13:33:27Z,algae_coralline,482,0.1494
2023-08-25T13:33:27Z,algae_coralline,484,0.1468
2023-08-25T13:33:27Z,algae_coralline,486,0.1435
2023-08-25T13:33:27Z,algae_coralline,488,0.13937499999999994
2023-08-25T13:33:27Z,algae_coralline,490,0.1355
2023-08-25T13:33:27Z,algae_coralline,492,0.13257500000000003
2023-08-25T13:33:27Z,algae_coralline,494,0.1303
2023-08-25T13:33:27Z,algae_coralline,496,0.12911250000000002
2023-08-25T13:33:27Z,algae_coralline,498,0.12946249999999998
2023-08-25T13:33:27Z,algae_coralline,500,0.1314625
2023-08-25T13:33:27Z,algae_coralline,502,0.13496249999999996
2023-08-25T13:33:27Z,algae_coralline,504,0.1403066666666666
2023-08-25T13:33:27Z,algae_coralline,506,0.14700625000000003
2023-08-25T13:33:27Z,algae_coralline,508,0.1545125
2023-08-25T13:33:27Z,algae_coralline,510,0.16219375000000003
2023-08-25T13:33:27Z,algae_coralline,512,0.1697
2023-08-25T13:33:27Z,algae_coralline,514,0.17574999999999993
2023-08-25T13:33:27Z,algae_coralline,516,0.1806599999999999
2023-08-25T13:33:27Z,algae_coralline,518,0.18415000000000006
2023-08-25T13:33:27Z,algae_coralline,520,0.18648125000000002
2023-08-25T13:33:27Z,algae_coralline,522,0.188
2023-08-25T13:33:27Z,algae_coralline,524,0.18841249999999998
2023-08-25T13:33:27Z,algae_coralline,526,0.18795
2023-08-25T13:33:27Z,algae_coralline,528,0.18673750000000003
2023-08-25T13:33:27Z,algae_coralline,530,0.18503999999999995
2023-08-25T13:33:27Z,algae_coralline,532,0.18364999999999998
2023-08-25T13:33:27Z,algae_coralline,534,0.18230000000000002
2023-08-25T13:33:27Z,algae_coralline,536,0.18085
2023-08-25T13:33:27Z,algae_coralline,538,0.17979375000000003
2023-08-25T13:33:27Z,algae_coralline,540,0.17870666666666668
2023-08-25T13:33:27Z,algae_coralline,542,0.17761999999999997
2023-08-25T13:33:27Z,algae_coralline,544,0.176925
2023-08-25T13:33:27Z,algae_coralline,546,0.17663125000000002
2023-08-25T13:33:27Z,algae_coralline,548,0.1765
2023-08-25T13:33:27Z,algae_coralline,550,0.1764
2023-08-25T13:33:27Z,algae_coralline,552,0.17629333333333336
2023-08-25T13:33:27Z,algae_coralline,554,0.17571249999999997
2023-08-25T13:33:27Z,algae_coralline,556,0.17451249999999996
2023-08-25T13:33:27Z,algae_coralline,558,0.17223999999999995
2023-08-25T13:33:27Z,algae_coralline,560,0.16866874999999998
2023-08-25T13:33:27Z,algae_coralline,562,0.1642
2023-08-25T13:33:27Z,algae_coralline,564,0.16018000000000004
2023-08-25T13:33:27Z,algae_coralline,566,0.15730000000000002
2023-08-25T13:33:27Z,algae_coralline,568,0.15668666666666667
2023-08-25T13:33:27Z,algae_coralline,570,0.15965333333333348
2023-08-25T13:33:27Z,algae_coralline,572,0.16718125000000017
2023-08-25T13:33:27Z,algae_coralline,574,0.1785866666666668
2023-08-25T13:33:27Z,algae_coralline,576,0.1929
2023-08-25T13:33:27Z,algae_coralline,578,0.20979374999999995
2023-08-25T13:33:27Z,algae_coralline,580,0.2264799999999998
2023-08-25T13:33:27Z,algae_coralline,582,0.24209999999999968
2023-08-25T13:33:27Z,algae_coralline,584,0.25671999999999967
2023-08-25T13:33:27Z,algae_coralline,586,0.2694
2023-08-25T13:33:27Z,algae_coralline,588,0.2804000000000002
2023-08-25T13:33:27Z,algae_coralline,590,0.2896933333333334
2023-08-25T13:33:27Z,algae_coralline,592,0.2970750000000001
2023-08-25T13:33:27Z,algae_coralline,594,0.30306666666666665
2023-08-25T13:33:27Z,algae_coralline,596,0.3081
2023-08-25T13:33:27Z,algae_coralline,598,0.31153333333333333
2023-08-25T13:33:27Z,algae_coralline,600,0.31350625
2023-08-25T13:33:27Z,algae_coralline,602,0.31346666666666667
2023-08-25T13:33:27Z,algae_coralline,604,0.31119375000000005
2023-08-25T13:33:27Z,algae_coralline,606,0.3074599999999999
2023-08-25T13:33:27Z,algae_coralline,608,0.3025799999999999
2023-08-25T13:33:27Z,algae_coralline,610,0.29709333333333326
2023-08-25T13:33:27Z,algae_coralline,612,0.2909199999999999
2023-08-25T13:33:27Z,algae_coralline,614,0.28507499999999997
2023-08-25T13:33:27Z,algae_coralline,616,0.2797
2023-08-25T13:33:27Z,algae_coralline,618,0.2750666666666667
2023-08-25T13:33:27Z,algae_coralline,620,0.2715
2023-08-25T13:33:27Z,algae_coralline,622,0.26938666666666666
2023-08-25T13:33:27Z,algae_coralline,624,0.26835
2023-08-25T13:33:27Z,algae_coralline,626,0.26836
2023-08-25T13:33:27Z,algae_coralline,628,0.26928
2023-08-25T13:33:27Z,algae_coralline,630,0.27115624999999993
2023-08-25T13:33:27Z,algae_coralline,632,0.2737733333333334
2023-08-25T13:33:27Z,algae_coralline,634,0.27732000000000007
2023-08-25T13:33:27Z,algae_coralline,636,0.2822733333333335
2023-08-25T13:33:27Z,algae_coralline,638,0.2880562500000001
2023-08-25T13:33:27Z,algae_coralline,640,0.2946600000000001
2023-08-25T13:33:27Z,algae_coralline,642,0.3017000000000001
2023-08-25T13:33:27Z,algae_coralline,644,0.3078600000000001
2023-08-25T13:33:27Z,algae_coralline,646,0.31355000000000005
2023-08-25T13:33:27Z,algae_coralline,648,0.3165
2023-08-25T13:33:27Z,algae_coralline,650,0.3155666666666667
2023-08-25T13:33:27Z,algae_coralline,652,0.3119
2023-08-25T13:33:27Z,algae_coralline,654,0.3064
2023-08-25T13:33:27Z,algae_coralline,656,0.29866666666666664
2023-08-25T13:33:27Z,algae_coralline,658,0.2861250000000001
2023-08-25T13:33:27Z,algae_coralline,660,0.2674933333333335
2023-08-25T13:33:27Z,algae_coralline,662,0.24645333333333355
2023-08-25T13:33:27Z,algae_coralline,664,0.22532000000000024
2023-08-25T13:33:27Z,algae_coralline,666,0.20548000000000022
2023-08-25T13:33:27Z,algae_coralline,668,0.18878666666666682
2023-08-25T13:33:27Z,algae_coralline,670,0.17498000000000014
2023-08-25T13:33:27Z,algae_coralline,672,0.16476666666666678
2023-08-25T13:33:27Z,algae_coralline,674,0.15760000000000007
2023-08-25T13:33:27Z,algae_coralline,676,0.15220000000000006
2023-08-25T13:33:27Z,algae_coralline,678,0.14884000000000003
2023-08-25T13:33:27Z,algae_coralline,680,0.14761333333333332
2023-08-25T13:33:27Z,algae_coralline,682,0.14951999999999996
2023-08-25T13:33:27Z,algae_coralline,684,0.15459999999999993
2023-08-25T13:33:27Z,algae_coralline,686,0.16539999999999982
2023-08-25T13:33:27Z,algae_coralline,688,0.18235999999999983
2023-08-25T13:33:27Z,algae_coralline,690,0.20133333333333311
2023-08-25T13:33:27Z,algae_coralline,692,0.224373333333333
2023-08-25T13:33:27Z,algae_coralline,694,0.25397999999999965
2023-08-25T13:33:27Z,algae_coralline,696,0.2888866666666663
2023-08-25T13:33:27Z,algae_coralline,698,0.3293199999999995
2023-08-25T13:33:27Z,algae_coralline,700,0.37489999999999946
2023-08-25T13:33:27Z,algae_coralline,702,0.4255133333333328
2023-08-25T13:33:27Z,algae_coralline,704,0.48179999999999995
2023-08-25T13:33:27Z,algae_coralline,706,0.5377333333333333
2023-08-25T13:33:27Z,algae_coralline,708,0.599
2023-08-25T13:33:27Z,algae_coralline,710,0.6635
2023-08-25T13:33:27Z,algae_coralline,712,0.7413666666666666
2023-08-25T13:33:27Z,algae_coralline,714,0.8359000000000013
2023-08-25T13:33:27Z,algae_coralline,716,0.9597000000000016
2023-08-25T13:33:27Z,algae_coralline,718,1.0915333333333348
2023-08-25T13:33:27Z,algae_coralline,720,1.25107142857143
2023-08-25T13:33:27Z,algae_coralline,722,1.3385466666666685
2023-08-25T13:33:27Z,algae_coralline,724,1.3741200000000002
2023-08-25T13:33:27Z,algae_coralline,726,1.4427571428571442
2023-08-25T13:33:27Z,algae_coralline,728,1.4686733333333348
2023-08-25T13:33:27Z,algae_coralline,730,1.4667199999999994
2023-08-25T13:33:27Z,algae_coralline,732,1.3676857142857162
2023-08-25T13:33:27Z,algae_coralline,734,1.3423399999999992
2023-08-25T13:33:27Z,algae_coralline,736,1.3601266666666667
2023-08-25T13:33:27Z,algae_coralline,738,1.3052666666666666
2023-08-25T13:33:27Z,algae_coralline,740,1.2
2023-08-25T13:33:27Z,algae_coralline,742,1.1368
2023-08-25T13:33:27Z,algae_coralline,744,1.1422399999999995
2023-08-25T13:33:27Z,algae_coralline,746,1.0698714285714268
2023-08-25T13:33:27Z,algae_coralline,748,1.0592933333333334
2023-08-25T13:33:27Z,algae_coralline,750,1.07125
2023-08-25T13:33:27Z,algae_coralline,752,1.0568600000000008
2023-08-25T13:33:27Z,algae_coralline,754,0.988578571428573
2023-08-25T13:33:27Z,algae_coralline,756,0.9529399999999998
2023-08-25T13:33:27Z,algae_coralline,758,0.9692000000000001
2023-08-25T13:33:27Z,algae_coralline,760,0.9175999999999999
2023-08-25T13:33:27Z,algae_coralline,762,0.8625999999999991
2023-08-25T13:33:27Z,algae_coralline,764,0.8289199999999995
2023-08-25T13:33:27Z,algae_coralline,766,0.8089066666666662
2023-08-25T13:33:27Z,algae_coralline,768,0.7571428571428583
2023-08-25T13:33:27Z,algae_coralline,770,0.7225857142857157
2023-08-25T13:33:27Z,algae_coralline,772,0.7232857142857139
2023-08-25T13:33:27Z,algae_coralline,774,0.65
2023-08-25T13:33:27Z,algae_coralline,776,0.6033399999999994
2023-08-25T13:33:27Z,algae_coralline,778,0.6107214285714295
2023-08-25T13:33:27Z,algae_coralline,780,0.64
2023-08-25T13:33:27Z,algae_coralline,782,0.64
2023-08-25T13:33:27Z,algae_coralline,784,0.6028571428571435
2023-08-25T13:33:27Z,algae_coralline,786,0.5666666666666667
2023-08-25T13:33:27Z,algae_coralline,788,0.5828571428571435
2023-08-25T13:33:27Z,algae_coralline,790,0.625
2023-08-25T13:33:27Z,algae_coralline,792,0.5680499999999999
2023-08-25T13:33:27Z,algae_coralline,794,0.4822214285714291
2023-08-25T13:33:27Z,algae_coralline,796,0.453971428571428
2023-08-25T13:33:27Z,algae_coralline,798,0.4889
2023-08-25T13:33:27Z,algae_coralline,800,0.4501571428571442
2023-08-25T13:35:36Z,algae_coralline,340,0.11608823529411767
2023-08-25T13:35:36Z,algae_coralline,342,0.11199999999999999
2023-08-25T13:35:36Z,algae_coralline,344,0.1097411764705882
2023-08-25T13:35:36Z,algae_coralline,346,0.10998749999999999
2023-08-25T13:35:36Z,algae_coralline,348,0.11592352941176474
2023-08-25T13:35:36Z,algae_coralline,350,0.11109999999999999
2023-08-25T13:35:36Z,algae_coralline,352,0.11138823529411766
2023-08-25T13:35:36Z,algae_coralline,354,0.11109375
2023-08-25T13:35:36Z,algae_coralline,356,0.11242500000000001
2023-08-25T13:35:36Z,algae_coralline,358,0.11341764705882353
2023-08-25T13:35:36Z,algae_coralline,360,0.11480000000000001
2023-08-25T13:35:36Z,algae_coralline,362,0.1129
2023-08-25T13:35:36Z,algae_coralline,364,0.110925
2023-08-25T13:35:36Z,algae_coralline,366,0.11369999999999998
2023-08-25T13:35:36Z,algae_coralline,368,0.1144
2023-08-25T13:35:36Z,algae_coralline,370,0.11265
2023-08-25T13:35:36Z,algae_coralline,372,0.1124
2023-08-25T13:35:36Z,algae_coralline,374,0.10912352941176472
2023-08-25T13:35:36Z,algae_coralline,376,0.10989374999999998
2023-08-25T13:35:36Z,algae_coralline,378,0.10998823529411764
2023-08-25T13:35:36Z,algae_coralline,380,0.108775
2023-08-25T13:35:36Z,algae_coralline,382,0.10865
2023-08-25T13:35:36Z,algae_coralline,384,0.1074875
2023-08-25T13:35:36Z,algae_coralline,386,0.10623529411764708
2023-08-25T13:35:36Z,algae_coralline,388,0.105
2023-08-25T13:35:36Z,algae_coralline,390,0.10550625
2023-08-25T13:35:36Z,algae_coralline,392,0.10516875
2023-08-25T13:35:36Z,algae_coralline,394,0.10369999999999999
2023-08-25T13:35:36Z,algae_coralline,396,0.102675
2023-08-25T13:35:36Z,algae_coralline,398,0.1022
2023-08-25T13:35:36Z,algae_coralline,400,0.10149999999999999
2023-08-25T13:35:36Z,algae_coralline,402,0.0998
2023-08-25T13:35:36Z,algae_coralline,404,0.09784705882352944
2023-08-25T13:35:36Z,algae_coralline,406,0.09613124999999999
2023-08-25T13:35:36Z,algae_coralline,408,0.09436875
2023-08-25T13:35:36Z,algae_coralline,410,0.09268125000000002
2023-08-25T13:35:36Z,algae_coralline,412,0.09048125
2023-08-25T13:35:36Z,algae_coralline,414,0.0884875
2023-08-25T13:35:36Z,algae_coralline,416,0.08714999999999999
2023-08-25T13:35:36Z,algae_coralline,418,0.08601764705882353
2023-08-25T13:35:36Z,algae_coralline,420,0.0852125
2023-08-25T13:35:36Z,algae_coralline,422,0.0844125
2023-08-25T13:35:36Z,algae_coralline,424,0.08372500000000001
2023-08-25T13:35:36Z,algae_coralline,426,0.0830625
2023-08-25T13:35:36Z,algae_coralline,428,0.08232500000000001
2023-08-25T13:35:36Z,algae_coralline,430,0.08149999999999999
2023-08-25T13:35:36Z,algae_coralline,432,0.08031250000000001
2023-08-25T13:35:36Z,algae_coralline,434,0.0792875
2023-08-25T13:35:36Z,algae_coralline,436,0.07852500000000001
2023-08-25T13:35:36Z,algae_coralline,438,0.078
2023-08-25T13:35:36Z,algae_coralline,440,0.078125
2023-08-25T13:35:36Z,algae_coralline,442,0.078725
2023-08-25T13:35:36Z,algae_coralline,444,0.08008749999999999
2023-08-25T13:35:36Z,algae_coralline,446,0.08222500000000002
2023-08-25T13:35:36Z,algae_coralline,448,0.08528749999999997
2023-08-25T13:35:36Z,algae_coralline,450,0.088925
2023-08-25T13:35:36Z,algae_coralline,452,0.0926625
2023-08-25T13:35:36Z,algae_coralline,454,0.09625000000000002
2023-08-25T13:35:36Z,algae_coralline,456,0.09943749999999998
2023-08-25T13:35:36Z,algae_coralline,458,0.10187500000000002
2023-08-25T13:35:36Z,algae_coralline,460,0.1034125
2023-08-25T13:35:36Z,algae_coralline,462,0.10446250000000001
2023-08-25T13:35:36Z,algae_coralline,464,0.1052125
2023-08-25T13:35:36Z,algae_coralline,466,0.1058375
2023-08-25T13:35:36Z,algae_coralline,468,0.10658
2023-08-25T13:35:36Z,algae_coralline,470,0.10740625000000001
2023-08-25T13:35:36Z,algae_coralline,472,0.1082125
2023-08-25T13:35:36Z,algae_coralline,474,0.10896249999999999
2023-08-25T13:35:36Z,algae_coralline,476,0.1094
2023-08-25T13:35:36Z,algae_coralline,478,0.109225
2023-08-25T13:35:36Z,algae_coralline,480,0.10845
2023-08-25T13:35:36Z,algae_coralline,482,0.107
2023-08-25T13:35:36Z,algae_coralline,484,0.10502500000000002
2023-08-25T13:35:36Z,algae_coralline,486,0.1026
2023-08-25T13:35:36Z,algae_coralline,488,0.09994999999999997
2023-08-25T13:35:36Z,algae_coralline,490,0.0974
2023-08-25T13:35:36Z,algae_coralline,492,0.09526250000000001
2023-08-25T13:35:36Z,algae_coralline,494,0.0937375
2023-08-25T13:35:36Z,algae_coralline,496,0.09289375
2023-08-25T13:35:36Z,algae_coralline,498,0.0930875
2023-08-25T13:35:36Z,algae_coralline,500,0.0942625
2023-08-25T13:35:36Z,algae_coralline,502,0.09663749999999997
2023-08-25T13:35:36Z,algae_coralline,504,0.10020666666666661
2023-08-25T13:35:36Z,algae_coralline,506,0.10463125000000002
2023-08-25T13:35:36Z,algae_coralline,508,0.10955000000000001
2023-08-25T13:35:36Z,algae_coralline,510,0.11455000000000001
2023-08-25T13:35:36Z,algae_coralline,512,0.11939999999999999
2023-08-25T13:35:36Z,algae_coralline,514,0.12317499999999995
2023-08-25T13:35:36Z,algae_coralline,516,0.1262133333333333
2023-08-25T13:35:36Z,algae_coralline,518,0.12840000000000001
2023-08-25T13:35:36Z,algae_coralline,520,0.12995000000000004
2023-08-25T13:35:36Z,algae_coralline,522,0.13083333333333333
2023-08-25T13:35:36Z,algae_coralline,524,0.13085000000000002
2023-08-25T13:35:36Z,algae_coralline,526,0.12991250000000001
2023-08-25T13:35:36Z,algae_coralline,528,0.12879375
2023-08-25T13:35:36Z,algae_coralline,530,0.12738666666666662
2023-08-25T13:35:36Z,algae_coralline,532,0.12597499999999998
2023-08-25T13:35:36Z,algae_coralline,534,0.1247
2023-08-25T13:35:36Z,algae_coralline,536,0.12344999999999999
2023-08-25T13:35:36Z,algae_coralline,538,0.12250625000000001
2023-08-25T13:35:36Z,algae_coralline,540,0.12159333333333336
2023-08-25T13:35:36Z,algae_coralline,542,0.12094666666666665
2023-08-25T13:35:36Z,algae_coralline,544,0.1205125
2023-08-25T13:35:36Z,algae_coralline,546,0.12033124999999999
2023-08-25T13:35:36Z,algae_coralline,548,0.12050000000000001
2023-08-25T13:35:36Z,algae_coralline,550,0.12075
2023-08-25T13:35:36Z,algae_coralline,552,0.12100666666666665
2023-08-25T13:35:36Z,algae_coralline,554,0.12101875
2023-08-25T13:35:36Z,algae_coralline,556,0.12048749999999997
2023-08-25T13:35:36Z,algae_coralline,558,0.11913999999999998
2023-08-25T13:35:36Z,algae_coralline,560,0.11699375
2023-08-25T13:35:36Z,algae_coralline,562,0.1142
2023-08-25T13:35:36Z,algae_coralline,564,0.11167333333333336
2023-08-25T13:35:36Z,algae_coralline,566,0.10993750000000002
2023-08-25T13:35:36Z,algae_coralline,568,0.10949999999999999
2023-08-25T13:35:36Z,algae_coralline,570,0.11117333333333342
2023-08-25T13:35:36Z,algae_coralline,572,0.1155687500000001
2023-08-25T13:35:36Z,algae_coralline,574,0.12235333333333342
2023-08-25T13:35:36Z,algae_coralline,576,0.1311
2023-08-25T13:35:36Z,algae_coralline,578,0.14198749999999996
2023-08-25T13:35:36Z,algae_coralline,580,0.15305999999999986
2023-08-25T13:35:36Z,algae_coralline,582,0.16376249999999978
2023-08-25T13:35:36Z,algae_coralline,584,0.1737799999999998
2023-08-25T13:35:36Z,algae_coralline,586,0.1825
2023-08-25T13:35:36Z,algae_coralline,588,0.19018000000000018
2023-08-25T13:35:36Z,algae_coralline,590,0.19662000000000007
2023-08-25T13:35:36Z,algae_coralline,592,0.20248750000000004
2023-08-25T13:35:36Z,algae_coralline,594,0.207
2023-08-25T13:35:36Z,algae_coralline,596,0.2109
2023-08-25T13:35:36Z,algae_coralline,598,0.21329999999999996
2023-08-25T13:35:36Z,algae_coralline,600,0.21484999999999999
2023-08-25T13:35:36Z,algae_coralline,602,0.21528666666666668
2023-08-25T13:35:36Z,algae_coralline,604,0.21441875000000002
2023-08-25T13:35:36Z,algae_coralline,606,0.21221999999999994
2023-08-25T13:35:36Z,algae_coralline,608,0.20909999999999992
2023-08-25T13:35:36Z,algae_coralline,610,0.20549999999999996
2023-08-25T13:35:36Z,algae_coralline,612,0.20141999999999993
2023-08-25T13:35:36Z,algae_coralline,614,0.19743749999999996
2023-08-25T13:35:36Z,algae_coralline,616,0.1938
2023-08-25T13:35:36Z,algae_coralline,618,0.19073333333333334
2023-08-25T13:35:36Z,algae_coralline,620,0.1884625
2023-08-25T13:35:36Z,algae_coralline,622,0.1869666666666667
2023-08-25T13:35:36Z,algae_coralline,624,0.1863
2023-08-25T13:35:36Z,algae_coralline,626,0.1865133333333333
2023-08-25T13:35:36Z,algae_coralline,628,0.18721999999999997
2023-08-25T13:35:36Z,algae_coralline,630,0.18878124999999998
2023-08-25T13:35:36Z,algae_coralline,632,0.19084000000000007
2023-08-25T13:35:36Z,algae_coralline,634,0.19340000000000007
2023-08-25T13:35:36Z,algae_coralline,636,0.1968000000000001
2023-08-25T13:35:36Z,algae_coralline,638,0.20101875000000008
2023-08-25T13:35:36Z,algae_coralline,640,0.20574000000000006
2023-08-25T13:35:36Z,algae_coralline,642,0.21072000000000007
2023-08-25T13:35:36Z,algae_coralline,644,0.21512000000000006
2023-08-25T13:35:36Z,algae_coralline,646,0.219025
2023-08-25T13:35:36Z,algae_coralline,648,0.22149999999999997
2023-08-25T13:35:36Z,algae_coralline,650,0.22119999999999998
2023-08-25T13:35:36Z,algae_coralline,652,0.21913333333333335
2023-08-25T13:35:36Z,algae_coralline,654,0.2151
2023-08-25T13:35:36Z,algae_coralline,656,0.20943333333333333
2023-08-25T13:35:36Z,algae_coralline,658,0.20135000000000008
2023-08-25T13:35:36Z,algae_coralline,660,0.18888666666666684
2023-08-25T13:35:36Z,algae_coralline,662,0.1747933333333335
2023-08-25T13:35:36Z,algae_coralline,664,0.16062000000000015
2023-08-25T13:35:36Z,algae_coralline,666,0.14698000000000017
2023-08-25T13:35:36Z,algae_coralline,668,0.1357000000000001
2023-08-25T13:35:36Z,algae_coralline,670,0.12672000000000008
2023-08-25T13:35:36Z,algae_coralline,672,0.12029333333333339
2023-08-25T13:35:36Z,algae_coralline,674,0.11563333333333338
2023-08-25T13:35:36Z,algae_coralline,676,0.11266000000000004
2023-08-25T13:35:36Z,algae_coralline,678,0.11096666666666669
2023-08-25T13:35:36Z,algae_coralline,680,0.11101333333333332
2023-08-25T13:35:36Z,algae_coralline,682,0.11285999999999997
2023-08-25T13:35:36Z,algae_coralline,684,0.11696666666666662
2023-08-25T13:35:36Z,algae_coralline,686,0.12473999999999986
2023-08-25T13:35:36Z,algae_coralline,688,0.13689999999999986
2023-08-25T13:35:36Z,algae_coralline,690,0.1503266666666665
2023-08-25T13:35:36Z,algae_coralline,692,0.16645999999999977
2023-08-25T13:35:36Z,algae_coralline,694,0.18675999999999973
2023-08-25T13:35:36Z,algae_coralline,696,0.21113333333333303
2023-08-25T13:35:36Z,algae_coralline,698,0.24035333333333297
2023-08-25T13:35:36Z,algae_coralline,700,0.27459999999999957
2023-08-25T13:35:36Z,algae_coralline,702,0.31387999999999955
2023-08-25T13:35:36Z,algae_coralline,704,0.3564666666666667
2023-08-25T13:35:36Z,algae_coralline,706,0.4002
2023-08-25T13:35:36Z,algae_coralline,708,0.44909999999999994
2023-08-25T13:35:36Z,algae_coralline,710,0.5045333333333334
2023-08-25T13:35:36Z,algae_coralline,712,0.5680666666666666
2023-08-25T13:35:36Z,algae_coralline,714,0.6493666666666679
2023-08-25T13:35:36Z,algae_coralline,716,0.7560600000000012
2023-08-25T13:35:36Z,algae_coralline,718,0.8650733333333346
2023-08-25T13:35:36Z,algae_coralline,720,0.98255714285714435
2023-08-25T13:35:36Z,algae_coralline,722,1.094546666666669
2023-08-25T13:35:36Z,algae_coralline,724,1.1682000000000012
2023-08-25T13:35:36Z,algae_coralline,726,1.239400000000001
2023-08-25T13:35:36Z,algae_coralline,728,1.235360000000002
2023-08-25T13:35:36Z,algae_coralline,730,1.2261866666666659
2023-08-25T13:35:36Z,algae_coralline,732,1.2006857142857146
2023-08-25T13:35:36Z,algae_coralline,734,1.1533400000000011
2023-08-25T13:35:36Z,algae_coralline,736,1.1139133333333335
2023-08-25T13:35:36Z,algae_coralline,738,1.0559
2023-08-25T13:35:36Z,algae_coralline,740,1.0667666666666666
2023-08-25T13:35:36Z,algae_coralline,742,1.0706
2023-08-25T13:35:36Z,algae_coralline,744,0.9832800000000002
2023-08-25T13:35:36Z,algae_coralline,746,0.9493857142857128
2023-08-25T13:35:36Z,algae_coralline,748,0.9502933333333325
2023-08-25T13:35:36Z,algae_coralline,750,0.9351
2023-08-25T13:35:36Z,algae_coralline,752,0.9576933333333327
2023-08-25T13:35:36Z,algae_coralline,754,0.8378571428571431
2023-08-25T13:35:36Z,algae_coralline,756,0.8240000000000001
2023-08-25T13:35:36Z,algae_coralline,758,0.8292
2023-08-25T13:35:36Z,algae_coralline,760,0.8012357142857145
2023-08-25T13:35:36Z,algae_coralline,762,0.7499799999999984
2023-08-25T13:35:36Z,algae_coralline,764,0.6906400000000004
2023-08-25T13:35:36Z,algae_coralline,766,0.6836666666666656
2023-08-25T13:35:36Z,algae_coralline,768,0.6450285714285721
2023-08-25T13:35:36Z,algae_coralline,770,0.6350000000000019
2023-08-25T13:35:36Z,algae_coralline,772,0.601042857142857
2023-08-25T13:35:36Z,algae_coralline,774,0.616
2023-08-25T13:35:36Z,algae_coralline,776,0.6047999999999996
2023-08-25T13:35:36Z,algae_coralline,778,0.5260071428571406
2023-08-25T13:35:36Z,algae_coralline,780,0.5178142857142835
2023-08-25T13:35:36Z,algae_coralline,782,0.4483266666666658
2023-08-25T13:35:36Z,algae_coralline,784,0.462
2023-08-25T13:35:36Z,algae_coralline,786,0.5081333333333333
2023-08-25T13:35:36Z,algae_coralline,788,0.4978
2023-08-25T13:35:36Z,algae_coralline,790,0.46980666666666737
2023-08-25T13:35:36Z,algae_coralline,792,0.47250000000000003
2023-08-25T13:35:36Z,algae_coralline,794,0.47124999999999967
2023-08-25T13:35:36Z,algae_coralline,796,0.4599999999999998
2023-08-25T13:35:36Z,algae_coralline,798,0.42385714285714204
2023-08-25T13:35:36Z,algae_coralline,800,0.4362499999999997
2023-08-25T13:38:04Z,algae_brown,340,0.02964117647058823
2023-08-25T13:38:04Z,algae_brown,342,0.027824999999999996
2023-08-25T13:38:04Z,algae_brown,344,0.028247058823529413
2023-08-25T13:38:04Z,algae_brown,346,0.02819375
2023-08-25T13:38:04Z,algae_brown,348,0.028794117647058838
2023-08-25T13:38:04Z,algae_brown,350,0.0313
2023-08-25T13:38:04Z,algae_brown,352,0.029117647058823543
2023-08-25T13:38:04Z,algae_brown,354,0.0282875
2023-08-25T13:38:04Z,algae_brown,356,0.0285375
2023-08-25T13:38:04Z,algae_brown,358,0.028688235294117646
2023-08-25T13:38:04Z,algae_brown,360,0.029387500000000007
2023-08-25T13:38:04Z,algae_brown,362,0.028317647058823527
2023-08-25T13:38:04Z,algae_brown,364,0.027293750000000002
2023-08-25T13:38:04Z,algae_brown,366,0.026006250000000005
2023-08-25T13:38:04Z,algae_brown,368,0.0258
2023-08-25T13:38:04Z,algae_brown,370,0.025425000000000003
2023-08-25T13:38:04Z,algae_brown,372,0.02525
2023-08-25T13:38:04Z,algae_brown,374,0.025794117647058825
2023-08-25T13:38:04Z,algae_brown,376,0.025625000000000005
2023-08-25T13:38:04Z,algae_brown,378,0.024364705882352938
2023-08-25T13:38:04Z,algae_brown,380,0.024237500000000002
2023-08-25T13:38:04Z,algae_brown,382,0.0243625
2023-08-25T13:38:04Z,algae_brown,384,0.0237875
2023-08-25T13:38:04Z,algae_brown,386,0.02305882352941177
2023-08-25T13:38:04Z,algae_brown,388,0.02203125
2023-08-25T13:38:04Z,algae_brown,390,0.02204375
2023-08-25T13:38:04Z,algae_brown,392,0.0221625
2023-08-25T13:38:04Z,algae_brown,394,0.0219
2023-08-25T13:38:04Z,algae_brown,396,0.02125000000000001
2023-08-25T13:38:04Z,algae_brown,398,0.0207
2023-08-25T13:38:04Z,algae_brown,400,0.01992499999999999
2023-08-25T13:38:04Z,algae_brown,402,0.0194
2023-08-25T13:38:04Z,algae_brown,404,0.018729411764705883
2023-08-25T13:38:04Z,algae_brown,406,0.018281250000000002
2023-08-25T13:38:04Z,algae_brown,408,0.017725
2023-08-25T13:38:04Z,algae_brown,410,0.017318750000000004
2023-08-25T13:38:04Z,algae_brown,412,0.016743749999999998
2023-08-25T13:38:04Z,algae_brown,414,0.01636875
2023-08-25T13:38:04Z,algae_brown,416,0.01599375
2023-08-25T13:38:04Z,algae_brown,418,0.015723529411764706
2023-08-25T13:38:04Z,algae_brown,420,0.015662500000000003
2023-08-25T13:38:04Z,algae_brown,422,0.0154
2023-08-25T13:38:04Z,algae_brown,424,0.015275000000000002
2023-08-25T13:38:04Z,algae_brown,426,0.015024999999999998
2023-08-25T13:38:04Z,algae_brown,428,0.014887500000000001
2023-08-25T13:38:04Z,algae_brown,430,0.014724999999999999
2023-08-25T13:38:04Z,algae_brown,432,0.014412500000000003
2023-08-25T13:38:04Z,algae_brown,434,0.0142125
2023-08-25T13:38:04Z,algae_brown,436,0.0139875
2023-08-25T13:38:04Z,algae_brown,438,0.0139
2023-08-25T13:38:04Z,algae_brown,440,0.0139
2023-08-25T13:38:04Z,algae_brown,442,0.0139875
2023-08-25T13:38:04Z,algae_brown,444,0.014124999999999999
2023-08-25T13:38:04Z,algae_brown,446,0.014375000000000002
2023-08-25T13:38:04Z,algae_brown,448,0.014624999999999997
2023-08-25T13:38:04Z,algae_brown,450,0.0149625
2023-08-25T13:38:04Z,algae_brown,452,0.015125
2023-08-25T13:38:04Z,algae_brown,454,0.015337500000000002
2023-08-25T13:38:04Z,algae_brown,456,0.015462499999999999
2023-08-25T13:38:04Z,algae_brown,458,0.0155
2023-08-25T13:38:04Z,algae_brown,460,0.015612500000000001
2023-08-25T13:38:04Z,algae_brown,462,0.0157375
2023-08-25T13:38:04Z,algae_brown,464,0.015924999999999998
2023-08-25T13:38:04Z,algae_brown,466,0.0160875
2023-08-25T13:38:04Z,algae_brown,468,0.016326666666666663
2023-08-25T13:38:04Z,algae_brown,470,0.01663125
2023-08-25T13:38:04Z,algae_brown,472,0.01700625
2023-08-25T13:38:04Z,algae_brown,474,0.017474999999999997
2023-08-25T13:38:04Z,algae_brown,476,0.017875000000000002
2023-08-25T13:38:04Z,algae_brown,478,0.018331250000000004
2023-08-25T13:38:04Z,algae_brown,480,0.01870625
2023-08-25T13:38:04Z,algae_brown,482,0.0191
2023-08-25T13:38:04Z,algae_brown,484,0.019224999999999996
2023-08-25T13:38:04Z,algae_brown,486,0.0194
2023-08-25T13:38:04Z,algae_brown,488,0.0195
2023-08-25T13:38:04Z,algae_brown,490,0.0196
2023-08-25T13:38:04Z,algae_brown,492,0.0196
2023-08-25T13:38:04Z,algae_brown,494,0.01965625
2023-08-25T13:38:04Z,algae_brown,496,0.019781249999999997
2023-08-25T13:38:04Z,algae_brown,498,0.0199125
2023-08-25T13:38:04Z,algae_brown,500,0.020075000000000003
2023-08-25T13:38:04Z,algae_brown,502,0.020325
2023-08-25T13:38:04Z,algae_brown,504,0.020586666666666663
2023-08-25T13:38:04Z,algae_brown,506,0.02095625
2023-08-25T13:38:04Z,algae_brown,508,0.02133125
2023-08-25T13:38:04Z,algae_brown,510,0.021775
2023-08-25T13:38:04Z,algae_brown,512,0.0223
2023-08-25T13:38:04Z,algae_brown,514,0.022799999999999994
2023-08-25T13:38:04Z,algae_brown,516,0.02331333333333332
2023-08-25T13:38:04Z,algae_brown,518,0.02390625000000001
2023-08-25T13:38:04Z,algae_brown,520,0.024525000000000005
2023-08-25T13:38:04Z,algae_brown,522,0.025066666666666668
2023-08-25T13:38:04Z,algae_brown,524,0.025712499999999996
2023-08-25T13:38:04Z,algae_brown,526,0.026337499999999986
2023-08-25T13:38:04Z,algae_brown,528,0.02711249999999999
2023-08-25T13:38:04Z,algae_brown,530,0.02788000000000002
2023-08-25T13:38:04Z,algae_brown,532,0.02865000000000001
2023-08-25T13:38:04Z,algae_brown,534,0.0294
2023-08-25T13:38:04Z,algae_brown,536,0.030218749999999996
2023-08-25T13:38:04Z,algae_brown,538,0.031093749999999986
2023-08-25T13:38:04Z,algae_brown,540,0.03200666666666664
2023-08-25T13:38:04Z,algae_brown,542,0.03312000000000003
2023-08-25T13:38:04Z,algae_brown,544,0.03429375000000002
2023-08-25T13:38:04Z,algae_brown,546,0.035556250000000005
2023-08-25T13:38:04Z,algae_brown,548,0.0371
2023-08-25T13:38:04Z,algae_brown,550,0.03877499999999997
2023-08-25T13:38:04Z,algae_brown,552,0.04075333333333329
2023-08-25T13:38:04Z,algae_brown,554,0.04296250000000003
2023-08-25T13:38:04Z,algae_brown,556,0.04543750000000005
2023-08-25T13:38:04Z,algae_brown,558,0.047980000000000037
2023-08-25T13:38:04Z,algae_brown,560,0.05088125000000001
2023-08-25T13:38:04Z,algae_brown,562,0.053899999999999997
2023-08-25T13:38:04Z,algae_brown,564,0.05693999999999996
2023-08-25T13:38:04Z,algae_brown,566,0.05993749999999995
2023-08-25T13:38:04Z,algae_brown,568,0.06271999999999994
2023-08-25T13:38:04Z,algae_brown,570,0.0650133333333334
2023-08-25T13:38:04Z,algae_brown,572,0.06696875000000002
2023-08-25T13:38:04Z,algae_brown,574,0.06850666666666669
2023-08-25T13:38:04Z,algae_brown,576,0.0696
2023-08-25T13:38:04Z,algae_brown,578,0.07029375
2023-08-25T13:38:04Z,algae_brown,580,0.07056
2023-08-25T13:38:04Z,algae_brown,582,0.0706
2023-08-25T13:38:04Z,algae_brown,584,0.07046
2023-08-25T13:38:04Z,algae_brown,586,0.07025
2023-08-25T13:38:04Z,algae_brown,588,0.07028000000000001
2023-08-25T13:38:04Z,algae_brown,590,0.07075333333333335
2023-08-25T13:38:04Z,algae_brown,592,0.07187500000000001
2023-08-25T13:38:04Z,algae_brown,594,0.07336666666666666
2023-08-25T13:38:04Z,algae_brown,596,0.07519999999999999
2023-08-25T13:38:04Z,algae_brown,598,0.07694666666666665
2023-08-25T13:38:04Z,algae_brown,600,0.07840624999999998
2023-08-25T13:38:04Z,algae_brown,602,0.07905999999999999
2023-08-25T13:38:04Z,algae_brown,604,0.07857500000000002
2023-08-25T13:38:04Z,algae_brown,606,0.07675999999999995
2023-08-25T13:38:04Z,algae_brown,608,0.07395999999999993
2023-08-25T13:38:04Z,algae_brown,610,0.0707133333333333
2023-08-25T13:38:04Z,algae_brown,612,0.06701999999999995
2023-08-25T13:38:04Z,algae_brown,614,0.06361249999999999
2023-08-25T13:38:04Z,algae_brown,616,0.0604
2023-08-25T13:38:04Z,algae_brown,618,0.05773333333333333
2023-08-25T13:38:04Z,algae_brown,620,0.05578750000000002
2023-08-25T13:38:04Z,algae_brown,622,0.05427333333333335
2023-08-25T13:38:04Z,algae_brown,624,0.05335000000000001
2023-08-25T13:38:04Z,algae_brown,626,0.05258000000000002
2023-08-25T13:38:04Z,algae_brown,628,0.051780000000000014
2023-08-25T13:38:04Z,algae_brown,630,0.05096875000000002
2023-08-25T13:38:04Z,algae_brown,632,0.05007333333333331
2023-08-25T13:38:04Z,algae_brown,634,0.04913999999999998
2023-08-25T13:38:04Z,algae_brown,636,0.04861333333333334
2023-08-25T13:38:04Z,algae_brown,638,0.04891875000000001
2023-08-25T13:38:04Z,algae_brown,640,0.04993333333333334
2023-08-25T13:38:04Z,algae_brown,642,0.051700000000000024
2023-08-25T13:38:04Z,algae_brown,644,0.05366000000000002
2023-08-25T13:38:04Z,algae_brown,646,0.05525625
2023-08-25T13:38:04Z,algae_brown,648,0.056100000000000004
2023-08-25T13:38:04Z,algae_brown,650,0.05566666666666666
2023-08-25T13:38:04Z,algae_brown,652,0.05386666666666667
2023-08-25T13:38:04Z,algae_brown,654,0.0507
2023-08-25T13:38:04Z,algae_brown,656,0.04633333333333334
2023-08-25T13:38:04Z,algae_brown,658,0.04156250000000004
2023-08-25T13:38:04Z,algae_brown,660,0.03646000000000006
2023-08-25T13:38:04Z,algae_brown,662,0.03225333333333338
2023-08-25T13:38:04Z,algae_brown,664,0.02906000000000003
2023-08-25T13:38:04Z,algae_brown,666,0.027180000000000017
2023-08-25T13:38:04Z,algae_brown,668,0.026706666666666663
2023-08-25T13:38:04Z,algae_brown,670,0.027539999999999988
2023-08-25T13:38:04Z,algae_brown,672,0.029206666666666648
2023-08-25T13:38:04Z,algae_brown,674,0.03188666666666663
2023-08-25T13:38:04Z,algae_brown,676,0.035119999999999964
2023-08-25T13:38:04Z,algae_brown,678,0.03871999999999996
2023-08-25T13:38:04Z,algae_brown,680,0.042853333333333285
2023-08-25T13:38:04Z,algae_brown,682,0.047299999999999946
2023-08-25T13:38:04Z,algae_brown,684,0.052526666666666604
2023-08-25T13:38:04Z,algae_brown,686,0.05992666666666655
2023-08-25T13:38:04Z,algae_brown,688,0.07065999999999988
2023-08-25T13:38:04Z,algae_brown,690,0.08212666666666653
2023-08-25T13:38:04Z,algae_brown,692,0.0961399999999998
2023-08-25T13:38:04Z,algae_brown,694,0.11477999999999977
2023-08-25T13:38:04Z,algae_brown,696,0.1370466666666664
2023-08-25T13:38:04Z,algae_brown,698,0.16209333333333303
2023-08-25T13:38:04Z,algae_brown,700,0.1888799999999997
2023-08-25T13:38:04Z,algae_brown,702,0.21718666666666633
2023-08-25T13:38:04Z,algae_brown,704,0.24506666666666665
2023-08-25T13:38:04Z,algae_brown,706,0.26880000000000004
2023-08-25T13:38:04Z,algae_brown,708,0.2932
2023-08-25T13:38:04Z,algae_brown,710,0.31753333333333333
2023-08-25T13:38:04Z,algae_brown,712,0.3439333333333333
2023-08-25T13:38:04Z,algae_brown,714,0.37335333333333376
2023-08-25T13:38:04Z,algae_brown,716,0.4132200000000005
2023-08-25T13:38:04Z,algae_brown,718,0.4592066666666672
2023-08-25T13:38:04Z,algae_brown,720,0.5154571428571436
2023-08-25T13:38:04Z,algae_brown,722,0.5681200000000007
2023-08-25T13:38:04Z,algae_brown,724,0.5982000000000007
2023-08-25T13:38:04Z,algae_brown,726,0.6440428571428579
2023-08-25T13:38:04Z,algae_brown,728,0.6900466666666657
2023-08-25T13:38:04Z,algae_brown,730,0.708
2023-08-25T13:38:04Z,algae_brown,732,0.7404714285714292
2023-08-25T13:38:04Z,algae_brown,734,0.7275999999999999
2023-08-25T13:38:04Z,algae_brown,736,0.7425333333333332
2023-08-25T13:38:04Z,algae_brown,738,0.7148333333333333
2023-08-25T13:38:04Z,algae_brown,740,0.7303
2023-08-25T13:38:04Z,algae_brown,742,0.7073999999999999
2023-08-25T13:38:04Z,algae_brown,744,0.7155399999999996
2023-08-25T13:38:04Z,algae_brown,746,0.6855928571428564
2023-08-25T13:38:04Z,algae_brown,748,0.6845400000000003
2023-08-25T13:38:04Z,algae_brown,750,0.6672
2023-08-25T13:38:04Z,algae_brown,752,0.6127666666666677
2023-08-25T13:38:04Z,algae_brown,754,0.6106928571428585
2023-08-25T13:38:04Z,algae_brown,756,0.5543800000000004
2023-08-25T13:38:04Z,algae_brown,758,0.545
2023-08-25T13:38:04Z,algae_brown,760,0.5124642857142858
2023-08-25T13:38:04Z,algae_brown,762,0.481406666666666
2023-08-25T13:38:04Z,algae_brown,764,0.4326333333333313
2023-08-25T13:38:04Z,algae_brown,766,0.3784066666666669
2023-08-25T13:38:04Z,algae_brown,768,0.3685000000000003
2023-08-25T13:38:04Z,algae_brown,770,0.3632857142857141
2023-08-25T13:38:04Z,algae_brown,772,0.3445428571428574
2023-08-25T13:38:04Z,algae_brown,774,0.28
2023-08-25T13:38:04Z,algae_brown,776,0.2782999999999995
2023-08-25T13:38:04Z,algae_brown,778,0.24750714285714254
2023-08-25T13:38:04Z,algae_brown,780,0.25962857142857126
2023-08-25T13:38:04Z,algae_brown,782,0.24453333333333377
2023-08-25T13:38:04Z,algae_brown,784,0.23150000000000012
2023-08-25T13:38:04Z,algae_brown,786,0.20766666666666667
2023-08-25T13:38:04Z,algae_brown,788,0.20199999999999976
2023-08-25T13:38:04Z,algae_brown,790,0.18899999999999997
2023-08-25T13:38:04Z,algae_brown,792,0.20729999999999998
2023-08-25T13:38:04Z,algae_brown,794,0.21111428571428598
2023-08-25T13:38:04Z,algae_brown,796,0.19997142857142866
2023-08-25T13:38:04Z,algae_brown,798,0.18332857142857126
2023-08-25T13:38:04Z,algae_brown,800,0.1699928571428569
2023-08-25T13:40:10Z,algae_coralline,340,0.0789
2023-08-25T13:40:10Z,algae_coralline,342,0.0806125
2023-08-25T13:40:10Z,algae_coralline,344,0.07843529411764708
2023-08-25T13:40:10Z,algae_coralline,346,0.07918125000000001
2023-08-25T13:40:10Z,algae_coralline,348,0.07532352941176466
2023-08-25T13:40:10Z,algae_coralline,350,0.0754
2023-08-25T13:40:10Z,algae_coralline,352,0.07961176470588234
2023-08-25T13:40:10Z,algae_coralline,354,0.08016875
2023-08-25T13:40:10Z,algae_coralline,356,0.0790375
2023-08-25T13:40:10Z,algae_coralline,358,0.07586470588235292
2023-08-25T13:40:10Z,algae_coralline,360,0.0780375
2023-08-25T13:40:10Z,algae_coralline,362,0.07787647058823528
2023-08-25T13:40:10Z,algae_coralline,364,0.07681875
2023-08-25T13:40:10Z,algae_coralline,366,0.07570625
2023-08-25T13:40:10Z,algae_coralline,368,0.0783
2023-08-25T13:40:10Z,algae_coralline,370,0.07939999999999998
2023-08-25T13:40:10Z,algae_coralline,372,0.07905000000000001
2023-08-25T13:40:10Z,algae_coralline,374,0.07751764705882352
2023-08-25T13:40:10Z,algae_coralline,376,0.07543125000000003
2023-08-25T13:40:10Z,algae_coralline,378,0.0753
2023-08-25T13:40:10Z,algae_coralline,380,0.07578750000000002
2023-08-25T13:40:10Z,algae_coralline,382,0.0765375
2023-08-25T13:40:10Z,algae_coralline,384,0.0743125
2023-08-25T13:40:10Z,algae_coralline,386,0.07458823529411765
2023-08-25T13:40:10Z,algae_coralline,388,0.07428125000000001
2023-08-25T13:40:10Z,algae_coralline,390,0.0736875
2023-08-25T13:40:10Z,algae_coralline,392,0.07400625
2023-08-25T13:40:10Z,algae_coralline,394,0.0732
2023-08-25T13:40:10Z,algae_coralline,396,0.072325
2023-08-25T13:40:10Z,algae_coralline,398,0.07195
2023-08-25T13:40:10Z,algae_coralline,400,0.07135
2023-08-25T13:40:10Z,algae_coralline,402,0.07139999999999999
2023-08-25T13:40:10Z,algae_coralline,404,0.07098235294117647
2023-08-25T13:40:10Z,algae_coralline,406,0.07020625
2023-08-25T13:40:10Z,algae_coralline,408,0.06894375
2023-08-25T13:40:10Z,algae_coralline,410,0.06822500000000001
2023-08-25T13:40:10Z,algae_coralline,412,0.0668875
2023-08-25T13:40:10Z,algae_coralline,414,0.06626875
2023-08-25T13:40:10Z,algae_coralline,416,0.06582500000000001
2023-08-25T13:40:10Z,algae_coralline,418,0.0655235294117647
2023-08-25T13:40:10Z,algae_coralline,420,0.064975
2023-08-25T13:40:10Z,algae_coralline,422,0.06480000000000001
2023-08-25T13:40:10Z,algae_coralline,424,0.0647375
2023-08-25T13:40:10Z,algae_coralline,426,0.064525
2023-08-25T13:40:10Z,algae_coralline,428,0.06457500000000001
2023-08-25T13:40:10Z,algae_coralline,430,0.06421249999999999
2023-08-25T13:40:10Z,algae_coralline,432,0.0634
2023-08-25T13:40:10Z,algae_coralline,434,0.063275
2023-08-25T13:40:10Z,algae_coralline,436,0.06311249999999999
2023-08-25T13:40:10Z,algae_coralline,438,0.06327500000000001
2023-08-25T13:40:10Z,algae_coralline,440,0.0634
2023-08-25T13:40:10Z,algae_coralline,442,0.06392500000000001
2023-08-25T13:40:10Z,algae_coralline,444,0.0650625
2023-08-25T13:40:10Z,algae_coralline,446,0.06668750000000001
2023-08-25T13:40:10Z,algae_coralline,448,0.06849999999999998
2023-08-25T13:40:10Z,algae_coralline,450,0.07085000000000001
2023-08-25T13:40:10Z,algae_coralline,452,0.07346249999999999
2023-08-25T13:40:10Z,algae_coralline,454,0.07586250000000001
2023-08-25T13:40:10Z,algae_coralline,456,0.07773749999999999
2023-08-25T13:40:10Z,algae_coralline,458,0.07935
2023-08-25T13:40:10Z,algae_coralline,460,0.08036249999999999
2023-08-25T13:40:10Z,algae_coralline,462,0.0809875
2023-08-25T13:40:10Z,algae_coralline,464,0.08155
2023-08-25T13:40:10Z,algae_coralline,466,0.081875
2023-08-25T13:40:10Z,algae_coralline,468,0.08215333333333334
2023-08-25T13:40:10Z,algae_coralline,470,0.08263125
2023-08-25T13:40:10Z,algae_coralline,472,0.08300625
2023-08-25T13:40:10Z,algae_coralline,474,0.08347499999999998
2023-08-25T13:40:10Z,algae_coralline,476,0.08368125
2023-08-25T13:40:10Z,algae_coralline,478,0.08346875
2023-08-25T13:40:10Z,algae_coralline,480,0.08302499999999999
2023-08-25T13:40:10Z,algae_coralline,482,0.08220000000000001
2023-08-25T13:40:10Z,algae_coralline,484,0.08117500000000001
2023-08-25T13:40:10Z,algae_coralline,486,0.07985
2023-08-25T13:40:10Z,algae_coralline,488,0.07792499999999998
2023-08-25T13:40:10Z,algae_coralline,490,0.0765
2023-08-25T13:40:10Z,algae_coralline,492,0.07545
2023-08-25T13:40:10Z,algae_coralline,494,0.07450625000000001
2023-08-25T13:40:10Z,algae_coralline,496,0.07411875
2023-08-25T13:40:10Z,algae_coralline,498,0.07425
2023-08-25T13:40:10Z,algae_coralline,500,0.07486250000000001
2023-08-25T13:40:10Z,algae_coralline,502,0.07598749999999999
2023-08-25T13:40:10Z,algae_coralline,504,0.07779999999999998
2023-08-25T13:40:10Z,algae_coralline,506,0.08019375000000002
2023-08-25T13:40:10Z,algae_coralline,508,0.082775
2023-08-25T13:40:10Z,algae_coralline,510,0.08520625000000001
2023-08-25T13:40:10Z,algae_coralline,512,0.0876
2023-08-25T13:40:10Z,algae_coralline,514,0.08937499999999998
2023-08-25T13:40:10Z,algae_coralline,516,0.09062666666666665
2023-08-25T13:40:10Z,algae_coralline,518,0.09108125
2023-08-25T13:40:10Z,algae_coralline,520,0.09111875
2023-08-25T13:40:10Z,algae_coralline,522,0.09140000000000001
2023-08-25T13:40:10Z,algae_coralline,524,0.0910875
2023-08-25T13:40:10Z,algae_coralline,526,0.0904625
2023-08-25T13:40:10Z,algae_coralline,528,0.08941250000000003
2023-08-25T13:40:10Z,algae_coralline,530,0.08846
2023-08-25T13:40:10Z,algae_coralline,532,0.08799999999999998
2023-08-25T13:40:10Z,algae_coralline,534,0.0872
2023-08-25T13:40:10Z,algae_coralline,536,0.08660625
2023-08-25T13:40:10Z,algae_coralline,538,0.08623125000000001
2023-08-25T13:40:10Z,algae_coralline,540,0.08592666666666668
2023-08-25T13:40:10Z,algae_coralline,542,0.08548666666666667
2023-08-25T13:40:10Z,algae_coralline,544,0.08544375
2023-08-25T13:40:10Z,algae_coralline,546,0.08556875000000001
2023-08-25T13:40:10Z,algae_coralline,548,0.0858
2023-08-25T13:40:10Z,algae_coralline,550,0.08604999999999999
2023-08-25T13:40:10Z,algae_coralline,552,0.08630666666666666
2023-08-25T13:40:10Z,algae_coralline,554,0.08648125000000001
2023-08-25T13:40:10Z,algae_coralline,556,0.08657499999999999
2023-08-25T13:40:10Z,algae_coralline,558,0.0862
2023-08-25T13:40:10Z,algae_coralline,560,0.08541875
2023-08-25T13:40:10Z,algae_coralline,562,0.08449999999999999
2023-08-25T13:40:10Z,algae_coralline,564,0.08374000000000001
2023-08-25T13:40:10Z,algae_coralline,566,0.08313125
2023-08-25T13:40:10Z,algae_coralline,568,0.08317333333333332
2023-08-25T13:40:10Z,algae_coralline,570,0.08430000000000006
2023-08-25T13:40:10Z,algae_coralline,572,0.08660625000000005
2023-08-25T13:40:10Z,algae_coralline,574,0.09017333333333338
2023-08-25T13:40:10Z,algae_coralline,576,0.09480000000000001
2023-08-25T13:40:10Z,algae_coralline,578,0.10046874999999998
2023-08-25T13:40:10Z,algae_coralline,580,0.10657999999999992
2023-08-25T13:40:10Z,algae_coralline,582,0.11278749999999987
2023-08-25T13:40:10Z,algae_coralline,584,0.11921999999999987
2023-08-25T13:40:10Z,algae_coralline,586,0.125
2023-08-25T13:40:10Z,algae_coralline,588,0.1303800000000001
2023-08-25T13:40:10Z,algae_coralline,590,0.1348866666666667
2023-08-25T13:40:10Z,algae_coralline,592,0.13858750000000003
2023-08-25T13:40:10Z,algae_coralline,594,0.1422
2023-08-25T13:40:10Z,algae_coralline,596,0.14529999999999998
2023-08-25T13:40:10Z,algae_coralline,598,0.14734666666666663
2023-08-25T13:40:10Z,algae_coralline,600,0.14869374999999999
2023-08-25T13:40:10Z,algae_coralline,602,0.149
2023-08-25T13:40:10Z,algae_coralline,604,0.14826875
2023-08-25T13:40:10Z,algae_coralline,606,0.1472333333333333
2023-08-25T13:40:10Z,algae_coralline,608,0.14581999999999998
2023-08-25T13:40:10Z,algae_coralline,610,0.14409999999999998
2023-08-25T13:40:10Z,algae_coralline,612,0.14209999999999998
2023-08-25T13:40:10Z,algae_coralline,614,0.14016875
2023-08-25T13:40:10Z,algae_coralline,616,0.1384
2023-08-25T13:40:10Z,algae_coralline,618,0.13690000000000002
2023-08-25T13:40:10Z,algae_coralline,620,0.1359875
2023-08-25T13:40:10Z,algae_coralline,622,0.13570666666666667
2023-08-25T13:40:10Z,algae_coralline,624,0.13595
2023-08-25T13:40:10Z,algae_coralline,626,0.13636666666666666
2023-08-25T13:40:10Z,algae_coralline,628,0.13737999999999997
2023-08-25T13:40:10Z,algae_coralline,630,0.13872499999999996
2023-08-25T13:40:10Z,algae_coralline,632,0.14030666666666672
2023-08-25T13:40:10Z,algae_coralline,634,0.14236000000000004
2023-08-25T13:40:10Z,algae_coralline,636,0.1449933333333334
2023-08-25T13:40:10Z,algae_coralline,638,0.14799375000000006
2023-08-25T13:40:10Z,algae_coralline,640,0.1513066666666667
2023-08-25T13:40:10Z,algae_coralline,642,0.15474666666666673
2023-08-25T13:40:10Z,algae_coralline,644,0.15768000000000004
2023-08-25T13:40:10Z,algae_coralline,646,0.16044375
2023-08-25T13:40:10Z,algae_coralline,648,0.1625
2023-08-25T13:40:10Z,algae_coralline,650,0.1625
2023-08-25T13:40:10Z,algae_coralline,652,0.1615
2023-08-25T13:40:10Z,algae_coralline,654,0.15960000000000002
2023-08-25T13:40:10Z,algae_coralline,656,0.15723333333333334
2023-08-25T13:40:10Z,algae_coralline,658,0.15251250000000005
2023-08-25T13:40:10Z,algae_coralline,660,0.1450933333333334
2023-08-25T13:40:10Z,algae_coralline,662,0.13697333333333342
2023-08-25T13:40:10Z,algae_coralline,664,0.1288400000000001
2023-08-25T13:40:10Z,algae_coralline,666,0.12089333333333344
2023-08-25T13:40:10Z,algae_coralline,668,0.11412666666666674
2023-08-25T13:40:10Z,algae_coralline,670,0.10892000000000004
2023-08-25T13:40:10Z,algae_coralline,672,0.10545333333333336
2023-08-25T13:40:10Z,algae_coralline,674,0.10313333333333334
2023-08-25T13:40:10Z,algae_coralline,676,0.10198000000000002
2023-08-25T13:40:10Z,algae_coralline,678,0.10160666666666666
2023-08-25T13:40:10Z,algae_coralline,680,0.10229333333333332
2023-08-25T13:40:10Z,algae_coralline,682,0.10393999999999998
2023-08-25T13:40:10Z,algae_coralline,684,0.10701999999999996
2023-08-25T13:40:10Z,algae_coralline,686,0.11295333333333324
2023-08-25T13:40:10Z,algae_coralline,688,0.1214599999999999
2023-08-25T13:40:10Z,algae_coralline,690,0.13007333333333324
2023-08-25T13:40:10Z,algae_coralline,692,0.14189999999999983
2023-08-25T13:40:10Z,algae_coralline,694,0.15703999999999982
2023-08-25T13:40:10Z,algae_coralline,696,0.1743199999999998
2023-08-25T13:40:10Z,algae_coralline,698,0.19463999999999973
2023-08-25T13:40:10Z,algae_coralline,700,0.21927999999999967
2023-08-25T13:40:10Z,algae_coralline,702,0.24726666666666636
2023-08-25T13:40:10Z,algae_coralline,704,0.28003333333333336
2023-08-25T13:40:10Z,algae_coralline,706,0.31483333333333335
2023-08-25T13:40:10Z,algae_coralline,708,0.3527
2023-08-25T13:40:10Z,algae_coralline,710,0.39716666666666667
2023-08-25T13:40:10Z,algae_coralline,712,0.4485
2023-08-25T13:40:10Z,algae_coralline,714,0.5128133333333341
2023-08-25T13:40:10Z,algae_coralline,716,0.5904400000000011
2023-08-25T13:40:10Z,algae_coralline,718,0.6854133333333344
2023-08-25T13:40:10Z,algae_coralline,720,0.7835571428571443
2023-08-25T13:40:10Z,algae_coralline,722,0.8824800000000016
2023-08-25T13:40:10Z,algae_coralline,724,0.9335200000000009
2023-08-25T13:40:10Z,algae_coralline,726,1.0005714285714302
2023-08-25T13:40:10Z,algae_coralline,728,1.0565333333333338
2023-08-25T13:40:10Z,algae_coralline,730,0.9943600000000019
2023-08-25T13:40:10Z,algae_coralline,732,1.0552571428571444
2023-08-25T13:40:10Z,algae_coralline,734,0.973340000000001
2023-08-25T13:40:10Z,algae_coralline,736,0.9093666666666673
2023-08-25T13:40:10Z,algae_coralline,738,0.8969666666666666
2023-08-25T13:40:10Z,algae_coralline,740,0.9063
2023-08-25T13:40:10Z,algae_coralline,742,0.8633
2023-08-25T13:40:10Z,algae_coralline,744,0.8213199999999993
2023-08-25T13:40:10Z,algae_coralline,746,0.8041428571428575
2023-08-25T13:40:10Z,algae_coralline,748,0.7687800000000007
2023-08-25T13:40:10Z,algae_coralline,750,0.79975
2023-08-25T13:40:10Z,algae_coralline,752,0.771526666666668
2023-08-25T13:40:10Z,algae_coralline,754,0.7189785714285714
2023-08-25T13:40:10Z,algae_coralline,756,0.6688200000000013
2023-08-25T13:40:10Z,algae_coralline,758,0.64
2023-08-25T13:40:10Z,algae_coralline,760,0.6638428571428571
2023-08-25T13:40:10Z,algae_coralline,762,0.6714200000000002
2023-08-25T13:40:10Z,algae_coralline,764,0.58174
2023-08-25T13:40:10Z,algae_coralline,766,0.5573533333333316
2023-08-25T13:40:10Z,algae_coralline,768,0.5354142857142856
2023-08-25T13:40:10Z,algae_coralline,770,0.5672571428571436
2023-08-25T13:40:10Z,algae_coralline,772,0.530907142857143
2023-08-25T13:40:10Z,algae_coralline,774,0.4836
2023-08-25T13:40:10Z,algae_coralline,776,0.4607399999999996
2023-08-25T13:40:10Z,algae_coralline,778,0.42546428571428496
2023-08-25T13:40:10Z,algae_coralline,780,0.4247285714285699
2023-08-25T13:40:10Z,algae_coralline,782,0.3887799999999989
2023-08-25T13:40:10Z,algae_coralline,784,0.38000000000000045
2023-08-25T13:40:10Z,algae_coralline,786,0.392
2023-08-25T13:40:10Z,algae_coralline,788,0.40085714285714297
2023-08-25T13:40:10Z,algae_coralline,790,0.3664599999999984
2023-08-25T13:40:10Z,algae_coralline,792,0.308
2023-08-25T13:40:10Z,algae_coralline,794,0.3098785714285711
2023-08-25T13:40:10Z,algae_coralline,796,0.3011428571428569
2023-08-25T13:40:10Z,algae_coralline,798,0.3011428571428569
2023-08-25T13:40:10Z,algae_coralline,800,0.3649999999999994
2023-08-25T13:42:26Z,sediment,340,0.05726470588235293
2023-08-25T13:42:26Z,sediment,342,0.05638749999999998
2023-08-25T13:42:26Z,sediment,344,0.0605
2023-08-25T13:42:26Z,sediment,346,0.06145625
2023-08-25T13:42:26Z,sediment,348,0.06120588235294116
2023-08-25T13:42:26Z,sediment,350,0.0596
2023-08-25T13:42:26Z,sediment,352,0.05658235294117649
2023-08-25T13:42:26Z,sediment,354,0.053981249999999995
2023-08-25T13:42:26Z,sediment,356,0.05273125
2023-08-25T13:42:26Z,sediment,358,0.05420000000000001
2023-08-25T13:42:26Z,sediment,360,0.05617499999999999
2023-08-25T13:42:26Z,sediment,362,0.056829411764705864
2023-08-25T13:42:26Z,sediment,364,0.05315
2023-08-25T13:42:26Z,sediment,366,0.05250625
2023-08-25T13:42:26Z,sediment,368,0.053099999999999994
2023-08-25T13:42:26Z,sediment,370,0.050900000000000015
2023-08-25T13:42:26Z,sediment,372,0.0492
2023-08-25T13:42:26Z,sediment,374,0.0488235294117647
2023-08-25T13:42:26Z,sediment,376,0.04946875
2023-08-25T13:42:26Z,sediment,378,0.04952941176470588
2023-08-25T13:42:26Z,sediment,380,0.049650000000000014
2023-08-25T13:42:26Z,sediment,382,0.0504
2023-08-25T13:42:26Z,sediment,384,0.04882499999999999
2023-08-25T13:42:26Z,sediment,386,0.04838823529411765
2023-08-25T13:42:26Z,sediment,388,0.04786250000000001
2023-08-25T13:42:26Z,sediment,390,0.046843749999999997
2023-08-25T13:42:26Z,sediment,392,0.04712499999999999
2023-08-25T13:42:26Z,sediment,394,0.047400000000000005
2023-08-25T13:42:26Z,sediment,396,0.04635
2023-08-25T13:42:26Z,sediment,398,0.0458
2023-08-25T13:42:26Z,sediment,400,0.045325
2023-08-25T13:42:26Z,sediment,402,0.0453
2023-08-25T13:42:26Z,sediment,404,0.04545294117647059
2023-08-25T13:42:26Z,sediment,406,0.0453
2023-08-25T13:42:26Z,sediment,408,0.04523125
2023-08-25T13:42:26Z,sediment,410,0.04529375
2023-08-25T13:42:26Z,sediment,412,0.04511875
2023-08-25T13:42:26Z,sediment,414,0.0452875
2023-08-25T13:42:26Z,sediment,416,0.04546875
2023-08-25T13:42:26Z,sediment,418,0.0456764705882353
2023-08-25T13:42:26Z,sediment,420,0.0461
2023-08-25T13:42:26Z,sediment,422,0.046212500000000004
2023-08-25T13:42:26Z,sediment,424,0.046462500000000004
2023-08-25T13:42:26Z,sediment,426,0.04685000000000001
2023-08-25T13:42:26Z,sediment,428,0.047375
2023-08-25T13:42:26Z,sediment,430,0.047862499999999995
2023-08-25T13:42:26Z,sediment,432,0.04748750000000001
2023-08-25T13:42:26Z,sediment,434,0.0477375
2023-08-25T13:42:26Z,sediment,436,0.0480875
2023-08-25T13:42:26Z,sediment,438,0.048850000000000005
2023-08-25T13:42:26Z,sediment,440,0.049225
2023-08-25T13:42:26Z,sediment,442,0.0495625
2023-08-25T13:42:26Z,sediment,444,0.05028749999999999
2023-08-25T13:42:26Z,sediment,446,0.0510875
2023-08-25T13:42:26Z,sediment,448,0.051649999999999995
2023-08-25T13:42:26Z,sediment,450,0.052237500000000006
2023-08-25T13:42:26Z,sediment,452,0.05319999999999999
2023-08-25T13:42:26Z,sediment,454,0.0540125
2023-08-25T13:42:26Z,sediment,456,0.05445
2023-08-25T13:42:26Z,sediment,458,0.055125
2023-08-25T13:42:26Z,sediment,460,0.05563749999999999
2023-08-25T13:42:26Z,sediment,462,0.05605
2023-08-25T13:42:26Z,sediment,464,0.056549999999999996
2023-08-25T13:42:26Z,sediment,466,0.056962500000000006
2023-08-25T13:42:26Z,sediment,468,0.05734
2023-08-25T13:42:26Z,sediment,470,0.057775
2023-08-25T13:42:26Z,sediment,472,0.0581375
2023-08-25T13:42:26Z,sediment,474,0.058575
2023-08-25T13:42:26Z,sediment,476,0.059056250000000005
2023-08-25T13:42:26Z,sediment,478,0.05934375
2023-08-25T13:42:26Z,sediment,480,0.05960625
2023-08-25T13:42:26Z,sediment,482,0.06
2023-08-25T13:42:26Z,sediment,484,0.060524999999999995
2023-08-25T13:42:26Z,sediment,486,0.06095
2023-08-25T13:42:26Z,sediment,488,0.060474999999999994
2023-08-25T13:42:26Z,sediment,490,0.0604
2023-08-25T13:42:26Z,sediment,492,0.0608625
2023-08-25T13:42:26Z,sediment,494,0.06105625
2023-08-25T13:42:26Z,sediment,496,0.061425
2023-08-25T13:42:26Z,sediment,498,0.06205
2023-08-25T13:42:26Z,sediment,500,0.0625875
2023-08-25T13:42:26Z,sediment,502,0.0630875
2023-08-25T13:42:26Z,sediment,504,0.06357333333333333
2023-08-25T13:42:26Z,sediment,506,0.06425
2023-08-25T13:42:26Z,sediment,508,0.06520625
2023-08-25T13:42:26Z,sediment,510,0.0660125
2023-08-25T13:42:26Z,sediment,512,0.0669
2023-08-25T13:42:26Z,sediment,514,0.06774999999999998
2023-08-25T13:42:26Z,sediment,516,0.0685733333333333
2023-08-25T13:42:26Z,sediment,518,0.0690625
2023-08-25T13:42:26Z,sediment,520,0.06914375
2023-08-25T13:42:26Z,sediment,522,0.07003333333333334
2023-08-25T13:42:26Z,sediment,524,0.07075
2023-08-25T13:42:26Z,sediment,526,0.07151249999999998
2023-08-25T13:42:26Z,sediment,528,0.0715625
2023-08-25T13:42:26Z,sediment,530,0.07158666666666667
2023-08-25T13:42:26Z,sediment,532,0.07217500000000002
2023-08-25T13:42:26Z,sediment,534,0.0724
2023-08-25T13:42:26Z,sediment,536,0.07239375
2023-08-25T13:42:26Z,sediment,538,0.0727125
2023-08-25T13:42:26Z,sediment,540,0.07297333333333332
2023-08-25T13:42:26Z,sediment,542,0.07278666666666667
2023-08-25T13:42:26Z,sediment,544,0.07274375000000001
2023-08-25T13:42:26Z,sediment,546,0.0729375
2023-08-25T13:42:26Z,sediment,548,0.0731
2023-08-25T13:42:26Z,sediment,550,0.07325
2023-08-25T13:42:26Z,sediment,552,0.07350666666666665
2023-08-25T13:42:26Z,sediment,554,0.07368125
2023-08-25T13:42:26Z,sediment,556,0.07403750000000002
2023-08-25T13:42:26Z,sediment,558,0.07438
2023-08-25T13:42:26Z,sediment,560,0.07443125
2023-08-25T13:42:26Z,sediment,562,0.07440000000000001
2023-08-25T13:42:26Z,sediment,564,0.07468
2023-08-25T13:42:26Z,sediment,566,0.07506874999999999
2023-08-25T13:42:26Z,sediment,568,0.07545999999999999
2023-08-25T13:42:26Z,sediment,570,0.07608000000000002
2023-08-25T13:42:26Z,sediment,572,0.07690625000000002
2023-08-25T13:42:26Z,sediment,574,0.07810666666666669
2023-08-25T13:42:26Z,sediment,576,0.0797
2023-08-25T13:42:26Z,sediment,578,0.08088125
2023-08-25T13:42:26Z,sediment,580,0.08186
2023-08-25T13:42:26Z,sediment,582,0.08279999999999997
2023-08-25T13:42:26Z,sediment,584,0.08387999999999997
2023-08-25T13:42:26Z,sediment,586,0.08499999999999999
2023-08-25T13:42:26Z,sediment,588,0.08612000000000003
2023-08-25T13:42:26Z,sediment,590,0.08707333333333334
2023-08-25T13:42:26Z,sediment,592,0.086775
2023-08-25T13:42:26Z,sediment,594,0.08723333333333333
2023-08-25T13:42:26Z,sediment,596,0.08779999999999999
2023-08-25T13:42:26Z,sediment,598,0.08833333333333332
2023-08-25T13:42:26Z,sediment,600,0.08875625
2023-08-25T13:42:26Z,sediment,602,0.08862666666666667
2023-08-25T13:42:26Z,sediment,604,0.08786875000000002
2023-08-25T13:42:26Z,sediment,606,0.08711333333333332
2023-08-25T13:42:26Z,sediment,608,0.08657999999999999
2023-08-25T13:42:26Z,sediment,610,0.08627333333333333
2023-08-25T13:42:26Z,sediment,612,0.08582
2023-08-25T13:42:26Z,sediment,614,0.0855625
2023-08-25T13:42:26Z,sediment,616,0.0855
2023-08-25T13:42:26Z,sediment,618,0.08516666666666665
2023-08-25T13:42:26Z,sediment,620,0.0849
2023-08-25T13:42:26Z,sediment,622,0.08508666666666666
2023-08-25T13:42:26Z,sediment,624,0.08532499999999998
2023-08-25T13:42:26Z,sediment,626,0.08539999999999999
2023-08-25T13:42:26Z,sediment,628,0.08557333333333333
2023-08-25T13:42:26Z,sediment,630,0.0857
2023-08-25T13:42:26Z,sediment,632,0.08574666666666667
2023-08-25T13:42:26Z,sediment,634,0.08588000000000001
2023-08-25T13:42:26Z,sediment,636,0.08614000000000001
2023-08-25T13:42:26Z,sediment,638,0.08653125
2023-08-25T13:42:26Z,sediment,640,0.08692
2023-08-25T13:42:26Z,sediment,642,0.0872
2023-08-25T13:42:26Z,sediment,644,0.0874
2023-08-25T13:42:26Z,sediment,646,0.08797500000000001
2023-08-25T13:42:26Z,sediment,648,0.0885
2023-08-25T13:42:26Z,sediment,650,0.08816666666666667
2023-08-25T13:42:26Z,sediment,652,0.0877
2023-08-25T13:42:26Z,sediment,654,0.0876
2023-08-25T13:42:26Z,sediment,656,0.08793333333333334
2023-08-25T13:42:26Z,sediment,658,0.08673750000000001
2023-08-25T13:42:26Z,sediment,660,0.08479333333333336
2023-08-25T13:42:26Z,sediment,662,0.08356000000000002
2023-08-25T13:42:26Z,sediment,664,0.08218000000000002
2023-08-25T13:42:26Z,sediment,666,0.08095333333333335
2023-08-25T13:42:26Z,sediment,668,0.07946
2023-08-25T13:42:26Z,sediment,670,0.07844000000000001
2023-08-25T13:42:26Z,sediment,672,0.07801333333333334
2023-08-25T13:42:26Z,sediment,674,0.0779
2023-08-25T13:42:26Z,sediment,676,0.07813999999999999
2023-08-25T13:42:26Z,sediment,678,0.07867333333333333
2023-08-25T13:42:26Z,sediment,680,0.07913333333333333
2023-08-25T13:42:26Z,sediment,682,0.07997999999999998
2023-08-25T13:42:26Z,sediment,684,0.08141999999999998
2023-08-25T13:42:26Z,sediment,686,0.08429333333333329
2023-08-25T13:42:26Z,sediment,688,0.08661999999999999
2023-08-25T13:42:26Z,sediment,690,0.08727333333333333
2023-08-25T13:42:26Z,sediment,692,0.08946666666666664
2023-08-25T13:42:26Z,sediment,694,0.09339999999999996
2023-08-25T13:42:26Z,sediment,696,0.09694666666666664
2023-08-25T13:42:26Z,sediment,698,0.10082666666666662
2023-08-25T13:42:26Z,sediment,700,0.10501999999999996
2023-08-25T13:42:26Z,sediment,702,0.10872666666666664
2023-08-25T13:42:26Z,sediment,704,0.11323333333333334
2023-08-25T13:42:26Z,sediment,706,0.11743333333333333
2023-08-25T13:42:26Z,sediment,708,0.1219
2023-08-25T13:42:26Z,sediment,710,0.12836666666666666
2023-08-25T13:42:26Z,sediment,712,0.13649999999999998
2023-08-25T13:42:26Z,sediment,714,0.14778666666666676
2023-08-25T13:42:26Z,sediment,716,0.15672000000000014
2023-08-25T13:42:26Z,sediment,718,0.16662000000000007
2023-08-25T13:42:26Z,sediment,720,0.17416428571428588
2023-08-25T13:42:26Z,sediment,722,0.18364000000000008
2023-08-25T13:42:26Z,sediment,724,0.19348000000000035
2023-08-25T13:42:26Z,sediment,726,0.20964285714285716
2023-08-25T13:42:26Z,sediment,728,0.20490000000000033
2023-08-25T13:42:26Z,sediment,730,0.19514666666666686
2023-08-25T13:42:26Z,sediment,732,0.20267857142857107
2023-08-25T13:42:26Z,sediment,734,0.2169999999999999
2023-08-25T13:42:26Z,sediment,736,0.19508000000000036
2023-08-25T13:42:26Z,sediment,738,0.19523333333333334
2023-08-25T13:42:26Z,sediment,740,0.1857
2023-08-25T13:42:26Z,sediment,742,0.1714
2023-08-25T13:42:26Z,sediment,744,0.1815199999999999
2023-08-25T13:42:26Z,sediment,746,0.17084999999999978
2023-08-25T13:42:26Z,sediment,748,0.18108666666666615
2023-08-25T13:42:26Z,sediment,750,0.1542
2023-08-25T13:42:26Z,sediment,752,0.14499333333333322
2023-08-25T13:42:26Z,sediment,754,0.1507499999999993
2023-08-25T13:42:26Z,sediment,756,0.17
2023-08-25T13:42:26Z,sediment,758,0.18
2023-08-25T13:42:26Z,sediment,760,0.16285714285714276
2023-08-25T13:42:26Z,sediment,762,0.14266666666666653
2023-08-25T13:42:26Z,sediment,764,0.12895999999999977
2023-08-25T13:42:26Z,sediment,766,0.13256000000000068
2023-08-25T13:42:26Z,sediment,768,0.12537142857142908
2023-08-25T13:42:26Z,sediment,770,0.14202142857142888
2023-08-25T13:42:26Z,sediment,772,0.11902857142857155
2023-08-25T13:42:26Z,sediment,774,0.1125
2023-08-25T13:42:26Z,sediment,776,0.10749999999999982
2023-08-25T13:42:26Z,sediment,778,0.10982142857142893
2023-08-25T13:42:26Z,sediment,780,0.09821428571428543
2023-08-25T13:42:26Z,sediment,782,0.10083333333333258
2023-08-25T13:42:26Z,sediment,784,0.1125
2023-08-25T13:42:26Z,sediment,786,0.1143
2023-08-25T13:42:26Z,sediment,788,0.10408571428571413
2023-08-25T13:42:26Z,sediment,790,0.1
2023-08-25T13:42:26Z,sediment,792,0.1
2023-08-25T13:42:26Z,sediment,794,0.07344285714285763
2023-08-25T13:42:26Z,sediment,796,0.08434285714285661
2023-08-25T13:42:26Z,sediment,798,0.1167
2023-08-25T13:42:26Z,sediment,800,0.11550714285714256
2023-08-25T13:44:32Z,algae_brown,340,0.0163
2023-08-25T13:44:32Z,algae_brown,342,0.0144625
2023-08-25T13:44:32Z,algae_brown,344,0.014552941176470591
2023-08-25T13:44:32Z,algae_brown,346,0.015425
2023-08-25T13:44:32Z,algae_brown,348,0.015370588235294115
2023-08-25T13:44:32Z,algae_brown,350,0.016200000000000003
2023-08-25T13:44:32Z,algae_brown,352,0.017382352941176477
2023-08-25T13:44:32Z,algae_brown,354,0.016693749999999997
2023-08-25T13:44:32Z,algae_brown,356,0.014718749999999989
2023-08-25T13:44:32Z,algae_brown,358,0.014352941176470591
2023-08-25T13:44:32Z,algae_brown,360,0.013612500000000003
2023-08-25T13:44:32Z,algae_brown,362,0.013564705882352947
2023-08-25T13:44:32Z,algae_brown,364,0.013700000000000004
2023-08-25T13:44:32Z,algae_brown,366,0.01340625
2023-08-25T13:44:32Z,algae_brown,368,0.0132
2023-08-25T13:44:32Z,algae_brown,370,0.012574999999999998
2023-08-25T13:44:32Z,algae_brown,372,0.01285
2023-08-25T13:44:32Z,algae_brown,374,0.012829411764705883
2023-08-25T13:44:32Z,algae_brown,376,0.011768750000000014
2023-08-25T13:44:32Z,algae_brown,378,0.011341176470588228
2023-08-25T13:44:32Z,algae_brown,380,0.010862500000000006
2023-08-25T13:44:32Z,algae_brown,382,0.011237500000000001
2023-08-25T13:44:32Z,algae_brown,384,0.011025
2023-08-25T13:44:32Z,algae_brown,386,0.010588235294117648
2023-08-25T13:44:32Z,algae_brown,388,0.0105
2023-08-25T13:44:32Z,algae_brown,390,0.009993750000000003
2023-08-25T13:44:32Z,algae_brown,392,0.0094375
2023-08-25T13:44:32Z,algae_brown,394,0.009000000000000001
2023-08-25T13:44:32Z,algae_brown,396,0.009075000000000005
2023-08-25T13:44:32Z,algae_brown,398,0.0086
2023-08-25T13:44:32Z,algae_brown,400,0.008274999999999996
2023-08-25T13:44:32Z,algae_brown,402,0.0079
2023-08-25T13:44:32Z,algae_brown,404,0.007876470588235296
2023-08-25T13:44:32Z,algae_brown,406,0.007668749999999999
2023-08-25T13:44:32Z,algae_brown,408,0.007362499999999999
2023-08-25T13:44:32Z,algae_brown,410,0.006925000000000005
2023-08-25T13:44:32Z,algae_brown,412,0.006862499999999999
2023-08-25T13:44:32Z,algae_brown,414,0.0066125
2023-08-25T13:44:32Z,algae_brown,416,0.00643125
2023-08-25T13:44:32Z,algae_brown,418,0.0064
2023-08-25T13:44:32Z,algae_brown,420,0.0062875000000000006
2023-08-25T13:44:32Z,algae_brown,422,0.006162499999999999
2023-08-25T13:44:32Z,algae_brown,424,0.0060999999999999995
2023-08-25T13:44:32Z,algae_brown,426,0.0060125
2023-08-25T13:44:32Z,algae_brown,428,0.005987500000000001
2023-08-25T13:44:32Z,algae_brown,430,0.005862499999999999
2023-08-25T13:44:32Z,algae_brown,432,0.0057375
2023-08-25T13:44:32Z,algae_brown,434,0.0056125
2023-08-25T13:44:32Z,algae_brown,436,0.0055000000000000005
2023-08-25T13:44:32Z,algae_brown,438,0.0054624999999999995
2023-08-25T13:44:32Z,algae_brown,440,0.0054
2023-08-25T13:44:32Z,algae_brown,442,0.005487500000000001
2023-08-25T13:44:32Z,algae_brown,444,0.0055000000000000005
2023-08-25T13:44:32Z,algae_brown,446,0.005537500000000002
2023-08-25T13:44:32Z,algae_brown,448,0.005600000000000001
2023-08-25T13:44:32Z,algae_brown,450,0.0056875
2023-08-25T13:44:32Z,algae_brown,452,0.005812499999999999
2023-08-25T13:44:32Z,algae_brown,454,0.0059
2023-08-25T13:44:32Z,algae_brown,456,0.0059
2023-08-25T13:44:32Z,algae_brown,458,0.005987500000000001
2023-08-25T13:44:32Z,algae_brown,460,0.006
2023-08-25T13:44:32Z,algae_brown,462,0.006037500000000001
2023-08-25T13:44:32Z,algae_brown,464,0.0060999999999999995
2023-08-25T13:44:32Z,algae_brown,466,0.0061875
2023-08-25T13:44:32Z,algae_brown,468,0.006313333333333332
2023-08-25T13:44:32Z,algae_brown,470,0.006443750000000001
2023-08-25T13:44:32Z,algae_brown,472,0.006568750000000001
2023-08-25T13:44:32Z,algae_brown,474,0.0067874999999999975
2023-08-25T13:44:32Z,algae_brown,476,0.0070375
2023-08-25T13:44:32Z,algae_brown,478,0.007287500000000001
2023-08-25T13:44:32Z,algae_brown,480,0.0074687500000000006
2023-08-25T13:44:32Z,algae_brown,482,0.0076
2023-08-25T13:44:32Z,algae_brown,484,0.007724999999999999
2023-08-25T13:44:32Z,algae_brown,486,0.0078000000000000005
2023-08-25T13:44:32Z,algae_brown,488,0.0078000000000000005
2023-08-25T13:44:32Z,algae_brown,490,0.0079
2023-08-25T13:44:32Z,algae_brown,492,0.0079
2023-08-25T13:44:32Z,algae_brown,494,0.0079
2023-08-25T13:44:32Z,algae_brown,496,0.0079
2023-08-25T13:44:32Z,algae_brown,498,0.008
2023-08-25T13:44:32Z,algae_brown,500,0.008037500000000001
2023-08-25T13:44:32Z,algae_brown,502,0.008224999999999998
2023-08-25T13:44:32Z,algae_brown,504,0.008486666666666665
2023-08-25T13:44:32Z,algae_brown,506,0.008637500000000001
2023-08-25T13:44:32Z,algae_brown,508,0.008887500000000001
2023-08-25T13:44:32Z,algae_brown,510,0.009206250000000003
2023-08-25T13:44:32Z,algae_brown,512,0.0095
2023-08-25T13:44:32Z,algae_brown,514,0.009874999999999995
2023-08-25T13:44:32Z,algae_brown,516,0.01025999999999999
2023-08-25T13:44:32Z,algae_brown,518,0.010643750000000006
2023-08-25T13:44:32Z,algae_brown,520,0.011025000000000007
2023-08-25T13:44:32Z,algae_brown,522,0.011499999999999998
2023-08-25T13:44:32Z,algae_brown,524,0.011949999999999995
2023-08-25T13:44:32Z,algae_brown,526,0.012362499999999992
2023-08-25T13:44:32Z,algae_brown,528,0.012856249999999994
2023-08-25T13:44:32Z,algae_brown,530,0.01328666666666668
2023-08-25T13:44:32Z,algae_brown,532,0.013875000000000009
2023-08-25T13:44:32Z,algae_brown,534,0.0144
2023-08-25T13:44:32Z,algae_brown,536,0.015056249999999998
2023-08-25T13:44:32Z,algae_brown,538,0.01568124999999999
2023-08-25T13:44:32Z,algae_brown,540,0.016419999999999983
2023-08-25T13:44:32Z,algae_brown,542,0.017193333333333356
2023-08-25T13:44:32Z,algae_brown,544,0.01815000000000002
2023-08-25T13:44:32Z,algae_brown,546,0.019150000000000004
2023-08-25T13:44:32Z,algae_brown,548,0.0204
2023-08-25T13:44:32Z,algae_brown,550,0.02179999999999998
2023-08-25T13:44:32Z,algae_brown,552,0.023446666666666626
2023-08-25T13:44:32Z,algae_brown,554,0.02531875000000003
2023-08-25T13:44:32Z,algae_brown,556,0.027412500000000048
2023-08-25T13:44:32Z,algae_brown,558,0.02966000000000003
2023-08-25T13:44:32Z,algae_brown,560,0.03210625000000001
2023-08-25T13:44:32Z,algae_brown,562,0.0348
2023-08-25T13:44:32Z,algae_brown,564,0.03745999999999997
2023-08-25T13:44:32Z,algae_brown,566,0.04012499999999995
2023-08-25T13:44:32Z,algae_brown,568,0.04264666666666661
2023-08-25T13:44:32Z,algae_brown,570,0.04471333333333339
2023-08-25T13:44:32Z,algae_brown,572,0.04666875000000003
2023-08-25T13:44:32Z,algae_brown,574,0.048280000000000024
2023-08-25T13:44:32Z,algae_brown,576,0.0496
2023-08-25T13:44:32Z,algae_brown,578,0.0504875
2023-08-25T13:44:32Z,algae_brown,580,0.05108
2023-08-25T13:44:32Z,algae_brown,582,0.05128749999999999
2023-08-25T13:44:32Z,algae_brown,584,0.051399999999999994
2023-08-25T13:44:32Z,algae_brown,586,0.051449999999999996
2023-08-25T13:44:32Z,algae_brown,588,0.05174000000000001
2023-08-25T13:44:32Z,algae_brown,590,0.05234666666666668
2023-08-25T13:44:32Z,algae_brown,592,0.05341250000000001
2023-08-25T13:44:32Z,algae_brown,594,0.054900000000000004
2023-08-25T13:44:32Z,algae_brown,596,0.056799999999999996
2023-08-25T13:44:32Z,algae_brown,598,0.058646666666666646
2023-08-25T13:44:32Z,algae_brown,600,0.06010624999999998
2023-08-25T13:44:32Z,algae_brown,602,0.06084666666666665
2023-08-25T13:44:32Z,algae_brown,604,0.06029375000000002
2023-08-25T13:44:32Z,algae_brown,606,0.05860666666666661
2023-08-25T13:44:32Z,algae_brown,608,0.05585999999999993
2023-08-25T13:44:32Z,algae_brown,610,0.05271999999999996
2023-08-25T13:44:32Z,algae_brown,612,0.049159999999999954
2023-08-25T13:44:32Z,algae_brown,614,0.04588124999999999
2023-08-25T13:44:32Z,algae_brown,616,0.0429
2023-08-25T13:44:32Z,algae_brown,618,0.04043333333333333
2023-08-25T13:44:32Z,algae_brown,620,0.038487500000000015
2023-08-25T13:44:32Z,algae_brown,622,0.03716000000000001
2023-08-25T13:44:32Z,algae_brown,624,0.036175000000000006
2023-08-25T13:44:32Z,algae_brown,626,0.03548000000000002
2023-08-25T13:44:32Z,algae_brown,628,0.03485333333333334
2023-08-25T13:44:32Z,algae_brown,630,0.034087500000000014
2023-08-25T13:44:32Z,algae_brown,632,0.03327333333333331
2023-08-25T13:44:32Z,algae_brown,634,0.03249999999999999
2023-08-25T13:44:32Z,algae_brown,636,0.0321
2023-08-25T13:44:32Z,algae_brown,638,0.03231875000000001
2023-08-25T13:44:32Z,algae_brown,640,0.03333333333333335
2023-08-25T13:44:32Z,algae_brown,642,0.03490000000000002
2023-08-25T13:44:32Z,algae_brown,644,0.03686000000000002
2023-08-25T13:44:32Z,algae_brown,646,0.03852500000000001
2023-08-25T13:44:32Z,algae_brown,648,0.039599999999999996
2023-08-25T13:44:32Z,algae_brown,650,0.039266666666666665
2023-08-25T13:44:32Z,algae_brown,652,0.03766666666666667
2023-08-25T13:44:32Z,algae_brown,654,0.0349
2023-08-25T13:44:32Z,algae_brown,656,0.031166666666666665
2023-08-25T13:44:32Z,algae_brown,658,0.02703750000000003
2023-08-25T13:44:32Z,algae_brown,660,0.02272000000000005
2023-08-25T13:44:32Z,algae_brown,662,0.01919333333333336
2023-08-25T13:44:32Z,algae_brown,664,0.017140000000000016
2023-08-25T13:44:32Z,algae_brown,666,0.016233333333333343
2023-08-25T13:44:32Z,algae_brown,668,0.016766666666666652
2023-08-25T13:44:32Z,algae_brown,670,0.018459999999999976
2023-08-25T13:44:32Z,algae_brown,672,0.0211533333333333
2023-08-25T13:44:32Z,algae_brown,674,0.024573333333333287
2023-08-25T13:44:32Z,algae_brown,676,0.02867999999999995
2023-08-25T13:44:32Z,algae_brown,678,0.03326666666666662
2023-08-25T13:44:32Z,algae_brown,680,0.03813999999999994
2023-08-25T13:44:32Z,algae_brown,682,0.043519999999999934
2023-08-25T13:44:32Z,algae_brown,684,0.04977333333333326
2023-08-25T13:44:32Z,algae_brown,686,0.05834666666666653
2023-08-25T13:44:32Z,algae_brown,688,0.07043999999999986
2023-08-25T13:44:32Z,algae_brown,690,0.08185333333333321
2023-08-25T13:44:32Z,algae_brown,692,0.09464666666666649
2023-08-25T13:44:32Z,algae_brown,694,0.11217999999999978
2023-08-25T13:44:32Z,algae_brown,696,0.13293999999999978
2023-08-25T13:44:32Z,algae_brown,698,0.1573266666666664
2023-08-25T13:44:32Z,algae_brown,700,0.18495999999999968
2023-08-25T13:44:32Z,algae_brown,702,0.21535999999999966
2023-08-25T13:44:32Z,algae_brown,704,0.2462
2023-08-25T13:44:32Z,algae_brown,706,0.2763333333333333
2023-08-25T13:44:32Z,algae_brown,708,0.3065
2023-08-25T13:44:32Z,algae_brown,710,0.33943333333333336
2023-08-25T13:44:32Z,algae_brown,712,0.3763666666666667
2023-08-25T13:44:32Z,algae_brown,714,0.42412000000000066
2023-08-25T13:44:32Z,algae_brown,716,0.4854400000000008
2023-08-25T13:44:32Z,algae_brown,718,0.5630066666666677
2023-08-25T13:44:32Z,algae_brown,720,0.6450785714285726
2023-08-25T13:44:32Z,algae_brown,722,0.7257200000000011
2023-08-25T13:44:32Z,algae_brown,724,0.7905200000000018
2023-08-25T13:44:32Z,algae_brown,726,0.8568142857142865
2023-08-25T13:44:32Z,algae_brown,728,0.9124066666666653
2023-08-25T13:44:32Z,algae_brown,730,0.9423466666666663
2023-08-25T13:44:32Z,algae_brown,732,0.9558214285714287
2023-08-25T13:44:32Z,algae_brown,734,0.9790599999999994
2023-08-25T13:44:32Z,algae_brown,736,0.9624466666666672
2023-08-25T13:44:32Z,algae_brown,738,0.935
2023-08-25T13:44:32Z,algae_brown,740,0.9193333333333333
2023-08-25T13:44:32Z,algae_brown,742,0.91
2023-08-25T13:44:32Z,algae_brown,744,0.8816800000000002
2023-08-25T13:44:32Z,algae_brown,746,0.9034357142857147
2023-08-25T13:44:32Z,algae_brown,748,0.8551066666666655
2023-08-25T13:44:32Z,algae_brown,750,0.8209500000000001
2023-08-25T13:44:32Z,algae_brown,752,0.7921666666666677
2023-08-25T13:44:32Z,algae_brown,754,0.7334714285714299
2023-08-25T13:44:32Z,algae_brown,756,0.69266
2023-08-25T13:44:32Z,algae_brown,758,0.644
2023-08-25T13:44:32Z,algae_brown,760,0.6415714285714285
2023-08-25T13:44:32Z,algae_brown,762,0.572773333333332
2023-08-25T13:44:32Z,algae_brown,764,0.5153333333333323
2023-08-25T13:44:32Z,algae_brown,766,0.48229333333333313
2023-08-25T13:44:32Z,algae_brown,768,0.44234285714285815
2023-08-25T13:44:32Z,algae_brown,770,0.4378428571428571
2023-08-25T13:44:32Z,algae_brown,772,0.3968000000000004
2023-08-25T13:44:32Z,algae_brown,774,0.3818
2023-08-25T13:44:32Z,algae_brown,776,0.3487599999999997
2023-08-25T13:44:32Z,algae_brown,778,0.3272428571428568
2023-08-25T13:44:32Z,algae_brown,780,0.3009428571428564
2023-08-25T13:44:32Z,algae_brown,782,0.2844799999999994
2023-08-25T13:44:32Z,algae_brown,784,0.2745000000000004
2023-08-25T13:44:32Z,algae_brown,786,0.24266666666666667
2023-08-25T13:44:32Z,algae_brown,788,0.2290000000000001
2023-08-25T13:44:32Z,algae_brown,790,0.22836000000000098
2023-08-25T13:44:32Z,algae_brown,792,0.22985000000000003
2023-08-25T13:44:32Z,algae_brown,794,0.20225714285714286
2023-08-25T13:44:32Z,algae_brown,796,0.19112857142857126
2023-08-25T13:44:32Z,algae_brown,798,0.22655714285714323
2023-08-25T13:44:32Z,algae_brown,800,0.2501142857142848
2023-08-25T13:47:48Z,algae_red,340,0.0111
2023-08-25T13:47:48Z,algae_red,342,0.008087500000000011
2023-08-25T13:47:48Z,algae_red,344,0.006252941176470592
2023-08-25T13:47:48Z,algae_red,346,0.009993749999999987
2023-08-25T13:47:48Z,algae_red,348,0.01125294117647057
2023-08-25T13:47:48Z,algae_red,350,0.0138
2023-08-25T13:47:48Z,algae_red,352,0.01114705882352943
2023-08-25T13:47:48Z,algae_red,354,0.009868749999999999
2023-08-25T13:47:48Z,algae_red,356,0.010731250000000008
2023-08-25T13:47:48Z,algae_red,358,0.009258823529411753
2023-08-25T13:47:48Z,algae_red,360,0.009449999999999997
2023-08-25T13:47:48Z,algae_red,362,0.009552941176470585
2023-08-25T13:47:48Z,algae_red,364,0.00926875
2023-08-25T13:47:48Z,algae_red,366,0.010049999999999996
2023-08-25T13:47:48Z,algae_red,368,0.0108
2023-08-25T13:47:48Z,algae_red,370,0.009049999999999994
2023-08-25T13:47:48Z,algae_red,372,0.009850000000000001
2023-08-25T13:47:48Z,algae_red,374,0.009494117647058826
2023-08-25T13:47:48Z,algae_red,376,0.009387499999999997
2023-08-25T13:47:48Z,algae_red,378,0.008605882352941182
2023-08-25T13:47:48Z,algae_red,380,0.0091
2023-08-25T13:47:48Z,algae_red,382,0.009287499999999997
2023-08-25T13:47:48Z,algae_red,384,0.008349999999999993
2023-08-25T13:47:48Z,algae_red,386,0.008111764705882353
2023-08-25T13:47:48Z,algae_red,388,0.008199999999999999
2023-08-25T13:47:48Z,algae_red,390,0.00825625
2023-08-25T13:47:48Z,algae_red,392,0.007812500000000003
2023-08-25T13:47:48Z,algae_red,394,0.0076
2023-08-25T13:47:48Z,algae_red,396,0.007825000000000004
2023-08-25T13:47:48Z,algae_red,398,0.007549999999999999
2023-08-25T13:47:48Z,algae_red,400,0.007274999999999997
2023-08-25T13:47:48Z,algae_red,402,0.0073
2023-08-25T13:47:48Z,algae_red,404,0.007129411764705886
2023-08-25T13:47:48Z,algae_red,406,0.0068125
2023-08-25T13:47:48Z,algae_red,408,0.0067
2023-08-25T13:47:48Z,algae_red,410,0.006418750000000004
2023-08-25T13:47:48Z,algae_red,412,0.006362499999999999
2023-08-25T13:47:48Z,algae_red,414,0.0062
2023-08-25T13:47:48Z,algae_red,416,0.0061312499999999995
2023-08-25T13:47:48Z,algae_red,418,0.0060999999999999995
2023-08-25T13:47:48Z,algae_red,420,0.006
2023-08-25T13:47:48Z,algae_red,422,0.006
2023-08-25T13:47:48Z,algae_red,424,0.005937500000000001
2023-08-25T13:47:48Z,algae_red,426,0.0059
2023-08-25T13:47:48Z,algae_red,428,0.0058875
2023-08-25T13:47:48Z,algae_red,430,0.005837500000000001
2023-08-25T13:47:48Z,algae_red,432,0.005962499999999999
2023-08-25T13:47:48Z,algae_red,434,0.005912499999999999
2023-08-25T13:47:48Z,algae_red,436,0.0058
2023-08-25T13:47:48Z,algae_red,438,0.005837500000000001
2023-08-25T13:47:48Z,algae_red,440,0.0059
2023-08-25T13:47:48Z,algae_red,442,0.005987500000000001
2023-08-25T13:47:48Z,algae_red,444,0.006112499999999999
2023-08-25T13:47:48Z,algae_red,446,0.006275000000000002
2023-08-25T13:47:48Z,algae_red,448,0.006524999999999999
2023-08-25T13:47:48Z,algae_red,450,0.0067750000000000015
2023-08-25T13:47:48Z,algae_red,452,0.0071249999999999985
2023-08-25T13:47:48Z,algae_red,454,0.007412500000000002
2023-08-25T13:47:48Z,algae_red,456,0.007724999999999998
2023-08-25T13:47:48Z,algae_red,458,0.007975000000000001
2023-08-25T13:47:48Z,algae_red,460,0.0082125
2023-08-25T13:47:48Z,algae_red,462,0.008375000000000002
2023-08-25T13:47:48Z,algae_red,464,0.008562499999999999
2023-08-25T13:47:48Z,algae_red,466,0.008775000000000002
2023-08-25T13:47:48Z,algae_red,468,0.008926666666666664
2023-08-25T13:47:48Z,algae_red,470,0.009187500000000001
2023-08-25T13:47:48Z,algae_red,472,0.009437500000000001
2023-08-25T13:47:48Z,algae_red,474,0.009687499999999998
2023-08-25T13:47:48Z,algae_red,476,0.00991875
2023-08-25T13:47:48Z,algae_red,478,0.01004375
2023-08-25T13:47:48Z,algae_red,480,0.0101
2023-08-25T13:47:48Z,algae_red,482,0.01
2023-08-25T13:47:48Z,algae_red,484,0.009850000000000001
2023-08-25T13:47:48Z,algae_red,486,0.009600000000000001
2023-08-25T13:47:48Z,algae_red,488,0.009349999999999999
2023-08-25T13:47:48Z,algae_red,490,0.0091
2023-08-25T13:47:48Z,algae_red,492,0.0088375
2023-08-25T13:47:48Z,algae_red,494,0.0087
2023-08-25T13:47:48Z,algae_red,496,0.00861875
2023-08-25T13:47:48Z,algae_red,498,0.008612499999999999
2023-08-25T13:47:48Z,algae_red,500,0.008775000000000002
2023-08-25T13:47:48Z,algae_red,502,0.009087499999999997
2023-08-25T13:47:48Z,algae_red,504,0.009479999999999995
2023-08-25T13:47:48Z,algae_red,506,0.009993750000000001
2023-08-25T13:47:48Z,algae_red,508,0.010662500000000002
2023-08-25T13:47:48Z,algae_red,510,0.011343750000000003
2023-08-25T13:47:48Z,algae_red,512,0.0121
2023-08-25T13:47:48Z,algae_red,514,0.012699999999999993
2023-08-25T13:47:48Z,algae_red,516,0.013159999999999991
2023-08-25T13:47:48Z,algae_red,518,0.013543750000000007
2023-08-25T13:47:48Z,algae_red,520,0.01380625
2023-08-25T13:47:48Z,algae_red,522,0.0139
2023-08-25T13:47:48Z,algae_red,524,0.0139
2023-08-25T13:47:48Z,algae_red,526,0.0139
2023-08-25T13:47:48Z,algae_red,528,0.013681250000000002
2023-08-25T13:47:48Z,algae_red,530,0.013553333333333332
2023-08-25T13:47:48Z,algae_red,532,0.013349999999999997
2023-08-25T13:47:48Z,algae_red,534,0.0131
2023-08-25T13:47:48Z,algae_red,536,0.012968750000000001
2023-08-25T13:47:48Z,algae_red,538,0.012787500000000004
2023-08-25T13:47:48Z,algae_red,540,0.012613333333333336
2023-08-25T13:47:48Z,algae_red,542,0.0125
2023-08-25T13:47:48Z,algae_red,544,0.0125
2023-08-25T13:47:48Z,algae_red,546,0.01243125
2023-08-25T13:47:48Z,algae_red,548,0.0124
2023-08-25T13:47:48Z,algae_red,550,0.012524999999999998
2023-08-25T13:47:48Z,algae_red,552,0.01265333333333333
2023-08-25T13:47:48Z,algae_red,554,0.012781250000000003
2023-08-25T13:47:48Z,algae_red,556,0.012912500000000002
2023-08-25T13:47:48Z,algae_red,558,0.013040000000000003
2023-08-25T13:47:48Z,algae_red,560,0.0131
2023-08-25T13:47:48Z,algae_red,562,0.0132
2023-08-25T13:47:48Z,algae_red,564,0.0132
2023-08-25T13:47:48Z,algae_red,566,0.0132
2023-08-25T13:47:48Z,algae_red,568,0.013286666666666665
2023-08-25T13:47:48Z,algae_red,570,0.013666666666666683
2023-08-25T13:47:48Z,algae_red,572,0.014450000000000018
2023-08-25T13:47:48Z,algae_red,574,0.015560000000000015
2023-08-25T13:47:48Z,algae_red,576,0.0171
2023-08-25T13:47:48Z,algae_red,578,0.019131249999999992
2023-08-25T13:47:48Z,algae_red,580,0.021439999999999973
2023-08-25T13:47:48Z,algae_red,582,0.023774999999999952
2023-08-25T13:47:48Z,algae_red,584,0.026239999999999947
2023-08-25T13:47:48Z,algae_red,586,0.0284
2023-08-25T13:47:48Z,algae_red,588,0.03048000000000005
2023-08-25T13:47:48Z,algae_red,590,0.03250000000000003
2023-08-25T13:47:48Z,algae_red,592,0.03442500000000001
2023-08-25T13:47:48Z,algae_red,594,0.036166666666666666
2023-08-25T13:47:48Z,algae_red,596,0.0377
2023-08-25T13:47:48Z,algae_red,598,0.03893999999999998
2023-08-25T13:47:48Z,algae_red,600,0.03993749999999998
2023-08-25T13:47:48Z,algae_red,602,0.04045999999999999
2023-08-25T13:47:48Z,algae_red,604,0.04054375
2023-08-25T13:47:48Z,algae_red,606,0.040019999999999986
2023-08-25T13:47:48Z,algae_red,608,0.03905999999999998
2023-08-25T13:47:48Z,algae_red,610,0.03772666666666665
2023-08-25T13:47:48Z,algae_red,612,0.03625999999999998
2023-08-25T13:47:48Z,algae_red,614,0.03484375
2023-08-25T13:47:48Z,algae_red,616,0.0335
2023-08-25T13:47:48Z,algae_red,618,0.03233333333333333
2023-08-25T13:47:48Z,algae_red,620,0.03148750000000001
2023-08-25T13:47:48Z,algae_red,622,0.03092666666666667
2023-08-25T13:47:48Z,algae_red,624,0.030675
2023-08-25T13:47:48Z,algae_red,626,0.030600000000000002
2023-08-25T13:47:48Z,algae_red,628,0.030859999999999988
2023-08-25T13:47:48Z,algae_red,630,0.031275
2023-08-25T13:47:48Z,algae_red,632,0.03178666666666668
2023-08-25T13:47:48Z,algae_red,634,0.032480000000000016
2023-08-25T13:47:48Z,algae_red,636,0.03352000000000003
2023-08-25T13:47:48Z,algae_red,638,0.034737500000000025
2023-08-25T13:47:48Z,algae_red,640,0.03610666666666668
2023-08-25T13:47:48Z,algae_red,642,0.03756666666666668
2023-08-25T13:47:48Z,algae_red,644,0.03886000000000001
2023-08-25T13:47:48Z,algae_red,646,0.040018750000000006
2023-08-25T13:47:48Z,algae_red,648,0.0409
2023-08-25T13:47:48Z,algae_red,650,0.04123333333333333
2023-08-25T13:47:48Z,algae_red,652,0.040900000000000006
2023-08-25T13:47:48Z,algae_red,654,0.04
2023-08-25T13:47:48Z,algae_red,656,0.039099999999999996
2023-08-25T13:47:48Z,algae_red,658,0.03737500000000001
2023-08-25T13:47:48Z,algae_red,660,0.0346466666666667
2023-08-25T13:47:48Z,algae_red,662,0.03156000000000004
2023-08-25T13:47:48Z,algae_red,664,0.02854000000000003
2023-08-25T13:47:48Z,algae_red,666,0.02583333333333336
2023-08-25T13:47:48Z,algae_red,668,0.02378000000000002
2023-08-25T13:47:48Z,algae_red,670,0.02242000000000001
2023-08-25T13:47:48Z,algae_red,672,0.02163333333333334
2023-08-25T13:47:48Z,algae_red,674,0.021473333333333334
2023-08-25T13:47:48Z,algae_red,676,0.021519999999999997
2023-08-25T13:47:48Z,algae_red,678,0.022066666666666658
2023-08-25T13:47:48Z,algae_red,680,0.022913333333333324
2023-08-25T13:47:48Z,algae_red,682,0.02427999999999998
2023-08-25T13:47:48Z,algae_red,684,0.026106666666666646
2023-08-25T13:47:48Z,algae_red,686,0.02867333333333329
2023-08-25T13:47:48Z,algae_red,688,0.03241999999999996
2023-08-25T13:47:48Z,algae_red,690,0.035739999999999966
2023-08-25T13:47:48Z,algae_red,692,0.03961333333333327
2023-08-25T13:47:48Z,algae_red,694,0.045459999999999924
2023-08-25T13:47:48Z,algae_red,696,0.05309999999999991
2023-08-25T13:47:48Z,algae_red,698,0.06379333333333317
2023-08-25T13:47:48Z,algae_red,700,0.07893999999999982
2023-08-25T13:47:48Z,algae_red,702,0.09837999999999976
2023-08-25T13:47:48Z,algae_red,704,0.12416666666666668
2023-08-25T13:47:48Z,algae_red,706,0.15403333333333333
2023-08-25T13:47:48Z,algae_red,708,0.1893
2023-08-25T13:47:48Z,algae_red,710,0.23366666666666666
2023-08-25T13:47:48Z,algae_red,712,0.28746666666666665
2023-08-25T13:47:48Z,algae_red,714,0.3567466666666676
2023-08-25T13:47:48Z,algae_red,716,0.4464800000000011
2023-08-25T13:47:48Z,algae_red,718,0.5544533333333346
2023-08-25T13:47:48Z,algae_red,720,0.6809000000000015
2023-08-25T13:47:48Z,algae_red,722,0.7939866666666688
2023-08-25T13:47:48Z,algae_red,724,0.884600000000002
2023-08-25T13:47:48Z,algae_red,726,0.9315714285714299
2023-08-25T13:47:48Z,algae_red,728,0.9824533333333333
2023-08-25T13:47:48Z,algae_red,730,0.975826666666667
2023-08-25T13:47:48Z,algae_red,732,1.03357142857143
2023-08-25T13:47:48Z,algae_red,734,0.9876400000000002
2023-08-25T13:47:48Z,algae_red,736,0.9861733333333333
2023-08-25T13:47:48Z,algae_red,738,0.9195666666666666
2023-08-25T13:47:48Z,algae_red,740,0.8665
2023-08-25T13:47:48Z,algae_red,742,0.9065000000000001
2023-08-25T13:47:48Z,algae_red,744,0.86502
2023-08-25T13:47:48Z,algae_red,746,0.8760928571428576
2023-08-25T13:47:48Z,algae_red,748,0.7918666666666657
2023-08-25T13:47:48Z,algae_red,750,0.76425
2023-08-25T13:47:48Z,algae_red,752,0.7992933333333321
2023-08-25T13:47:48Z,algae_red,754,0.7719928571428569
2023-08-25T13:47:48Z,algae_red,756,0.7212200000000015
2023-08-25T13:47:48Z,algae_red,758,0.6953
2023-08-25T13:47:48Z,algae_red,760,0.6306785714285712
2023-08-25T13:47:48Z,algae_red,762,0.5827199999999995
2023-08-25T13:47:48Z,algae_red,764,0.5830800000000007
2023-08-25T13:47:48Z,algae_red,766,0.5855066666666655
2023-08-25T13:47:48Z,algae_red,768,0.5284571428571438
2023-08-25T13:47:48Z,algae_red,770,0.5105785714285734
2023-08-25T13:47:48Z,algae_red,772,0.4596928571428571
2023-08-25T13:47:48Z,algae_red,774,0.44329999999999997
2023-08-25T13:47:48Z,algae_red,776,0.38894000000000006
2023-08-25T13:47:48Z,algae_red,778,0.4037642857142862
2023-08-25T13:47:48Z,algae_red,780,0.38455714285714226
2023-08-25T13:47:48Z,algae_red,782,0.3491533333333341
2023-08-25T13:47:48Z,algae_red,784,0.319564285714286
2023-08-25T13:47:48Z,algae_red,786,0.30906666666666666
2023-08-25T13:47:48Z,algae_red,788,0.3139999999999997
2023-08-25T13:47:48Z,algae_red,790,0.2832666666666658
2023-08-25T13:47:48Z,algae_red,792,0.266
2023-08-25T13:47:48Z,algae_red,794,0.2794999999999999
2023-08-25T13:47:48Z,algae_red,796,0.28668571428571465
2023-08-25T13:47:48Z,algae_red,798,0.25332857142857124
2023-08-25T13:47:48Z,algae_red,800,0.24778571428571403
2023-08-25T13:50:30Z,algae_brown_membranipora,340,0.06942352941176468
2023-08-25T13:50:30Z,algae_brown_membranipora,342,0.06779999999999999
2023-08-25T13:50:30Z,algae_brown_membranipora,344,0.0713
2023-08-25T13:50:30Z,algae_brown_membranipora,346,0.06916250000000002
2023-08-25T13:50:30Z,algae_brown_membranipora,348,0.07124705882352947
2023-08-25T13:50:30Z,algae_brown_membranipora,350,0.0723
2023-08-25T13:50:30Z,algae_brown_membranipora,352,0.07311764705882354
2023-08-25T13:50:30Z,algae_brown_membranipora,354,0.0712375
2023-08-25T13:50:30Z,algae_brown_membranipora,356,0.0693125
2023-08-25T13:50:30Z,algae_brown_membranipora,358,0.069
2023-08-25T13:50:30Z,algae_brown_membranipora,360,0.06966250000000002
2023-08-25T13:50:30Z,algae_brown_membranipora,362,0.06793529411764707
2023-08-25T13:50:30Z,algae_brown_membranipora,364,0.06825624999999999
2023-08-25T13:50:30Z,algae_brown_membranipora,366,0.0671125
2023-08-25T13:50:30Z,algae_brown_membranipora,368,0.0672
2023-08-25T13:50:30Z,algae_brown_membranipora,370,0.067425
2023-08-25T13:50:30Z,algae_brown_membranipora,372,0.06785
2023-08-25T13:50:30Z,algae_brown_membranipora,374,0.06749411764705882
2023-08-25T13:50:30Z,algae_brown_membranipora,376,0.06785624999999999
2023-08-25T13:50:30Z,algae_brown_membranipora,378,0.06593529411764704
2023-08-25T13:50:30Z,algae_brown_membranipora,380,0.0651125
2023-08-25T13:50:30Z,algae_brown_membranipora,382,0.06530000000000001
2023-08-25T13:50:30Z,algae_brown_membranipora,384,0.065175
2023-08-25T13:50:30Z,algae_brown_membranipora,386,0.06494117647058824
2023-08-25T13:50:30Z,algae_brown_membranipora,388,0.06418750000000001
2023-08-25T13:50:30Z,algae_brown_membranipora,390,0.0636125
2023-08-25T13:50:30Z,algae_brown_membranipora,392,0.06394375000000001
2023-08-25T13:50:30Z,algae_brown_membranipora,394,0.0633
2023-08-25T13:50:30Z,algae_brown_membranipora,396,0.062975
2023-08-25T13:50:30Z,algae_brown_membranipora,398,0.062299999999999994
2023-08-25T13:50:30Z,algae_brown_membranipora,400,0.06117499999999999
2023-08-25T13:50:30Z,algae_brown_membranipora,402,0.060599999999999994
2023-08-25T13:50:30Z,algae_brown_membranipora,404,0.06004117647058825
2023-08-25T13:50:30Z,algae_brown_membranipora,406,0.059025
2023-08-25T13:50:30Z,algae_brown_membranipora,408,0.058525
2023-08-25T13:50:30Z,algae_brown_membranipora,410,0.057837500000000014
2023-08-25T13:50:30Z,algae_brown_membranipora,412,0.057506249999999995
2023-08-25T13:50:30Z,algae_brown_membranipora,414,0.05688125
2023-08-25T13:50:30Z,algae_brown_membranipora,416,0.0564625
2023-08-25T13:50:30Z,algae_brown_membranipora,418,0.056311764705882346
2023-08-25T13:50:30Z,algae_brown_membranipora,420,0.05607500000000001
2023-08-25T13:50:30Z,algae_brown_membranipora,422,0.0557875
2023-08-25T13:50:30Z,algae_brown_membranipora,424,0.055537500000000004
2023-08-25T13:50:30Z,algae_brown_membranipora,426,0.055325
2023-08-25T13:50:30Z,algae_brown_membranipora,428,0.055099999999999996
2023-08-25T13:50:30Z,algae_brown_membranipora,430,0.055175
2023-08-25T13:50:30Z,algae_brown_membranipora,432,0.055425
2023-08-25T13:50:30Z,algae_brown_membranipora,434,0.055675
2023-08-25T13:50:30Z,algae_brown_membranipora,436,0.0559
2023-08-25T13:50:30Z,algae_brown_membranipora,438,0.0559375
2023-08-25T13:50:30Z,algae_brown_membranipora,440,0.056187499999999994
2023-08-25T13:50:30Z,algae_brown_membranipora,442,0.056475000000000004
2023-08-25T13:50:30Z,algae_brown_membranipora,444,0.056725
2023-08-25T13:50:30Z,algae_brown_membranipora,446,0.056975000000000005
2023-08-25T13:50:30Z,algae_brown_membranipora,448,0.0572875
2023-08-25T13:50:30Z,algae_brown_membranipora,450,0.057487500000000004
2023-08-25T13:50:30Z,algae_brown_membranipora,452,0.0576125
2023-08-25T13:50:30Z,algae_brown_membranipora,454,0.0577375
2023-08-25T13:50:30Z,algae_brown_membranipora,456,0.0578625
2023-08-25T13:50:30Z,algae_brown_membranipora,458,0.0579875
2023-08-25T13:50:30Z,algae_brown_membranipora,460,0.058012499999999995
2023-08-25T13:50:30Z,algae_brown_membranipora,462,0.0581375
2023-08-25T13:50:30Z,algae_brown_membranipora,464,0.0582
2023-08-25T13:50:30Z,algae_brown_membranipora,466,0.058375
2023-08-25T13:50:30Z,algae_brown_membranipora,468,0.058539999999999995
2023-08-25T13:50:30Z,algae_brown_membranipora,470,0.05893125
2023-08-25T13:50:30Z,algae_brown_membranipora,472,0.059306250000000005
2023-08-25T13:50:30Z,algae_brown_membranipora,474,0.05968124999999999
2023-08-25T13:50:30Z,algae_brown_membranipora,476,0.06005625
2023-08-25T13:50:30Z,algae_brown_membranipora,478,0.06043125
2023-08-25T13:50:30Z,algae_brown_membranipora,480,0.06080625
2023-08-25T13:50:30Z,algae_brown_membranipora,482,0.061
2023-08-25T13:50:30Z,algae_brown_membranipora,484,0.0611
2023-08-25T13:50:30Z,algae_brown_membranipora,486,0.0611
2023-08-25T13:50:30Z,algae_brown_membranipora,488,0.061325
2023-08-25T13:50:30Z,algae_brown_membranipora,490,0.061500000000000006
2023-08-25T13:50:30Z,algae_brown_membranipora,492,0.061500000000000006
2023-08-25T13:50:30Z,algae_brown_membranipora,494,0.06155625000000001
2023-08-25T13:50:30Z,algae_brown_membranipora,496,0.0616
2023-08-25T13:50:30Z,algae_brown_membranipora,498,0.061712499999999997
2023-08-25T13:50:30Z,algae_brown_membranipora,500,0.061875
2023-08-25T13:50:30Z,algae_brown_membranipora,502,0.0621875
2023-08-25T13:50:30Z,algae_brown_membranipora,504,0.06258
2023-08-25T13:50:30Z,algae_brown_membranipora,506,0.06305625
2023-08-25T13:50:30Z,algae_brown_membranipora,508,0.06343125
2023-08-25T13:50:30Z,algae_brown_membranipora,510,0.063875
2023-08-25T13:50:30Z,algae_brown_membranipora,512,0.0643
2023-08-25T13:50:30Z,algae_brown_membranipora,514,0.06479999999999998
2023-08-25T13:50:30Z,algae_brown_membranipora,516,0.06525999999999998
2023-08-25T13:50:30Z,algae_brown_membranipora,518,0.06580625000000001
2023-08-25T13:50:30Z,algae_brown_membranipora,520,0.06652500000000001
2023-08-25T13:50:30Z,algae_brown_membranipora,522,0.06706666666666666
2023-08-25T13:50:30Z,algae_brown_membranipora,524,0.067775
2023-08-25T13:50:30Z,algae_brown_membranipora,526,0.06835
2023-08-25T13:50:30Z,algae_brown_membranipora,528,0.06903124999999999
2023-08-25T13:50:30Z,algae_brown_membranipora,530,0.06988000000000001
2023-08-25T13:50:30Z,algae_brown_membranipora,532,0.07057500000000001
2023-08-25T13:50:30Z,algae_brown_membranipora,534,0.0713
2023-08-25T13:50:30Z,algae_brown_membranipora,536,0.0720875
2023-08-25T13:50:30Z,algae_brown_membranipora,538,0.07283749999999999
2023-08-25T13:50:30Z,algae_brown_membranipora,540,0.07370666666666664
2023-08-25T13:50:30Z,algae_brown_membranipora,542,0.07472000000000002
2023-08-25T13:50:30Z,algae_brown_membranipora,544,0.07589375000000002
2023-08-25T13:50:30Z,algae_brown_membranipora,546,0.07701875000000001
2023-08-25T13:50:30Z,algae_brown_membranipora,548,0.0782
2023-08-25T13:50:30Z,algae_brown_membranipora,550,0.07969999999999998
2023-08-25T13:50:30Z,algae_brown_membranipora,552,0.0812933333333333
2023-08-25T13:50:30Z,algae_brown_membranipora,554,0.08311875000000003
2023-08-25T13:50:30Z,algae_brown_membranipora,556,0.08508750000000004
2023-08-25T13:50:30Z,algae_brown_membranipora,558,0.08708000000000003
2023-08-25T13:50:30Z,algae_brown_membranipora,560,0.08940625
2023-08-25T13:50:30Z,algae_brown_membranipora,562,0.092
2023-08-25T13:50:30Z,algae_brown_membranipora,564,0.0945333333333333
2023-08-25T13:50:30Z,algae_brown_membranipora,566,0.09712499999999996
2023-08-25T13:50:30Z,algae_brown_membranipora,568,0.09955999999999994
2023-08-25T13:50:30Z,algae_brown_membranipora,570,0.10170000000000005
2023-08-25T13:50:30Z,algae_brown_membranipora,572,0.10356875000000003
2023-08-25T13:50:30Z,algae_brown_membranipora,574,0.10503333333333334
2023-08-25T13:50:30Z,algae_brown_membranipora,576,0.106
2023-08-25T13:50:30Z,algae_brown_membranipora,578,0.106725
2023-08-25T13:50:30Z,algae_brown_membranipora,580,0.10711999999999999
2023-08-25T13:50:30Z,algae_brown_membranipora,582,0.10737499999999998
2023-08-25T13:50:30Z,algae_brown_membranipora,584,0.1074
2023-08-25T13:50:30Z,algae_brown_membranipora,586,0.1074
2023-08-25T13:50:30Z,algae_brown_membranipora,588,0.10748
2023-08-25T13:50:30Z,algae_brown_membranipora,590,0.10786000000000001
2023-08-25T13:50:30Z,algae_brown_membranipora,592,0.10915000000000001
2023-08-25T13:50:30Z,algae_brown_membranipora,594,0.11069999999999999
2023-08-25T13:50:30Z,algae_brown_membranipora,596,0.1124
2023-08-25T13:50:30Z,algae_brown_membranipora,598,0.11396666666666665
2023-08-25T13:50:30Z,algae_brown_membranipora,600,0.11520624999999998
2023-08-25T13:50:30Z,algae_brown_membranipora,602,0.11594666666666664
2023-08-25T13:50:30Z,algae_brown_membranipora,604,0.11600625
2023-08-25T13:50:30Z,algae_brown_membranipora,606,0.1149933333333333
2023-08-25T13:50:30Z,algae_brown_membranipora,608,0.11293999999999994
2023-08-25T13:50:30Z,algae_brown_membranipora,610,0.1104533333333333
2023-08-25T13:50:30Z,algae_brown_membranipora,612,0.10747999999999996
2023-08-25T13:50:30Z,algae_brown_membranipora,614,0.10465624999999999
2023-08-25T13:50:30Z,algae_brown_membranipora,616,0.102
2023-08-25T13:50:30Z,algae_brown_membranipora,618,0.09973333333333334
2023-08-25T13:50:30Z,algae_brown_membranipora,620,0.09817500000000001
2023-08-25T13:50:30Z,algae_brown_membranipora,622,0.09696000000000002
2023-08-25T13:50:30Z,algae_brown_membranipora,624,0.095975
2023-08-25T13:50:30Z,algae_brown_membranipora,626,0.09533333333333335
2023-08-25T13:50:30Z,algae_brown_membranipora,628,0.09458000000000001
2023-08-25T13:50:30Z,algae_brown_membranipora,630,0.09386875000000001
2023-08-25T13:50:30Z,algae_brown_membranipora,632,0.09297333333333331
2023-08-25T13:50:30Z,algae_brown_membranipora,634,0.09211999999999998
2023-08-25T13:50:30Z,algae_brown_membranipora,636,0.09171333333333334
2023-08-25T13:50:30Z,algae_brown_membranipora,638,0.09201875000000001
2023-08-25T13:50:30Z,algae_brown_membranipora,640,0.09303333333333334
2023-08-25T13:50:30Z,algae_brown_membranipora,642,0.09460666666666667
2023-08-25T13:50:30Z,algae_brown_membranipora,644,0.09654000000000001
2023-08-25T13:50:30Z,algae_brown_membranipora,646,0.09768125
2023-08-25T13:50:30Z,algae_brown_membranipora,648,0.09849999999999999
2023-08-25T13:50:30Z,algae_brown_membranipora,650,0.0981
2023-08-25T13:50:30Z,algae_brown_membranipora,652,0.09630000000000001
2023-08-25T13:50:30Z,algae_brown_membranipora,654,0.09300000000000001
2023-08-25T13:50:30Z,algae_brown_membranipora,656,0.0886
2023-08-25T13:50:30Z,algae_brown_membranipora,658,0.08337500000000003
2023-08-25T13:50:30Z,algae_brown_membranipora,660,0.0782533333333334
2023-08-25T13:50:30Z,algae_brown_membranipora,662,0.0735733333333334
2023-08-25T13:50:30Z,algae_brown_membranipora,664,0.06986000000000003
2023-08-25T13:50:30Z,algae_brown_membranipora,666,0.06722000000000002
2023-08-25T13:50:30Z,algae_brown_membranipora,668,0.06606666666666668
2023-08-25T13:50:30Z,algae_brown_membranipora,670,0.06588
2023-08-25T13:50:30Z,algae_brown_membranipora,672,0.06665333333333331
2023-08-25T13:50:30Z,algae_brown_membranipora,674,0.06850666666666665
2023-08-25T13:50:30Z,algae_brown_membranipora,676,0.07115999999999997
2023-08-25T13:50:30Z,algae_brown_membranipora,678,0.07414666666666662
2023-08-25T13:50:30Z,algae_brown_membranipora,680,0.07729999999999995
2023-08-25T13:50:30Z,algae_brown_membranipora,682,0.08129999999999996
2023-08-25T13:50:30Z,algae_brown_membranipora,684,0.08585999999999994
2023-08-25T13:50:30Z,algae_brown_membranipora,686,0.09281333333333323
2023-08-25T13:50:30Z,algae_brown_membranipora,688,0.10277999999999987
2023-08-25T13:50:30Z,algae_brown_membranipora,690,0.11449999999999985
2023-08-25T13:50:30Z,algae_brown_membranipora,692,0.1287666666666665
2023-08-25T13:50:30Z,algae_brown_membranipora,694,0.14631999999999978
2023-08-25T13:50:30Z,algae_brown_membranipora,696,0.1681733333333331
2023-08-25T13:50:30Z,algae_brown_membranipora,698,0.19259333333333303
2023-08-25T13:50:30Z,algae_brown_membranipora,700,0.21835999999999972
2023-08-25T13:50:30Z,algae_brown_membranipora,702,0.24430666666666637
2023-08-25T13:50:30Z,algae_brown_membranipora,704,0.27140000000000003
2023-08-25T13:50:30Z,algae_brown_membranipora,706,0.29633333333333334
2023-08-25T13:50:30Z,algae_brown_membranipora,708,0.32049999999999995
2023-08-25T13:50:30Z,algae_brown_membranipora,710,0.3429
2023-08-25T13:50:30Z,algae_brown_membranipora,712,0.3643
2023-08-25T13:50:30Z,algae_brown_membranipora,714,0.3901133333333337
2023-08-25T13:50:30Z,algae_brown_membranipora,716,0.4255000000000003
2023-08-25T13:50:30Z,algae_brown_membranipora,718,0.46484666666666713
2023-08-25T13:50:30Z,algae_brown_membranipora,720,0.51277857142857175
2023-08-25T13:50:30Z,algae_brown_membranipora,722,0.5478266666666678
2023-08-25T13:50:30Z,algae_brown_membranipora,724,0.5977200000000013
2023-08-25T13:50:30Z,algae_brown_membranipora,726,0.6475428571428582
2023-08-25T13:50:30Z,algae_brown_membranipora,728,0.6958799999999994
2023-08-25T13:50:30Z,algae_brown_membranipora,730,0.6866800000000006
2023-08-25T13:50:30Z,algae_brown_membranipora,732,0.7154642857142844
2023-08-25T13:50:30Z,algae_brown_membranipora,734,0.7318200000000005
2023-08-25T13:50:30Z,algae_brown_membranipora,736,0.6953000000000004
2023-08-25T13:50:30Z,algae_brown_membranipora,738,0.7021999999999999
2023-08-25T13:50:30Z,algae_brown_membranipora,740,0.6886666666666666
2023-08-25T13:50:30Z,algae_brown_membranipora,742,0.6926000000000001
2023-08-25T13:50:30Z,algae_brown_membranipora,744,0.6660999999999996
2023-08-25T13:50:30Z,algae_brown_membranipora,746,0.6583785714285718
2023-08-25T13:50:30Z,algae_brown_membranipora,748,0.6226933333333334
2023-08-25T13:50:30Z,algae_brown_membranipora,750,0.6236
2023-08-25T13:50:30Z,algae_brown_membranipora,752,0.6061333333333339
2023-08-25T13:50:30Z,algae_brown_membranipora,754,0.608007142857144
2023-08-25T13:50:30Z,algae_brown_membranipora,756,0.5619000000000004
2023-08-25T13:50:30Z,algae_brown_membranipora,758,0.5133
2023-08-25T13:50:30Z,algae_brown_membranipora,760,0.4992857142857141
2023-08-25T13:50:30Z,algae_brown_membranipora,762,0.4433333333333326
2023-08-25T13:50:30Z,algae_brown_membranipora,764,0.4340266666666674
2023-08-25T13:50:30Z,algae_brown_membranipora,766,0.41855333333333095
2023-08-25T13:50:30Z,algae_brown_membranipora,768,0.38384285714285693
2023-08-25T13:50:30Z,algae_brown_membranipora,770,0.356685714285715
2023-08-25T13:50:30Z,algae_brown_membranipora,772,0.3417071428571428
2023-08-25T13:50:30Z,algae_brown_membranipora,774,0.3055
2023-08-25T13:50:30Z,algae_brown_membranipora,776,0.3003799999999998
2023-08-25T13:50:30Z,algae_brown_membranipora,778,0.28272142857142823
2023-08-25T13:50:30Z,algae_brown_membranipora,780,0.2561428571428574
2023-08-25T13:50:30Z,algae_brown_membranipora,782,0.2585333333333338
2023-08-25T13:50:30Z,algae_brown_membranipora,784,0.252
2023-08-25T13:50:30Z,algae_brown_membranipora,786,0.26133333333333336
2023-08-25T13:50:30Z,algae_brown_membranipora,788,0.252
2023-08-25T13:50:30Z,algae_brown_membranipora,790,0.2447533333333324
2023-08-25T13:50:30Z,algae_brown_membranipora,792,0.22555
2023-08-25T13:50:30Z,algae_brown_membranipora,794,0.19002857142857224
2023-08-25T13:50:30Z,algae_brown_membranipora,796,0.21334285714285733
2023-08-25T13:50:30Z,algae_brown_membranipora,798,0.21334285714285733
2023-08-25T13:50:30Z,algae_brown_membranipora,800,0.21849285714285732
2023-08-25T13:52:33Z,algae_brown,340,0.010911764705882362
2023-08-25T13:52:33Z,algae_brown,342,0.010400000000000015
2023-08-25T13:52:33Z,algae_brown,344,0.008552941176470598
2023-08-25T13:52:33Z,algae_brown,346,0.007656250000000011
2023-08-25T13:52:33Z,algae_brown,348,0.008735294117647108
2023-08-25T13:52:33Z,algae_brown,350,0.008100000000000001
2023-08-25T13:52:33Z,algae_brown,352,0.009717647058823503
2023-08-25T13:52:33Z,algae_brown,354,0.011224999999999999
2023-08-25T13:52:33Z,algae_brown,356,0.008318749999999982
2023-08-25T13:52:33Z,algae_brown,358,0.004894117647058809
2023-08-25T13:52:33Z,algae_brown,360,0.006425000000000006
2023-08-25T13:52:33Z,algae_brown,362,0.006117647058823539
2023-08-25T13:52:33Z,algae_brown,364,0.008587499999999998
2023-08-25T13:52:33Z,algae_brown,366,0.010012499999999995
2023-08-25T13:52:33Z,algae_brown,368,0.0088
2023-08-25T13:52:33Z,algae_brown,370,0.007224999999999986
2023-08-25T13:52:33Z,algae_brown,372,0.00835
2023-08-25T13:52:33Z,algae_brown,374,0.008341176470588234
2023-08-25T13:52:33Z,algae_brown,376,0.007275000000000016
2023-08-25T13:52:33Z,algae_brown,378,0.006999999999999999
2023-08-25T13:52:33Z,algae_brown,380,0.007412500000000009
2023-08-25T13:52:33Z,algae_brown,382,0.0071625000000000135
2023-08-25T13:52:33Z,algae_brown,384,0.007125000000000003
2023-08-25T13:52:33Z,algae_brown,386,0.007229411764705886
2023-08-25T13:52:33Z,algae_brown,388,0.0067
2023-08-25T13:52:33Z,algae_brown,390,0.006475000000000001
2023-08-25T13:52:33Z,algae_brown,392,0.007193749999999995
2023-08-25T13:52:33Z,algae_brown,394,0.006999999999999999
2023-08-25T13:52:33Z,algae_brown,396,0.0065750000000000045
2023-08-25T13:52:33Z,algae_brown,398,0.0062
2023-08-25T13:52:33Z,algae_brown,400,0.0065750000000000045
2023-08-25T13:52:33Z,algae_brown,402,0.0069
2023-08-25T13:52:33Z,algae_brown,404,0.006476470588235296
2023-08-25T13:52:33Z,algae_brown,406,0.006531250000000001
2023-08-25T13:52:33Z,algae_brown,408,0.006493749999999999
2023-08-25T13:52:33Z,algae_brown,410,0.0061187500000000035
2023-08-25T13:52:33Z,algae_brown,412,0.0060624999999999984
2023-08-25T13:52:33Z,algae_brown,414,0.00594375
2023-08-25T13:52:33Z,algae_brown,416,0.00606875
2023-08-25T13:52:33Z,algae_brown,418,0.0060999999999999995
2023-08-25T13:52:33Z,algae_brown,420,0.0059
2023-08-25T13:52:33Z,algae_brown,422,0.0059
2023-08-25T13:52:33Z,algae_brown,424,0.0059
2023-08-25T13:52:33Z,algae_brown,426,0.005812499999999999
2023-08-25T13:52:33Z,algae_brown,428,0.0056875
2023-08-25T13:52:33Z,algae_brown,430,0.005637500000000001
2023-08-25T13:52:33Z,algae_brown,432,0.005699999999999999
2023-08-25T13:52:33Z,algae_brown,434,0.005699999999999999
2023-08-25T13:52:33Z,algae_brown,436,0.005699999999999999
2023-08-25T13:52:33Z,algae_brown,438,0.005699999999999999
2023-08-25T13:52:33Z,algae_brown,440,0.005699999999999999
2023-08-25T13:52:33Z,algae_brown,442,0.005699999999999999
2023-08-25T13:52:33Z,algae_brown,444,0.005699999999999999
2023-08-25T13:52:33Z,algae_brown,446,0.005699999999999999
2023-08-25T13:52:33Z,algae_brown,448,0.005699999999999999
2023-08-25T13:52:33Z,algae_brown,450,0.005699999999999999
2023-08-25T13:52:33Z,algae_brown,452,0.0058
2023-08-25T13:52:33Z,algae_brown,454,0.0058
2023-08-25T13:52:33Z,algae_brown,456,0.0058
2023-08-25T13:52:33Z,algae_brown,458,0.0058
2023-08-25T13:52:33Z,algae_brown,460,0.0058
2023-08-25T13:52:33Z,algae_brown,462,0.0058
2023-08-25T13:52:33Z,algae_brown,464,0.0058
2023-08-25T13:52:33Z,algae_brown,466,0.0058875
2023-08-25T13:52:33Z,algae_brown,468,0.0059
2023-08-25T13:52:33Z,algae_brown,470,0.00594375
2023-08-25T13:52:33Z,algae_brown,472,0.006
2023-08-25T13:52:33Z,algae_brown,474,0.0060937499999999985
2023-08-25T13:52:33Z,algae_brown,476,0.00611875
2023-08-25T13:52:33Z,algae_brown,478,0.0062
2023-08-25T13:52:33Z,algae_brown,480,0.00626875
2023-08-25T13:52:33Z,algae_brown,482,0.0063
2023-08-25T13:52:33Z,algae_brown,484,0.0064
2023-08-25T13:52:33Z,algae_brown,486,0.0064
2023-08-25T13:52:33Z,algae_brown,488,0.0064
2023-08-25T13:52:33Z,algae_brown,490,0.006500000000000001
2023-08-25T13:52:33Z,algae_brown,492,0.0064
2023-08-25T13:52:33Z,algae_brown,494,0.0064
2023-08-25T13:52:33Z,algae_brown,496,0.0064
2023-08-25T13:52:33Z,algae_brown,498,0.006500000000000001
2023-08-25T13:52:33Z,algae_brown,500,0.006500000000000001
2023-08-25T13:52:33Z,algae_brown,502,0.006500000000000001
2023-08-25T13:52:33Z,algae_brown,504,0.006593333333333332
2023-08-25T13:52:33Z,algae_brown,506,0.0066187500000000005
2023-08-25T13:52:33Z,algae_brown,508,0.0067
2023-08-25T13:52:33Z,algae_brown,510,0.0067687500000000005
2023-08-25T13:52:33Z,algae_brown,512,0.0068000000000000005
2023-08-25T13:52:33Z,algae_brown,514,0.006924999999999998
2023-08-25T13:52:33Z,algae_brown,516,0.006999999999999999
2023-08-25T13:52:33Z,algae_brown,518,0.007081250000000002
2023-08-25T13:52:33Z,algae_brown,520,0.007206250000000001
2023-08-25T13:52:33Z,algae_brown,522,0.0073
2023-08-25T13:52:33Z,algae_brown,524,0.007362499999999999
2023-08-25T13:52:33Z,algae_brown,526,0.007487499999999997
2023-08-25T13:52:33Z,algae_brown,528,0.007518749999999998
2023-08-25T13:52:33Z,algae_brown,530,0.00764666666666667
2023-08-25T13:52:33Z,algae_brown,532,0.007775000000000002
2023-08-25T13:52:33Z,algae_brown,534,0.0079
2023-08-25T13:52:33Z,algae_brown,536,0.008062499999999998
2023-08-25T13:52:33Z,algae_brown,538,0.008256249999999998
2023-08-25T13:52:33Z,algae_brown,540,0.008386666666666664
2023-08-25T13:52:33Z,algae_brown,542,0.008626666666666673
2023-08-25T13:52:33Z,algae_brown,544,0.008887500000000005
2023-08-25T13:52:33Z,algae_brown,546,0.009137500000000002
2023-08-25T13:52:33Z,algae_brown,548,0.0095
2023-08-25T13:52:33Z,algae_brown,550,0.009874999999999995
2023-08-25T13:52:33Z,algae_brown,552,0.010313333333333322
2023-08-25T13:52:33Z,algae_brown,554,0.01090625000000001
2023-08-25T13:52:33Z,algae_brown,556,0.011562500000000014
2023-08-25T13:52:33Z,algae_brown,558,0.01224000000000001
2023-08-25T13:52:33Z,algae_brown,560,0.013081250000000004
2023-08-25T13:52:33Z,algae_brown,562,0.013999999999999999
2023-08-25T13:52:33Z,algae_brown,564,0.015013333333333321
2023-08-25T13:52:33Z,algae_brown,566,0.01604999999999998
2023-08-25T13:52:33Z,algae_brown,568,0.017093333333333308
2023-08-25T13:52:33Z,algae_brown,570,0.017993333333333354
2023-08-25T13:52:33Z,algae_brown,572,0.018862500000000015
2023-08-25T13:52:33Z,algae_brown,574,0.019566666666666673
2023-08-25T13:52:33Z,algae_brown,576,0.0202
2023-08-25T13:52:33Z,algae_brown,578,0.020693749999999997
2023-08-25T13:52:33Z,algae_brown,580,0.021019999999999994
2023-08-25T13:52:33Z,algae_brown,582,0.021099999999999997
2023-08-25T13:52:33Z,algae_brown,584,0.0212
2023-08-25T13:52:33Z,algae_brown,586,0.021249999999999998
2023-08-25T13:52:33Z,algae_brown,588,0.021380000000000003
2023-08-25T13:52:33Z,algae_brown,590,0.021620000000000007
2023-08-25T13:52:33Z,algae_brown,592,0.022050000000000004
2023-08-25T13:52:33Z,algae_brown,594,0.0227
2023-08-25T13:52:33Z,algae_brown,596,0.0236
2023-08-25T13:52:33Z,algae_brown,598,0.024586666666666653
2023-08-25T13:52:33Z,algae_brown,600,0.025437499999999984
2023-08-25T13:52:33Z,algae_brown,602,0.025959999999999993
2023-08-25T13:52:33Z,algae_brown,604,0.025825000000000008
2023-08-25T13:52:33Z,algae_brown,606,0.02517333333333331
2023-08-25T13:52:33Z,algae_brown,608,0.024079999999999973
2023-08-25T13:52:33Z,algae_brown,610,0.02272666666666665
2023-08-25T13:52:33Z,algae_brown,612,0.021299999999999986
2023-08-25T13:52:33Z,algae_brown,614,0.020012499999999996
2023-08-25T13:52:33Z,algae_brown,616,0.0189
2023-08-25T13:52:33Z,algae_brown,618,0.0178
2023-08-25T13:52:33Z,algae_brown,620,0.017087500000000002
2023-08-25T13:52:33Z,algae_brown,622,0.016713333333333337
2023-08-25T13:52:33Z,algae_brown,624,0.016350000000000003
2023-08-25T13:52:33Z,algae_brown,626,0.01609333333333334
2023-08-25T13:52:33Z,algae_brown,628,0.01591333333333334
2023-08-25T13:52:33Z,algae_brown,630,0.015662500000000006
2023-08-25T13:52:33Z,algae_brown,632,0.01535999999999999
2023-08-25T13:52:33Z,algae_brown,634,0.015039999999999994
2023-08-25T13:52:33Z,algae_brown,636,0.0147
2023-08-25T13:52:33Z,algae_brown,638,0.014743750000000002
2023-08-25T13:52:33Z,algae_brown,640,0.014946666666666669
2023-08-25T13:52:33Z,algae_brown,642,0.01564000000000001
2023-08-25T13:52:33Z,algae_brown,644,0.01644000000000001
2023-08-25T13:52:33Z,algae_brown,646,0.017143750000000003
2023-08-25T13:52:33Z,algae_brown,648,0.0177
2023-08-25T13:52:33Z,algae_brown,650,0.017733333333333334
2023-08-25T13:52:33Z,algae_brown,652,0.017333333333333333
2023-08-25T13:52:33Z,algae_brown,654,0.0165
2023-08-25T13:52:33Z,algae_brown,656,0.015833333333333335
2023-08-25T13:52:33Z,algae_brown,658,0.015125000000000005
2023-08-25T13:52:33Z,algae_brown,660,0.014620000000000005
2023-08-25T13:52:33Z,algae_brown,662,0.015239999999999986
2023-08-25T13:52:33Z,algae_brown,664,0.016859999999999976
2023-08-25T13:52:33Z,algae_brown,666,0.019833333333333297
2023-08-25T13:52:33Z,algae_brown,668,0.02449333333333327
2023-08-25T13:52:33Z,algae_brown,670,0.030499999999999926
2023-08-25T13:52:33Z,algae_brown,672,0.03791333333333324
2023-08-25T13:52:33Z,algae_brown,674,0.046566666666666555
2023-08-25T13:52:33Z,algae_brown,676,0.05601999999999989
2023-08-25T13:52:33Z,algae_brown,678,0.06599333333333322
2023-08-25T13:52:33Z,algae_brown,680,0.07566666666666656
2023-08-25T13:52:33Z,algae_brown,682,0.0848799999999999
2023-08-25T13:52:33Z,algae_brown,684,0.0931999999999999
2023-08-25T13:52:33Z,algae_brown,686,0.10391333333333316
2023-08-25T13:52:33Z,algae_brown,688,0.11777999999999986
2023-08-25T13:52:33Z,algae_brown,690,0.12532666666666661
2023-08-25T13:52:33Z,algae_brown,692,0.1311799999999999
2023-08-25T13:52:33Z,algae_brown,694,0.14203999999999983
2023-08-25T13:52:33Z,algae_brown,696,0.15805333333333316
2023-08-25T13:52:33Z,algae_brown,698,0.17909333333333302
2023-08-25T13:52:33Z,algae_brown,700,0.2090799999999996
2023-08-25T13:52:33Z,algae_brown,702,0.2456933333333329
2023-08-25T13:52:33Z,algae_brown,704,0.28983333333333333
2023-08-25T13:52:33Z,algae_brown,706,0.33616666666666667
2023-08-25T13:52:33Z,algae_brown,708,0.38670000000000004
2023-08-25T13:52:33Z,algae_brown,710,0.44826666666666665
2023-08-25T13:52:33Z,algae_brown,712,0.5224
2023-08-25T13:52:33Z,algae_brown,714,0.6287333333333347
2023-08-25T13:52:33Z,algae_brown,716,0.7549200000000017
2023-08-25T13:52:33Z,algae_brown,718,0.9138333333333353
2023-08-25T13:52:33Z,algae_brown,720,1.1080214285714307
2023-08-25T13:52:33Z,algae_brown,722,1.26512666666667
2023-08-25T13:52:33Z,algae_brown,724,1.4473400000000047
2023-08-25T13:52:33Z,algae_brown,726,1.6087857142857158
2023-08-25T13:52:33Z,algae_brown,728,1.7220333333333298
2023-08-25T13:52:33Z,algae_brown,730,1.842513333333331
2023-08-25T13:52:33Z,algae_brown,732,1.8868428571428553
2023-08-25T13:52:33Z,algae_brown,734,1.9434999999999998
2023-08-25T13:52:33Z,algae_brown,736,1.9449266666666665
2023-08-25T13:52:33Z,algae_brown,738,1.8837666666666666
2023-08-25T13:52:33Z,algae_brown,740,1.8927666666666665
2023-08-25T13:52:33Z,algae_brown,742,1.9
2023-08-25T13:52:33Z,algae_brown,744,1.927840000000001
2023-08-25T13:52:33Z,algae_brown,746,1.9012428571428546
2023-08-25T13:52:33Z,algae_brown,748,1.7791266666666639
2023-08-25T13:52:33Z,algae_brown,750,1.6954500000000001
2023-08-25T13:52:33Z,algae_brown,752,1.6616066666666678
2023-08-25T13:52:33Z,algae_brown,754,1.607500000000003
2023-08-25T13:52:33Z,algae_brown,756,1.4680000000000013
2023-08-25T13:52:33Z,algae_brown,758,1.335
2023-08-25T13:52:33Z,algae_brown,760,1.3289857142857135
2023-08-25T13:52:33Z,algae_brown,762,1.1837333333333317
2023-08-25T13:52:33Z,algae_brown,764,1.1263199999999993
2023-08-25T13:52:33Z,algae_brown,766,1.0625266666666637
2023-08-25T13:52:33Z,algae_brown,768,0.9903857142857149
2023-08-25T13:52:33Z,algae_brown,770,0.8933071428571455
2023-08-25T13:52:33Z,algae_brown,772,0.7814285714285718
2023-08-25T13:52:33Z,algae_brown,774,0.75
2023-08-25T13:52:33Z,algae_brown,776,0.6785799999999995
2023-08-25T13:52:33Z,algae_brown,778,0.6545071428571427
2023-08-25T13:52:33Z,algae_brown,780,0.5944999999999991
2023-08-25T13:52:33Z,algae_brown,782,0.5597933333333335
2023-08-25T13:52:33Z,algae_brown,784,0.5505928571428573
2023-08-25T13:52:33Z,algae_brown,786,0.5111333333333333
2023-08-25T13:52:33Z,algae_brown,788,0.4940714285714285
2023-08-25T13:52:33Z,algae_brown,790,0.4753333333333319
2023-08-25T13:52:33Z,algae_brown,792,0.43329999999999996
2023-08-25T13:52:33Z,algae_brown,794,0.45298571428571394
2023-08-25T13:52:33Z,algae_brown,796,0.43092857142857127
2023-08-25T13:52:33Z,algae_brown,798,0.39842857142857074
2023-08-25T13:52:33Z,algae_brown,800,0.3649000000000003
2022-07-09T13:22:19Z,algae_brown,340,0.05461176470588235
2022-07-09T13:22:19Z,algae_brown,342,0.05436250000000001
2022-07-09T13:22:19Z,algae_brown,344,0.0541
2022-07-09T13:22:19Z,algae_brown,346,0.0542125
2022-07-09T13:22:19Z,algae_brown,348,0.054452941176470586
2022-07-09T13:22:19Z,algae_brown,350,0.0545
2022-07-09T13:22:19Z,algae_brown,352,0.054576470588235296
2022-07-09T13:22:19Z,algae_brown,354,0.05428125
2022-07-09T13:22:19Z,algae_brown,356,0.053656249999999996
2022-07-09T13:22:19Z,algae_brown,358,0.05385294117647059
2022-07-09T13:22:19Z,algae_brown,360,0.054087500000000004
2022-07-09T13:22:19Z,algae_brown,362,0.05396470588235294
2022-07-09T13:22:19Z,algae_brown,364,0.053899999999999997
2022-07-09T13:22:19Z,algae_brown,366,0.053575
2022-07-09T13:22:19Z,algae_brown,368,0.053099999999999994
2022-07-09T13:22:19Z,algae_brown,370,0.05277500000000001
2022-07-09T13:22:19Z,algae_brown,372,0.0522
2022-07-09T13:22:19Z,algae_brown,374,0.052282352941176474
2022-07-09T13:22:19Z,algae_brown,376,0.05286875
2022-07-09T13:22:19Z,algae_brown,378,0.05247647058823529
2022-07-09T13:22:19Z,algae_brown,380,0.051637499999999996
2022-07-09T13:22:19Z,algae_brown,382,0.051075
2022-07-09T13:22:19Z,algae_brown,384,0.0517
2022-07-09T13:22:19Z,algae_brown,386,0.05208823529411765
2022-07-09T13:22:19Z,algae_brown,388,0.0520625
2022-07-09T13:22:19Z,algae_brown,390,0.05191875
2022-07-09T13:22:19Z,algae_brown,392,0.0508875
2022-07-09T13:22:19Z,algae_brown,394,0.051100000000000007
2022-07-09T13:22:19Z,algae_brown,396,0.051699999999999996
2022-07-09T13:22:19Z,algae_brown,398,0.0523
2022-07-09T13:22:19Z,algae_brown,400,0.052149999999999995
2022-07-09T13:22:19Z,algae_brown,402,0.0513
2022-07-09T13:22:19Z,algae_brown,404,0.050729411764705884
2022-07-09T13:22:19Z,algae_brown,406,0.050499999999999996
2022-07-09T13:22:19Z,algae_brown,408,0.050499999999999996
2022-07-09T13:22:19Z,algae_brown,410,0.05031250000000001
2022-07-09T13:22:19Z,algae_brown,412,0.05028125
2022-07-09T13:22:19Z,algae_brown,414,0.0501125
2022-07-09T13:22:19Z,algae_brown,416,0.04993125
2022-07-09T13:22:19Z,algae_brown,418,0.0497235294117647
2022-07-09T13:22:19Z,algae_brown,420,0.049787500000000005
2022-07-09T13:22:19Z,algae_brown,422,0.049624999999999996
2022-07-09T13:22:19Z,algae_brown,424,0.0495
2022-07-09T13:22:19Z,algae_brown,426,0.049412500000000005
2022-07-09T13:22:19Z,algae_brown,428,0.04915
2022-07-09T13:22:19Z,algae_brown,430,0.0489875
2022-07-09T13:22:19Z,algae_brown,432,0.0496125
2022-07-09T13:22:19Z,algae_brown,434,0.04971249999999999
2022-07-09T13:22:19Z,algae_brown,436,0.049550000000000004
2022-07-09T13:22:19Z,algae_brown,438,0.049125
2022-07-09T13:22:19Z,algae_brown,440,0.04925
2022-07-09T13:22:19Z,algae_brown,442,0.049487500000000004
2022-07-09T13:22:19Z,algae_brown,444,0.04938750000000001
2022-07-09T13:22:19Z,algae_brown,446,0.049375
2022-07-09T13:22:19Z,algae_brown,448,0.049624999999999996
2022-07-09T13:22:19Z,algae_brown,450,0.049699999999999994
2022-07-09T13:22:19Z,algae_brown,452,0.049487500000000004
2022-07-09T13:22:19Z,algae_brown,454,0.049475000000000005
2022-07-09T13:22:19Z,algae_brown,456,0.04966249999999999
2022-07-09T13:22:19Z,algae_brown,458,0.049699999999999994
2022-07-09T13:22:19Z,algae_brown,460,0.04972499999999999
2022-07-09T13:22:19Z,algae_brown,462,0.0498625
2022-07-09T13:22:19Z,algae_brown,464,0.0497375
2022-07-09T13:22:19Z,algae_brown,466,0.049787500000000005
2022-07-09T13:22:19Z,algae_brown,468,0.05001333333333333
2022-07-09T13:22:19Z,algae_brown,470,0.050143749999999994
2022-07-09T13:22:19Z,algae_brown,472,0.0503375
2022-07-09T13:22:19Z,algae_brown,474,0.05049375
2022-07-09T13:22:19Z,algae_brown,476,0.050518749999999994
2022-07-09T13:22:19Z,algae_brown,478,0.050687499999999996
2022-07-09T13:22:19Z,algae_brown,480,0.0508
2022-07-09T13:22:19Z,algae_brown,482,0.0509
2022-07-09T13:22:19Z,algae_brown,484,0.050625
2022-07-09T13:22:19Z,algae_brown,486,0.050449999999999995
2022-07-09T13:22:19Z,algae_brown,488,0.05102500000000001
2022-07-09T13:22:19Z,algae_brown,490,0.0512
2022-07-09T13:22:19Z,algae_brown,492,0.05103125
2022-07-09T13:22:19Z,algae_brown,494,0.05115625000000001
2022-07-09T13:22:19Z,algae_brown,496,0.0512
2022-07-09T13:22:19Z,algae_brown,498,0.051112500000000005
2022-07-09T13:22:19Z,algae_brown,500,0.051237500000000005
2022-07-09T13:22:19Z,algae_brown,502,0.051425
2022-07-09T13:22:19Z,algae_brown,504,0.05177999999999999
2022-07-09T13:22:19Z,algae_brown,506,0.05201875
2022-07-09T13:22:19Z,algae_brown,508,0.052143749999999996
2022-07-09T13:22:19Z,algae_brown,510,0.0523375
2022-07-09T13:22:19Z,algae_brown,512,0.0526
2022-07-09T13:22:19Z,algae_brown,514,0.052724999999999994
2022-07-09T13:22:19Z,algae_brown,516,0.05285333333333333
2022-07-09T13:22:19Z,algae_brown,518,0.053306250000000006
2022-07-09T13:22:19Z,algae_brown,520,0.0541
2022-07-09T13:22:19Z,algae_brown,522,0.054033333333333336
2022-07-09T13:22:19Z,algae_brown,524,0.0538375
2022-07-09T13:22:19Z,algae_brown,526,0.0537125
2022-07-09T13:22:19Z,algae_brown,528,0.05429374999999999
2022-07-09T13:22:19Z,algae_brown,530,0.05474666666666667
2022-07-09T13:22:19Z,algae_brown,532,0.0548
2022-07-09T13:22:19Z,algae_brown,534,0.0552
2022-07-09T13:22:19Z,algae_brown,536,0.0557625
2022-07-09T13:22:19Z,algae_brown,538,0.056068749999999994
2022-07-09T13:22:19Z,algae_brown,540,0.05654666666666666
2022-07-09T13:22:19Z,algae_brown,542,0.05728000000000002
2022-07-09T13:22:19Z,algae_brown,544,0.058018750000000015
2022-07-09T13:22:19Z,algae_brown,546,0.05864375
2022-07-09T13:22:19Z,algae_brown,548,0.0594
2022-07-09T13:22:19Z,algae_brown,550,0.06047499999999999
2022-07-09T13:22:19Z,algae_brown,552,0.06147999999999997
2022-07-09T13:22:19Z,algae_brown,554,0.06271250000000002
2022-07-09T13:22:19Z,algae_brown,556,0.06391250000000002
2022-07-09T13:22:19Z,algae_brown,558,0.06514000000000002
2022-07-09T13:22:19Z,algae_brown,560,0.06669375
2022-07-09T13:22:19Z,algae_brown,562,0.0684
2022-07-09T13:22:19Z,algae_brown,564,0.06966666666666665
2022-07-09T13:22:19Z,algae_brown,566,0.07096249999999997
2022-07-09T13:22:19Z,algae_brown,568,0.07226666666666665
2022-07-09T13:22:19Z,algae_brown,570,0.07308000000000002
2022-07-09T13:22:19Z,algae_brown,572,0.07381875000000002
2022-07-09T13:22:19Z,algae_brown,574,0.0741
2022-07-09T13:22:19Z,algae_brown,576,0.07400000000000001
2022-07-09T13:22:19Z,algae_brown,578,0.07423125
2022-07-09T13:22:19Z,algae_brown,580,0.07441999999999999
2022-07-09T13:22:19Z,algae_brown,582,0.0745
2022-07-09T13:22:19Z,algae_brown,584,0.07425999999999999
2022-07-09T13:22:19Z,algae_brown,586,0.07405
2022-07-09T13:22:19Z,algae_brown,588,0.07392
2022-07-09T13:22:19Z,algae_brown,590,0.07407333333333337
2022-07-09T13:22:19Z,algae_brown,592,0.075325
2022-07-09T13:22:19Z,algae_brown,594,0.07596666666666667
2022-07-09T13:22:19Z,algae_brown,596,0.0768
2022-07-09T13:22:19Z,algae_brown,598,0.07763333333333333
2022-07-09T13:22:19Z,algae_brown,600,0.07816875
2022-07-09T13:22:19Z,algae_brown,602,0.07838666666666666
2022-07-09T13:22:19Z,algae_brown,604,0.07828750000000001
2022-07-09T13:22:19Z,algae_brown,606,0.07737999999999998
2022-07-09T13:22:19Z,algae_brown,608,0.07601999999999998
2022-07-09T13:22:19Z,algae_brown,610,0.07462666666666665
2022-07-09T13:22:19Z,algae_brown,612,0.07315999999999998
2022-07-09T13:22:19Z,algae_brown,614,0.07167499999999999
2022-07-09T13:22:19Z,algae_brown,616,0.0704
2022-07-09T13:22:19Z,algae_brown,618,0.06943333333333333
2022-07-09T13:22:19Z,algae_brown,620,0.0686625
2022-07-09T13:22:19Z,algae_brown,622,0.06784000000000001
2022-07-09T13:22:19Z,algae_brown,624,0.06735000000000001
2022-07-09T13:22:19Z,algae_brown,626,0.06709333333333334
2022-07-09T13:22:19Z,algae_brown,628,0.06682666666666667
2022-07-09T13:22:19Z,algae_brown,630,0.06644375000000001
2022-07-09T13:22:19Z,algae_brown,632,0.06610666666666666
2022-07-09T13:22:19Z,algae_brown,634,0.06591999999999999
2022-07-09T13:22:19Z,algae_brown,636,0.06581333333333333
2022-07-09T13:22:19Z,algae_brown,638,0.06603125
2022-07-09T13:22:19Z,algae_brown,640,0.06642
2022-07-09T13:22:19Z,algae_brown,642,0.06725333333333335
2022-07-09T13:22:19Z,algae_brown,644,0.06820000000000001
2022-07-09T13:22:19Z,algae_brown,646,0.06863749999999999
2022-07-09T13:22:19Z,algae_brown,648,0.06860000000000001
2022-07-09T13:22:19Z,algae_brown,650,0.06816666666666667
2022-07-09T13:22:19Z,algae_brown,652,0.0673
2022-07-09T13:22:19Z,algae_brown,654,0.06559999999999999
2022-07-09T13:22:19Z,algae_brown,656,0.06303333333333333
2022-07-09T13:22:19Z,algae_brown,658,0.06121250000000001
2022-07-09T13:22:19Z,algae_brown,660,0.05921333333333336
2022-07-09T13:22:19Z,algae_brown,662,0.05690000000000003
2022-07-09T13:22:19Z,algae_brown,664,0.05520000000000002
2022-07-09T13:22:19Z,algae_brown,666,0.05424000000000001
2022-07-09T13:22:19Z,algae_brown,668,0.05374666666666667
2022-07-09T13:22:19Z,algae_brown,670,0.0536
2022-07-09T13:22:19Z,algae_brown,672,0.05369333333333333
2022-07-09T13:22:19Z,algae_brown,674,0.05420666666666666
2022-07-09T13:22:19Z,algae_brown,676,0.054859999999999985
2022-07-09T13:22:19Z,algae_brown,678,0.05575333333333332
2022-07-09T13:22:19Z,algae_brown,680,0.05681333333333333
2022-07-09T13:22:19Z,algae_brown,682,0.05799999999999998
2022-07-09T13:22:19Z,algae_brown,684,0.059426666666666655
2022-07-09T13:22:19Z,algae_brown,686,0.061306666666666634
2022-07-09T13:22:19Z,algae_brown,688,0.06491999999999994
2022-07-09T13:22:19Z,algae_brown,690,0.0705066666666666
2022-07-09T13:22:19Z,algae_brown,692,0.07665999999999992
2022-07-09T13:22:19Z,algae_brown,694,0.08405999999999991
2022-07-09T13:22:19Z,algae_brown,696,0.09340666666666657
2022-07-09T13:22:19Z,algae_brown,698,0.10367999999999988
2022-07-09T13:22:19Z,algae_brown,700,0.11431999999999987
2022-07-09T13:22:19Z,algae_brown,702,0.12525333333333322
2022-07-09T13:22:19Z,algae_brown,704,0.13606666666666667
2022-07-09T13:22:19Z,algae_brown,706,0.14506666666666668
2022-07-09T13:22:19Z,algae_brown,708,0.153
2022-07-09T13:22:19Z,algae_brown,710,0.1597
2022-07-09T13:22:19Z,algae_brown,712,0.1653
2022-07-09T13:22:19Z,algae_brown,714,0.17016666666666672
2022-07-09T13:22:19Z,algae_brown,716,0.17322
2022-07-09T13:22:19Z,algae_brown,718,0.17591333333333337
2022-07-09T13:22:19Z,algae_brown,720,0.17988571428571434
2022-07-09T13:22:19Z,algae_brown,722,0.18258000000000002
2022-07-09T13:22:19Z,algae_brown,724,0.18338000000000004
2022-07-09T13:22:19Z,algae_brown,726,0.18505714285714286
2022-07-09T13:22:19Z,algae_brown,728,0.18642666666666666
2022-07-09T13:22:19Z,algae_brown,730,0.18757999999999997
2022-07-09T13:22:19Z,algae_brown,732,0.18858571428571427
2022-07-09T13:22:19Z,algae_brown,734,0.18896
2022-07-09T13:22:19Z,algae_brown,736,0.1890933333333333
2022-07-09T13:22:19Z,algae_brown,738,0.1895
2022-07-09T13:22:19Z,algae_brown,740,0.18983333333333333
2022-07-09T13:22:19Z,algae_brown,742,0.19
2022-07-09T13:22:19Z,algae_brown,744,0.19006
2022-07-09T13:22:19Z,algae_brown,746,0.19007857142857146
2022-07-09T13:22:19Z,algae_brown,748,0.18997333333333333
2022-07-09T13:22:19Z,algae_brown,750,0.1898
2022-07-09T13:22:19Z,algae_brown,752,0.1898
2022-07-09T13:22:19Z,algae_brown,754,0.18955714285714287
2022-07-09T13:22:19Z,algae_brown,756,0.18928
2022-07-09T13:22:19Z,algae_brown,758,0.1881
2022-07-09T13:22:19Z,algae_brown,760,0.18537857142857145
2022-07-09T13:22:19Z,algae_brown,762,0.18922000000000008
2022-07-09T13:22:19Z,algae_brown,764,0.19197333333333333
2022-07-09T13:22:19Z,algae_brown,766,0.1914733333333333
2022-07-09T13:22:19Z,algae_brown,768,0.18972857142857147
2022-07-09T13:22:19Z,algae_brown,770,0.18815
2022-07-09T13:22:19Z,algae_brown,772,0.18740714285714286
2022-07-09T13:22:19Z,algae_brown,774,0.187
2022-07-09T13:22:19Z,algae_brown,776,0.18682000000000001
2022-07-09T13:22:19Z,algae_brown,778,0.18662142857142855
2022-07-09T13:22:19Z,algae_brown,780,0.1864
2022-07-09T13:22:19Z,algae_brown,782,0.18629333333333334
2022-07-09T13:22:19Z,algae_brown,784,0.18601428571428574
2022-07-09T13:22:19Z,algae_brown,786,0.18593333333333334
2022-07-09T13:22:19Z,algae_brown,788,0.18565714285714285
2022-07-09T13:22:19Z,algae_brown,790,0.1855733333333333
2022-07-09T13:22:19Z,algae_brown,792,0.18539999999999998
2022-07-09T13:22:19Z,algae_brown,794,0.18530714285714286
2022-07-09T13:22:19Z,algae_brown,796,0.18537142857142858
2022-07-09T13:22:19Z,algae_brown,798,0.18530000000000002
2022-07-09T13:22:19Z,algae_brown,800,0.18489999999999998
2022-07-09T13:23:04Z,algae_brown,340,0.029811764705882354
2022-07-09T13:23:04Z,algae_brown,342,0.0297625
2022-07-09T13:23:04Z,algae_brown,344,0.02946470588235294
2022-07-09T13:23:04Z,algae_brown,346,0.02945625
2022-07-09T13:23:04Z,algae_brown,348,0.029423529411764706
2022-07-09T13:23:04Z,algae_brown,350,0.0294
2022-07-09T13:23:04Z,algae_brown,352,0.02915294117647059
2022-07-09T13:23:04Z,algae_brown,354,0.02895625
2022-07-09T13:23:04Z,algae_brown,356,0.02883125
2022-07-09T13:23:04Z,algae_brown,358,0.02844705882352941
2022-07-09T13:23:04Z,algae_brown,360,0.0285625
2022-07-09T13:23:04Z,algae_brown,362,0.028264705882352942
2022-07-09T13:23:04Z,algae_brown,364,0.02803125
2022-07-09T13:23:04Z,algae_brown,366,0.0279
2022-07-09T13:23:04Z,algae_brown,368,0.0275
2022-07-09T13:23:04Z,algae_brown,370,0.027275000000000004
2022-07-09T13:23:04Z,algae_brown,372,0.027100000000000003
2022-07-09T13:23:04Z,algae_brown,374,0.026788235294117647
2022-07-09T13:23:04Z,algae_brown,376,0.0265125
2022-07-09T13:23:04Z,algae_brown,378,0.026347058823529407
2022-07-09T13:23:04Z,algae_brown,380,0.0260625
2022-07-09T13:23:04Z,algae_brown,382,0.025875000000000002
2022-07-09T13:23:04Z,algae_brown,384,0.025625
2022-07-09T13:23:04Z,algae_brown,386,0.025676470588235294
2022-07-09T13:23:04Z,algae_brown,388,0.025406250000000002
2022-07-09T13:23:04Z,algae_brown,390,0.0252
2022-07-09T13:23:04Z,algae_brown,392,0.025281249999999998
2022-07-09T13:23:04Z,algae_brown,394,0.0246
2022-07-09T13:23:04Z,algae_brown,396,0.025
2022-07-09T13:23:04Z,algae_brown,398,0.024650000000000002
2022-07-09T13:23:04Z,algae_brown,400,0.024524999999999998
2022-07-09T13:23:04Z,algae_brown,402,0.024300000000000002
2022-07-09T13:23:04Z,algae_brown,404,0.02405294117647059
2022-07-09T13:23:04Z,algae_brown,406,0.02385625
2022-07-09T13:23:04Z,algae_brown,408,0.02373125
2022-07-09T13:23:04Z,algae_brown,410,0.023512500000000002
2022-07-09T13:23:04Z,algae_brown,412,0.023399999999999997
2022-07-09T13:23:04Z,algae_brown,414,0.023312499999999996
2022-07-09T13:23:04Z,algae_brown,416,0.0232
2022-07-09T13:23:04Z,algae_brown,418,0.023023529411764703
2022-07-09T13:23:04Z,algae_brown,420,0.0229
2022-07-09T13:23:04Z,algae_brown,422,0.0229
2022-07-09T13:23:04Z,algae_brown,424,0.0228375
2022-07-09T13:23:04Z,algae_brown,426,0.022799999999999997
2022-07-09T13:23:04Z,algae_brown,428,0.0227125
2022-07-09T13:23:04Z,algae_brown,430,0.022687499999999996
2022-07-09T13:23:04Z,algae_brown,432,0.0225625
2022-07-09T13:23:04Z,algae_brown,434,0.0226
2022-07-09T13:23:04Z,algae_brown,436,0.0225
2022-07-09T13:23:04Z,algae_brown,438,0.0224625
2022-07-09T13:23:04Z,algae_brown,440,0.022400000000000003
2022-07-09T13:23:04Z,algae_brown,442,0.022400000000000003
2022-07-09T13:23:04Z,algae_brown,444,0.0225
2022-07-09T13:23:04Z,algae_brown,446,0.0224625
2022-07-09T13:23:04Z,algae_brown,448,0.0224625
2022-07-09T13:23:04Z,algae_brown,450,0.0225
2022-07-09T13:23:04Z,algae_brown,452,0.0225875
2022-07-09T13:23:04Z,algae_brown,454,0.0225
2022-07-09T13:23:04Z,algae_brown,456,0.0225
2022-07-09T13:23:04Z,algae_brown,458,0.0225
2022-07-09T13:23:04Z,algae_brown,460,0.0224875
2022-07-09T13:23:04Z,algae_brown,462,0.022437500000000003
2022-07-09T13:23:04Z,algae_brown,464,0.022437500000000003
2022-07-09T13:23:04Z,algae_brown,466,0.022400000000000003
2022-07-09T13:23:04Z,algae_brown,468,0.022413333333333334
2022-07-09T13:23:04Z,algae_brown,470,0.0225
2022-07-09T13:23:04Z,algae_brown,472,0.02256875
2022-07-09T13:23:04Z,algae_brown,474,0.02269375
2022-07-09T13:23:04Z,algae_brown,476,0.022718750000000003
2022-07-09T13:23:04Z,algae_brown,478,0.022799999999999997
2022-07-09T13:23:04Z,algae_brown,480,0.022799999999999997
2022-07-09T13:23:04Z,algae_brown,482,0.022799999999999997
2022-07-09T13:23:04Z,algae_brown,484,0.022824999999999998
2022-07-09T13:23:04Z,algae_brown,486,0.02285
2022-07-09T13:23:04Z,algae_brown,488,0.022799999999999997
2022-07-09T13:23:04Z,algae_brown,490,0.0229
2022-07-09T13:23:04Z,algae_brown,492,0.02286875
2022-07-09T13:23:04Z,algae_brown,494,0.022799999999999997
2022-07-09T13:23:04Z,algae_brown,496,0.022799999999999997
2022-07-09T13:23:04Z,algae_brown,498,0.022799999999999997
2022-07-09T13:23:04Z,algae_brown,500,0.0228375
2022-07-09T13:23:04Z,algae_brown,502,0.0229
2022-07-09T13:23:04Z,algae_brown,504,0.02299333333333333
2022-07-09T13:23:04Z,algae_brown,506,0.02311875
2022-07-09T13:23:04Z,algae_brown,508,0.02324375
2022-07-09T13:23:04Z,algae_brown,510,0.0233
2022-07-09T13:23:04Z,algae_brown,512,0.023399999999999997
2022-07-09T13:23:04Z,algae_brown,514,0.023524999999999997
2022-07-09T13:23:04Z,algae_brown,516,0.023653333333333332
2022-07-09T13:23:04Z,algae_brown,518,0.023700000000000002
2022-07-09T13:23:04Z,algae_brown,520,0.023906250000000004
2022-07-09T13:23:04Z,algae_brown,522,0.024
2022-07-09T13:23:04Z,algae_brown,524,0.024
2022-07-09T13:23:04Z,algae_brown,526,0.024349999999999986
2022-07-09T13:23:04Z,algae_brown,528,0.024556249999999995
2022-07-09T13:23:04Z,algae_brown,530,0.024940000000000007
2022-07-09T13:23:04Z,algae_brown,532,0.025325000000000004
2022-07-09T13:23:04Z,algae_brown,534,0.0256
2022-07-09T13:23:04Z,algae_brown,536,0.0259625
2022-07-09T13:23:04Z,algae_brown,538,0.026268749999999993
2022-07-09T13:23:04Z,algae_brown,540,0.02665999999999999
2022-07-09T13:23:04Z,algae_brown,542,0.02705333333333335
2022-07-09T13:23:04Z,algae_brown,544,0.02757500000000001
2022-07-09T13:23:04Z,algae_brown,546,0.028075
2022-07-09T13:23:04Z,algae_brown,548,0.0287
2022-07-09T13:23:04Z,algae_brown,550,0.02932499999999999
2022-07-09T13:23:04Z,algae_brown,552,0.030073333333333313
2022-07-09T13:23:04Z,algae_brown,554,0.030887500000000012
2022-07-09T13:23:04Z,algae_brown,556,0.03178750000000002
2022-07-09T13:23:04Z,algae_brown,558,0.03272000000000001
2022-07-09T13:23:04Z,algae_brown,560,0.03375
2022-07-09T13:23:04Z,algae_brown,562,0.0349
2022-07-09T13:23:04Z,algae_brown,564,0.035939999999999986
2022-07-09T13:23:04Z,algae_brown,566,0.036993749999999985
2022-07-09T13:23:04Z,algae_brown,568,0.037906666666666644
2022-07-09T13:23:04Z,algae_brown,570,0.03876666666666668
2022-07-09T13:23:04Z,algae_brown,572,0.03937500000000001
2022-07-09T13:23:04Z,algae_brown,574,0.03996666666666667
2022-07-09T13:23:04Z,algae_brown,576,0.0403
2022-07-09T13:23:04Z,algae_brown,578,0.04043125
2022-07-09T13:23:04Z,algae_brown,580,0.0405
2022-07-09T13:23:04Z,algae_brown,582,0.040412500000000004
2022-07-09T13:23:04Z,algae_brown,584,0.0404
2022-07-09T13:23:04Z,algae_brown,586,0.04035
2022-07-09T13:23:04Z,algae_brown,588,0.04046000000000001
2022-07-09T13:23:04Z,algae_brown,590,0.04062
2022-07-09T13:23:04Z,algae_brown,592,0.04105
2022-07-09T13:23:04Z,algae_brown,594,0.0417
2022-07-09T13:23:04Z,algae_brown,596,0.0424
2022-07-09T13:23:04Z,algae_brown,598,0.04310666666666666
2022-07-09T13:23:04Z,algae_brown,600,0.043568749999999996
2022-07-09T13:23:04Z,algae_brown,602,0.04378666666666666
2022-07-09T13:23:04Z,algae_brown,604,0.04352500000000001
2022-07-09T13:23:04Z,algae_brown,606,0.042919999999999986
2022-07-09T13:23:04Z,algae_brown,608,0.04187999999999997
2022-07-09T13:23:04Z,algae_brown,610,0.04073333333333332
2022-07-09T13:23:04Z,algae_brown,612,0.039399999999999984
2022-07-09T13:23:04Z,algae_brown,614,0.03818125
2022-07-09T13:23:04Z,algae_brown,616,0.037000000000000005
2022-07-09T13:23:04Z,algae_brown,618,0.036066666666666664
2022-07-09T13:23:04Z,algae_brown,620,0.035287500000000006
2022-07-09T13:23:04Z,algae_brown,622,0.034820000000000004
2022-07-09T13:23:04Z,algae_brown,624,0.03442500000000001
2022-07-09T13:23:04Z,algae_brown,626,0.03404000000000001
2022-07-09T13:23:04Z,algae_brown,628,0.033813333333333334
2022-07-09T13:23:04Z,algae_brown,630,0.033462500000000006
2022-07-09T13:23:04Z,algae_brown,632,0.033159999999999995
2022-07-09T13:23:04Z,algae_brown,634,0.032839999999999994
2022-07-09T13:23:04Z,algae_brown,636,0.032799999999999996
2022-07-09T13:23:04Z,algae_brown,638,0.0328875
2022-07-09T13:23:04Z,algae_brown,640,0.03329333333333334
2022-07-09T13:23:04Z,algae_brown,642,0.03393333333333334
2022-07-09T13:23:04Z,algae_brown,644,0.034600000000000006
2022-07-09T13:23:04Z,algae_brown,646,0.0350375
2022-07-09T13:23:04Z,algae_brown,648,0.0351
2022-07-09T13:23:04Z,algae_brown,650,0.03486666666666667
2022-07-09T13:23:04Z,algae_brown,652,0.034133333333333335
2022-07-09T13:23:04Z,algae_brown,654,0.032799999999999996
2022-07-09T13:23:04Z,algae_brown,656,0.031266666666666665
2022-07-09T13:23:04Z,algae_brown,658,0.029200000000000014
2022-07-09T13:23:04Z,algae_brown,660,0.027293333333333357
2022-07-09T13:23:04Z,algae_brown,662,0.025633333333333348
2022-07-09T13:23:04Z,algae_brown,664,0.024360000000000014
2022-07-09T13:23:04Z,algae_brown,666,0.023440000000000006
2022-07-09T13:23:04Z,algae_brown,668,0.022973333333333335
2022-07-09T13:23:04Z,algae_brown,670,0.0229
2022-07-09T13:23:04Z,algae_brown,672,0.02308666666666666
2022-07-09T13:23:04Z,algae_brown,674,0.023406666666666662
2022-07-09T13:23:04Z,algae_brown,676,0.023939999999999996
2022-07-09T13:23:04Z,algae_brown,678,0.02456666666666666
2022-07-09T13:23:04Z,algae_brown,680,0.025286666666666655
2022-07-09T13:23:04Z,algae_brown,682,0.02627999999999999
2022-07-09T13:23:04Z,algae_brown,684,0.027439999999999985
2022-07-09T13:23:04Z,algae_brown,686,0.029306666666666637
2022-07-09T13:23:04Z,algae_brown,688,0.032019999999999965
2022-07-09T13:23:04Z,algae_brown,690,0.03579333333333329
2022-07-09T13:23:04Z,algae_brown,692,0.04117999999999993
2022-07-09T13:23:04Z,algae_brown,694,0.04811999999999991
2022-07-09T13:23:04Z,algae_brown,696,0.056373333333333234
2022-07-09T13:23:04Z,algae_brown,698,0.06577333333333321
2022-07-09T13:23:04Z,algae_brown,700,0.07587999999999988
2022-07-09T13:23:04Z,algae_brown,702,0.08627999999999988
2022-07-09T13:23:04Z,algae_brown,704,0.09666666666666666
2022-07-09T13:23:04Z,algae_brown,706,0.10573333333333333
2022-07-09T13:23:04Z,algae_brown,708,0.11380000000000001
2022-07-09T13:23:04Z,algae_brown,710,0.12063333333333333
2022-07-09T13:23:04Z,algae_brown,712,0.1265
2022-07-09T13:23:04Z,algae_brown,714,0.13148000000000004
2022-07-09T13:23:04Z,algae_brown,716,0.13504000000000005
2022-07-09T13:23:04Z,algae_brown,718,0.1387266666666667
2022-07-09T13:23:04Z,algae_brown,720,0.1424071428571429
2022-07-09T13:23:04Z,algae_brown,722,0.14431333333333338
2022-07-09T13:23:04Z,algae_brown,724,0.14586000000000005
2022-07-09T13:23:04Z,algae_brown,726,0.1474571428571429
2022-07-09T13:23:04Z,algae_brown,728,0.1489333333333333
2022-07-09T13:23:04Z,algae_brown,730,0.15017999999999995
2022-07-09T13:23:04Z,algae_brown,732,0.15096428571428572
2022-07-09T13:23:04Z,algae_brown,734,0.15138
2022-07-09T13:23:04Z,algae_brown,736,0.15187333333333333
2022-07-09T13:23:04Z,algae_brown,738,0.15233333333333332
2022-07-09T13:23:04Z,algae_brown,740,0.1528
2022-07-09T13:23:04Z,algae_brown,742,0.15310000000000001
2022-07-09T13:23:04Z,algae_brown,744,0.15324
2022-07-09T13:23:04Z,algae_brown,746,0.1533
2022-07-09T13:23:04Z,algae_brown,748,0.15328666666666665
2022-07-09T13:23:04Z,algae_brown,750,0.15325
2022-07-09T13:23:04Z,algae_brown,752,0.1533
2022-07-09T13:23:04Z,algae_brown,754,0.15307857142857145
2022-07-09T13:23:04Z,algae_brown,756,0.1527
2022-07-09T13:23:04Z,algae_brown,758,0.15130000000000002
2022-07-09T13:23:04Z,algae_brown,760,0.15315
2022-07-09T13:23:04Z,algae_brown,762,0.15582000000000001
2022-07-09T13:23:04Z,algae_brown,764,0.15598666666666663
2022-07-09T13:23:04Z,algae_brown,766,0.15380666666666662
2022-07-09T13:23:04Z,algae_brown,768,0.1518714285714286
2022-07-09T13:23:04Z,algae_brown,770,0.15095714285714285
2022-07-09T13:23:04Z,algae_brown,772,0.15073571428571428
2022-07-09T13:23:04Z,algae_brown,774,0.1507
2022-07-09T13:23:04Z,algae_brown,776,0.15066000000000002
2022-07-09T13:23:04Z,algae_brown,778,0.15052142857142856
2022-07-09T13:23:04Z,algae_brown,780,0.15038571428571426
2022-07-09T13:23:04Z,algae_brown,782,0.1503
2022-07-09T13:23:04Z,algae_brown,784,0.15011428571428573
2022-07-09T13:23:04Z,algae_brown,786,0.14993333333333334
2022-07-09T13:23:04Z,algae_brown,788,0.14972857142857143
2022-07-09T13:23:04Z,algae_brown,790,0.14968666666666666
2022-07-09T13:23:04Z,algae_brown,792,0.1496
2022-07-09T13:23:04Z,algae_brown,794,0.14941428571428572
2022-07-09T13:23:04Z,algae_brown,796,0.14927142857142855
2022-07-09T13:23:04Z,algae_brown,798,0.14912857142857144
2022-07-09T13:23:04Z,algae_brown,800,0.14899285714285715
2022-07-09T13:24:57Z,algae_brown,340,0.044199999999999996
2022-07-09T13:24:57Z,algae_brown,342,0.0442875
2022-07-09T13:24:57Z,algae_brown,344,0.04416470588235294
2022-07-09T13:24:57Z,algae_brown,346,0.04415625
2022-07-09T13:24:57Z,algae_brown,348,0.04427647058823529
2022-07-09T13:24:57Z,algae_brown,350,0.044500000000000005
2022-07-09T13:24:57Z,algae_brown,352,0.04454705882352941
2022-07-09T13:24:57Z,algae_brown,354,0.04474375
2022-07-09T13:24:57Z,algae_brown,356,0.0446625
2022-07-09T13:24:57Z,algae_brown,358,0.04442352941176471
2022-07-09T13:24:57Z,algae_brown,360,0.044199999999999996
2022-07-09T13:24:57Z,algae_brown,362,0.04412941176470588
2022-07-09T13:24:57Z,algae_brown,364,0.044000000000000004
2022-07-09T13:24:57Z,algae_brown,366,0.04391875
2022-07-09T13:24:57Z,algae_brown,368,0.043899999999999995
2022-07-09T13:24:57Z,algae_brown,370,0.043875
2022-07-09T13:24:57Z,algae_brown,372,0.0436
2022-07-09T13:24:57Z,algae_brown,374,0.04311764705882353
2022-07-09T13:24:57Z,algae_brown,376,0.04281250000000001
2022-07-09T13:24:57Z,algae_brown,378,0.04281764705882354
2022-07-09T13:24:57Z,algae_brown,380,0.0428625
2022-07-09T13:24:57Z,algae_brown,382,0.042550000000000004
2022-07-09T13:24:57Z,algae_brown,384,0.042137499999999994
2022-07-09T13:24:57Z,algae_brown,386,0.0417
2022-07-09T13:24:57Z,algae_brown,388,0.0417
2022-07-09T13:24:57Z,algae_brown,390,0.0418125
2022-07-09T13:24:57Z,algae_brown,392,0.04165625
2022-07-09T13:24:57Z,algae_brown,394,0.0417
2022-07-09T13:24:57Z,algae_brown,396,0.0408
2022-07-09T13:24:57Z,algae_brown,398,0.0408
2022-07-09T13:24:57Z,algae_brown,400,0.041025000000000006
2022-07-09T13:24:57Z,algae_brown,402,0.041299999999999996
2022-07-09T13:24:57Z,algae_brown,404,0.04127647058823529
2022-07-09T13:24:57Z,algae_brown,406,0.041156250000000005
2022-07-09T13:24:57Z,algae_brown,408,0.04103125
2022-07-09T13:24:57Z,algae_brown,410,0.04090625
2022-07-09T13:24:57Z,algae_brown,412,0.04088125
2022-07-09T13:24:57Z,algae_brown,414,0.04084375
2022-07-09T13:24:57Z,algae_brown,416,0.04083125
2022-07-09T13:24:57Z,algae_brown,418,0.0408
2022-07-09T13:24:57Z,algae_brown,420,0.0408
2022-07-09T13:24:57Z,algae_brown,422,0.0408
2022-07-09T13:24:57Z,algae_brown,424,0.0408
2022-07-09T13:24:57Z,algae_brown,426,0.0408
2022-07-09T13:24:57Z,algae_brown,428,0.0408625
2022-07-09T13:24:57Z,algae_brown,430,0.040562499999999994
2022-07-09T13:24:57Z,algae_brown,432,0.040375
2022-07-09T13:24:57Z,algae_brown,434,0.0403
2022-07-09T13:24:57Z,algae_brown,436,0.0404875
2022-07-09T13:24:57Z,algae_brown,438,0.0404375
2022-07-09T13:24:57Z,algae_brown,440,0.040375
2022-07-09T13:24:57Z,algae_brown,442,0.0403875
2022-07-09T13:24:57Z,algae_brown,444,0.0405125
2022-07-09T13:24:57Z,algae_brown,446,0.0406
2022-07-09T13:24:57Z,algae_brown,448,0.0406
2022-07-09T13:24:57Z,algae_brown,450,0.040775000000000006
2022-07-09T13:24:57Z,algae_brown,452,0.0408125
2022-07-09T13:24:57Z,algae_brown,454,0.0409
2022-07-09T13:24:57Z,algae_brown,456,0.0409
2022-07-09T13:24:57Z,algae_brown,458,0.0409
2022-07-09T13:24:57Z,algae_brown,460,0.0409
2022-07-09T13:24:57Z,algae_brown,462,0.0409375
2022-07-09T13:24:57Z,algae_brown,464,0.0410625
2022-07-09T13:24:57Z,algae_brown,466,0.041100000000000005
2022-07-09T13:24:57Z,algae_brown,468,0.0412
2022-07-09T13:24:57Z,algae_brown,470,0.041243749999999996
2022-07-09T13:24:57Z,algae_brown,472,0.041299999999999996
2022-07-09T13:24:57Z,algae_brown,474,0.0414875
2022-07-09T13:24:57Z,algae_brown,476,0.041618749999999996
2022-07-09T13:24:57Z,algae_brown,478,0.041743749999999996
2022-07-09T13:24:57Z,algae_brown,480,0.04186875
2022-07-09T13:24:57Z,algae_brown,482,0.0421
2022-07-09T13:24:57Z,algae_brown,484,0.042199999999999994
2022-07-09T13:24:57Z,algae_brown,486,0.04214999999999999
2022-07-09T13:24:57Z,algae_brown,488,0.04195
2022-07-09T13:24:57Z,algae_brown,490,0.042
2022-07-09T13:24:57Z,algae_brown,492,0.04203125
2022-07-09T13:24:57Z,algae_brown,494,0.0421
2022-07-09T13:24:57Z,algae_brown,496,0.042181249999999997
2022-07-09T13:24:57Z,algae_brown,498,0.04221249999999999
2022-07-09T13:24:57Z,algae_brown,500,0.042300000000000004
2022-07-09T13:24:57Z,algae_brown,502,0.0423625
2022-07-09T13:24:57Z,algae_brown,504,0.0424
2022-07-09T13:24:57Z,algae_brown,506,0.042537500000000006
2022-07-09T13:24:57Z,algae_brown,508,0.0427875
2022-07-09T13:24:57Z,algae_brown,510,0.04296875
2022-07-09T13:24:57Z,algae_brown,512,0.0433
2022-07-09T13:24:57Z,algae_brown,514,0.043599999999999986
2022-07-09T13:24:57Z,algae_brown,516,0.04400666666666666
2022-07-09T13:24:57Z,algae_brown,518,0.04434375000000001
2022-07-09T13:24:57Z,algae_brown,520,0.044743750000000006
2022-07-09T13:24:57Z,algae_brown,522,0.0456
2022-07-09T13:24:57Z,algae_brown,524,0.0461875
2022-07-09T13:24:57Z,algae_brown,526,0.0463
2022-07-09T13:24:57Z,algae_brown,528,0.04628125
2022-07-09T13:24:57Z,algae_brown,530,0.04624666666666667
2022-07-09T13:24:57Z,algae_brown,532,0.046375
2022-07-09T13:24:57Z,algae_brown,534,0.0464
2022-07-09T13:24:57Z,algae_brown,536,0.0465625
2022-07-09T13:24:57Z,algae_brown,538,0.0468125
2022-07-09T13:24:57Z,algae_brown,540,0.047159999999999994
2022-07-09T13:24:57Z,algae_brown,542,0.04745333333333335
2022-07-09T13:24:57Z,algae_brown,544,0.04797500000000001
2022-07-09T13:24:57Z,algae_brown,546,0.048543750000000004
2022-07-09T13:24:57Z,algae_brown,548,0.0493
2022-07-09T13:24:57Z,algae_brown,550,0.050099999999999985
2022-07-09T13:24:57Z,algae_brown,552,0.051179999999999976
2022-07-09T13:24:57Z,algae_brown,554,0.05233125000000002
2022-07-09T13:24:57Z,algae_brown,556,0.05373750000000003
2022-07-09T13:24:57Z,algae_brown,558,0.05510000000000002
2022-07-09T13:24:57Z,algae_brown,560,0.05645625
2022-07-09T13:24:57Z,algae_brown,562,0.057999999999999996
2022-07-09T13:24:57Z,algae_brown,564,0.05949333333333332
2022-07-09T13:24:57Z,algae_brown,566,0.060806249999999985
2022-07-09T13:24:57Z,algae_brown,568,0.06197999999999997
2022-07-09T13:24:57Z,algae_brown,570,0.06295333333333335
2022-07-09T13:24:57Z,algae_brown,572,0.063475
2022-07-09T13:24:57Z,algae_brown,574,0.06392
2022-07-09T13:24:57Z,algae_brown,576,0.0642
2022-07-09T13:24:57Z,algae_brown,578,0.0645
2022-07-09T13:24:57Z,algae_brown,580,0.0645
2022-07-09T13:24:57Z,algae_brown,582,0.0645
2022-07-09T13:24:57Z,algae_brown,584,0.0645
2022-07-09T13:24:57Z,algae_brown,586,0.06455
2022-07-09T13:24:57Z,algae_brown,588,0.06476000000000001
2022-07-09T13:24:57Z,algae_brown,590,0.06482000000000002
2022-07-09T13:24:57Z,algae_brown,592,0.06532500000000001
2022-07-09T13:24:57Z,algae_brown,594,0.0661
2022-07-09T13:24:57Z,algae_brown,596,0.0669
2022-07-09T13:24:57Z,algae_brown,598,0.06785999999999999
2022-07-09T13:24:57Z,algae_brown,600,0.06852499999999999
2022-07-09T13:24:57Z,algae_brown,602,0.0687
2022-07-09T13:24:57Z,algae_brown,604,0.06840625
2022-07-09T13:24:57Z,algae_brown,606,0.06757999999999997
2022-07-09T13:24:57Z,algae_brown,608,0.06629999999999997
2022-07-09T13:24:57Z,algae_brown,610,0.06482666666666664
2022-07-09T13:24:57Z,algae_brown,612,0.06331999999999997
2022-07-09T13:24:57Z,algae_brown,614,0.06177499999999999
2022-07-09T13:24:57Z,algae_brown,616,0.0604
2022-07-09T13:24:57Z,algae_brown,618,0.059166666666666666
2022-07-09T13:24:57Z,algae_brown,620,0.05838750000000001
2022-07-09T13:24:57Z,algae_brown,622,0.05782666666666668
2022-07-09T13:24:57Z,algae_brown,624,0.05742500000000001
2022-07-09T13:24:57Z,algae_brown,626,0.05709333333333334
2022-07-09T13:24:57Z,algae_brown,628,0.05674000000000001
2022-07-09T13:24:57Z,algae_brown,630,0.05642500000000001
2022-07-09T13:24:57Z,algae_brown,632,0.055959999999999996
2022-07-09T13:24:57Z,algae_brown,634,0.055639999999999995
2022-07-09T13:24:57Z,algae_brown,636,0.055526666666666676
2022-07-09T13:24:57Z,algae_brown,638,0.055831250000000006
2022-07-09T13:24:57Z,algae_brown,640,0.056366666666666676
2022-07-09T13:24:57Z,algae_brown,642,0.05714666666666668
2022-07-09T13:24:57Z,algae_brown,644,0.05812000000000002
2022-07-09T13:24:57Z,algae_brown,646,0.05915000000000001
2022-07-09T13:24:57Z,algae_brown,648,0.059699999999999996
2022-07-09T13:24:57Z,algae_brown,650,0.059166666666666666
2022-07-09T13:24:57Z,algae_brown,652,0.05803333333333333
2022-07-09T13:24:57Z,algae_brown,654,0.0565
2022-07-09T13:24:57Z,algae_brown,656,0.054266666666666664
2022-07-09T13:24:57Z,algae_brown,658,0.05148750000000002
2022-07-09T13:24:57Z,algae_brown,660,0.04902000000000003
2022-07-09T13:24:57Z,algae_brown,662,0.046926666666666686
2022-07-09T13:24:57Z,algae_brown,664,0.045300000000000014
2022-07-09T13:24:57Z,algae_brown,666,0.04415333333333334
2022-07-09T13:24:57Z,algae_brown,668,0.04344666666666667
2022-07-09T13:24:57Z,algae_brown,670,0.04324
2022-07-09T13:24:57Z,algae_brown,672,0.04329333333333333
2022-07-09T13:24:57Z,algae_brown,674,0.043706666666666665
2022-07-09T13:24:57Z,algae_brown,676,0.0443
2022-07-09T13:24:57Z,algae_brown,678,0.044966666666666655
2022-07-09T13:24:57Z,algae_brown,680,0.04591333333333333
2022-07-09T13:24:57Z,algae_brown,682,0.046979999999999994
2022-07-09T13:24:57Z,algae_brown,684,0.04841999999999998
2022-07-09T13:24:57Z,algae_brown,686,0.050886666666666636
2022-07-09T13:24:57Z,algae_brown,688,0.053999999999999965
2022-07-09T13:24:57Z,algae_brown,690,0.05807999999999995
2022-07-09T13:24:57Z,algae_brown,692,0.06416666666666658
2022-07-09T13:24:57Z,algae_brown,694,0.0721599999999999
2022-07-09T13:24:57Z,algae_brown,696,0.081986666666666555
2022-07-09T13:24:57Z,algae_brown,698,0.0932733333333332
2022-07-09T13:24:57Z,algae_brown,700,0.10531999999999986
2022-07-09T13:24:57Z,algae_brown,702,0.11758666666666653
2022-07-09T13:24:57Z,algae_brown,704,0.12976666666666667
2022-07-09T13:24:57Z,algae_brown,706,0.14036666666666667
2022-07-09T13:24:57Z,algae_brown,708,0.14980000000000002
2022-07-09T13:24:57Z,algae_brown,710,0.1577
2022-07-09T13:24:57Z,algae_brown,712,0.16436666666666666
2022-07-09T13:24:57Z,algae_brown,714,0.17022000000000007
2022-07-09T13:24:57Z,algae_brown,716,0.17438000000000003
2022-07-09T13:24:57Z,algae_brown,718,0.17776000000000006
2022-07-09T13:24:57Z,algae_brown,720,0.1810571428571429
2022-07-09T13:24:57Z,algae_brown,722,0.18380000000000005
2022-07-09T13:24:57Z,algae_brown,724,0.18572000000000008
2022-07-09T13:24:57Z,algae_brown,726,0.18724285714285718
2022-07-09T13:24:57Z,algae_brown,728,0.18857999999999994
2022-07-09T13:24:57Z,algae_brown,730,0.1896933333333333
2022-07-09T13:24:57Z,algae_brown,732,0.19060714285714284
2022-07-09T13:24:57Z,algae_brown,734,0.19124
2022-07-09T13:24:57Z,algae_brown,736,0.19177333333333332
2022-07-09T13:24:57Z,algae_brown,738,0.19206666666666666
2022-07-09T13:24:57Z,algae_brown,740,0.19226666666666667
2022-07-09T13:24:57Z,algae_brown,742,0.1925
2022-07-09T13:24:57Z,algae_brown,744,0.1925
2022-07-09T13:24:57Z,algae_brown,746,0.1925
2022-07-09T13:24:57Z,algae_brown,748,0.1923733333333333
2022-07-09T13:24:57Z,algae_brown,750,0.19219999999999998
2022-07-09T13:24:57Z,algae_brown,752,0.19202666666666668
2022-07-09T13:24:57Z,algae_brown,754,0.1918357142857143
2022-07-09T13:24:57Z,algae_brown,756,0.19148
2022-07-09T13:24:57Z,algae_brown,758,0.19149999999999998
2022-07-09T13:24:57Z,algae_brown,760,0.19092857142857142
2022-07-09T13:24:57Z,algae_brown,762,0.19036
2022-07-09T13:24:57Z,algae_brown,764,0.19041333333333332
2022-07-09T13:24:57Z,algae_brown,766,0.1905
2022-07-09T13:24:57Z,algae_brown,768,0.19032857142857146
2022-07-09T13:24:57Z,algae_brown,770,0.1898142857142857
2022-07-09T13:24:57Z,algae_brown,772,0.18924285714285713
2022-07-09T13:24:57Z,algae_brown,774,0.1888
2022-07-09T13:24:57Z,algae_brown,776,0.18842
2022-07-09T13:24:57Z,algae_brown,778,0.18822142857142857
2022-07-09T13:24:57Z,algae_brown,780,0.18798571428571428
2022-07-09T13:24:57Z,algae_brown,782,0.18779333333333334
2022-07-09T13:24:57Z,algae_brown,784,0.18760714285714286
2022-07-09T13:24:57Z,algae_brown,786,0.18743333333333334
2022-07-09T13:24:57Z,algae_brown,788,0.1872285714285714
2022-07-09T13:24:57Z,algae_brown,790,0.18698666666666666
2022-07-09T13:24:57Z,algae_brown,792,0.18685000000000002
2022-07-09T13:24:57Z,algae_brown,794,0.18670714285714285
2022-07-09T13:24:57Z,algae_brown,796,0.1866
2022-07-09T13:24:57Z,algae_brown,798,0.1866
2022-07-09T13:24:57Z,algae_brown,800,0.18639285714285714
2022-07-09T13:25:50Z,algae_brown,340,0.02733529411764706
2022-07-09T13:25:50Z,algae_brown,342,0.0270875
2022-07-09T13:25:50Z,algae_brown,344,0.026894117647058825
2022-07-09T13:25:50Z,algae_brown,346,0.0265875
2022-07-09T13:25:50Z,algae_brown,348,0.0265
2022-07-09T13:25:50Z,algae_brown,350,0.0262
2022-07-09T13:25:50Z,algae_brown,352,0.025829411764705885
2022-07-09T13:25:50Z,algae_brown,354,0.02546875
2022-07-09T13:25:50Z,algae_brown,356,0.02550625
2022-07-09T13:25:50Z,algae_brown,358,0.025423529411764702
2022-07-09T13:25:50Z,algae_brown,360,0.024687500000000005
2022-07-09T13:25:50Z,algae_brown,362,0.024494117647058822
2022-07-09T13:25:50Z,algae_brown,364,0.024075000000000003
2022-07-09T13:25:50Z,algae_brown,366,0.02365625
2022-07-09T13:25:50Z,algae_brown,368,0.0236
2022-07-09T13:25:50Z,algae_brown,370,0.023275
2022-07-09T13:25:50Z,algae_brown,372,0.02325
2022-07-09T13:25:50Z,algae_brown,374,0.02308823529411765
2022-07-09T13:25:50Z,algae_brown,376,0.02234375000000001
2022-07-09T13:25:50Z,algae_brown,378,0.02181764705882353
2022-07-09T13:25:50Z,algae_brown,380,0.021975
2022-07-09T13:25:50Z,algae_brown,382,0.022349999999999995
2022-07-09T13:25:50Z,algae_brown,384,0.0220625
2022-07-09T13:25:50Z,algae_brown,386,0.0213
2022-07-09T13:25:50Z,algae_brown,388,0.021175
2022-07-09T13:25:50Z,algae_brown,390,0.02073125
2022-07-09T13:25:50Z,algae_brown,392,0.021168749999999997
2022-07-09T13:25:50Z,algae_brown,394,0.0216
2022-07-09T13:25:50Z,algae_brown,396,0.020724999999999997
2022-07-09T13:25:50Z,algae_brown,398,0.0203
2022-07-09T13:25:50Z,algae_brown,400,0.019649999999999997
2022-07-09T13:25:50Z,algae_brown,402,0.019799999999999998
2022-07-09T13:25:50Z,algae_brown,404,0.0199
2022-07-09T13:25:50Z,algae_brown,406,0.01985625
2022-07-09T13:25:50Z,algae_brown,408,0.019593749999999997
2022-07-09T13:25:50Z,algae_brown,410,0.0195
2022-07-09T13:25:50Z,algae_brown,412,0.0192625
2022-07-09T13:25:50Z,algae_brown,414,0.0191
2022-07-09T13:25:50Z,algae_brown,416,0.0191
2022-07-09T13:25:50Z,algae_brown,418,0.0191
2022-07-09T13:25:50Z,algae_brown,420,0.0189875
2022-07-09T13:25:50Z,algae_brown,422,0.0189
2022-07-09T13:25:50Z,algae_brown,424,0.0189
2022-07-09T13:25:50Z,algae_brown,426,0.018812499999999996
2022-07-09T13:25:50Z,algae_brown,428,0.0189375
2022-07-09T13:25:50Z,algae_brown,430,0.0191625
2022-07-09T13:25:50Z,algae_brown,432,0.018600000000000005
2022-07-09T13:25:50Z,algae_brown,434,0.0183
2022-07-09T13:25:50Z,algae_brown,436,0.0183125
2022-07-09T13:25:50Z,algae_brown,438,0.018512500000000005
2022-07-09T13:25:50Z,algae_brown,440,0.018575000000000005
2022-07-09T13:25:50Z,algae_brown,442,0.018325
2022-07-09T13:25:50Z,algae_brown,444,0.018425
2022-07-09T13:25:50Z,algae_brown,446,0.0186375
2022-07-09T13:25:50Z,algae_brown,448,0.0186375
2022-07-09T13:25:50Z,algae_brown,450,0.018600000000000002
2022-07-09T13:25:50Z,algae_brown,452,0.0187375
2022-07-09T13:25:50Z,algae_brown,454,0.0189625
2022-07-09T13:25:50Z,algae_brown,456,0.0188375
2022-07-09T13:25:50Z,algae_brown,458,0.0188875
2022-07-09T13:25:50Z,algae_brown,460,0.0189875
2022-07-09T13:25:50Z,algae_brown,462,0.0189
2022-07-09T13:25:50Z,algae_brown,464,0.019024999999999997
2022-07-09T13:25:50Z,algae_brown,466,0.0191875
2022-07-09T13:25:50Z,algae_brown,468,0.0192
2022-07-09T13:25:50Z,algae_brown,470,0.019243749999999997
2022-07-09T13:25:50Z,algae_brown,472,0.019299999999999998
2022-07-09T13:25:50Z,algae_brown,474,0.019393749999999998
2022-07-09T13:25:50Z,algae_brown,476,0.01951875
2022-07-09T13:25:50Z,algae_brown,478,0.019643749999999998
2022-07-09T13:25:50Z,algae_brown,480,0.0197
2022-07-09T13:25:50Z,algae_brown,482,0.019799999999999998
2022-07-09T13:25:50Z,algae_brown,484,0.020074999999999996
2022-07-09T13:25:50Z,algae_brown,486,0.02045
2022-07-09T13:25:50Z,algae_brown,488,0.020224999999999993
2022-07-09T13:25:50Z,algae_brown,490,0.019799999999999998
2022-07-09T13:25:50Z,algae_brown,492,0.0200625
2022-07-09T13:25:50Z,algae_brown,494,0.02014375
2022-07-09T13:25:50Z,algae_brown,496,0.020099999999999996
2022-07-09T13:25:50Z,algae_brown,498,0.020312499999999997
2022-07-09T13:25:50Z,algae_brown,500,0.020475000000000004
2022-07-09T13:25:50Z,algae_brown,502,0.0206
2022-07-09T13:25:50Z,algae_brown,504,0.0206
2022-07-09T13:25:50Z,algae_brown,506,0.0206375
2022-07-09T13:25:50Z,algae_brown,508,0.0208875
2022-07-09T13:25:50Z,algae_brown,510,0.02106875
2022-07-09T13:25:50Z,algae_brown,512,0.0213
2022-07-09T13:25:50Z,algae_brown,514,0.021649999999999996
2022-07-09T13:25:50Z,algae_brown,516,0.02195999999999999
2022-07-09T13:25:50Z,algae_brown,518,0.022262500000000005
2022-07-09T13:25:50Z,algae_brown,520,0.022099999999999998
2022-07-09T13:25:50Z,algae_brown,522,0.0222
2022-07-09T13:25:50Z,algae_brown,524,0.022525
2022-07-09T13:25:50Z,algae_brown,526,0.023037499999999985
2022-07-09T13:25:50Z,algae_brown,528,0.02338125
2022-07-09T13:25:50Z,algae_brown,530,0.02334666666666667
2022-07-09T13:25:50Z,algae_brown,532,0.023775000000000008
2022-07-09T13:25:50Z,algae_brown,534,0.0242
2022-07-09T13:25:50Z,algae_brown,536,0.024493749999999998
2022-07-09T13:25:50Z,algae_brown,538,0.024924999999999992
2022-07-09T13:25:50Z,algae_brown,540,0.025446666666666652
2022-07-09T13:25:50Z,algae_brown,542,0.02592666666666667
2022-07-09T13:25:50Z,algae_brown,544,0.026275000000000007
2022-07-09T13:25:50Z,algae_brown,546,0.026775
2022-07-09T13:25:50Z,algae_brown,548,0.0275
2022-07-09T13:25:50Z,algae_brown,550,0.028149999999999988
2022-07-09T13:25:50Z,algae_brown,552,0.02891999999999998
2022-07-09T13:25:50Z,algae_brown,554,0.029768750000000014
2022-07-09T13:25:50Z,algae_brown,556,0.030712500000000025
2022-07-09T13:25:50Z,algae_brown,558,0.03186000000000001
2022-07-09T13:25:50Z,algae_brown,560,0.03295000000000001
2022-07-09T13:25:50Z,algae_brown,562,0.034
2022-07-09T13:25:50Z,algae_brown,564,0.03503999999999998
2022-07-09T13:25:50Z,algae_brown,566,0.03614999999999998
2022-07-09T13:25:50Z,algae_brown,568,0.03710666666666665
2022-07-09T13:25:50Z,algae_brown,570,0.03798000000000002
2022-07-09T13:25:50Z,algae_brown,572,0.03867500000000001
2022-07-09T13:25:50Z,algae_brown,574,0.03912
2022-07-09T13:25:50Z,algae_brown,576,0.039599999999999996
2022-07-09T13:25:50Z,algae_brown,578,0.039831250000000006
2022-07-09T13:25:50Z,algae_brown,580,0.039900000000000005
2022-07-09T13:25:50Z,algae_brown,582,0.039725
2022-07-09T13:25:50Z,algae_brown,584,0.0397
2022-07-09T13:25:50Z,algae_brown,586,0.0398
2022-07-09T13:25:50Z,algae_brown,588,0.040060000000000005
2022-07-09T13:25:50Z,algae_brown,590,0.04050666666666667
2022-07-09T13:25:50Z,algae_brown,592,0.0406375
2022-07-09T13:25:50Z,algae_brown,594,0.04103333333333333
2022-07-09T13:25:50Z,algae_brown,596,0.0418
2022-07-09T13:25:50Z,algae_brown,598,0.04243333333333333
2022-07-09T13:25:50Z,algae_brown,600,0.043024999999999994
2022-07-09T13:25:50Z,algae_brown,602,0.04328666666666666
2022-07-09T13:25:50Z,algae_brown,604,0.04290625000000001
2022-07-09T13:25:50Z,algae_brown,606,0.04221999999999999
2022-07-09T13:25:50Z,algae_brown,608,0.04125999999999998
2022-07-09T13:25:50Z,algae_brown,610,0.04023333333333332
2022-07-09T13:25:50Z,algae_brown,612,0.03889999999999998
2022-07-09T13:25:50Z,algae_brown,614,0.03768125
2022-07-09T13:25:50Z,algae_brown,616,0.0365
2022-07-09T13:25:50Z,algae_brown,618,0.03553333333333333
2022-07-09T13:25:50Z,algae_brown,620,0.03462500000000001
2022-07-09T13:25:50Z,algae_brown,622,0.034120000000000004
2022-07-09T13:25:50Z,algae_brown,624,0.033850000000000005
2022-07-09T13:25:50Z,algae_brown,626,0.03359333333333334
2022-07-09T13:25:50Z,algae_brown,628,0.03324000000000001
2022-07-09T13:25:50Z,algae_brown,630,0.03294375000000001
2022-07-09T13:25:50Z,algae_brown,632,0.03260666666666666
2022-07-09T13:25:50Z,algae_brown,634,0.03225999999999999
2022-07-09T13:25:50Z,algae_brown,636,0.032113333333333334
2022-07-09T13:25:50Z,algae_brown,638,0.032287500000000004
2022-07-09T13:25:50Z,algae_brown,640,0.03276666666666667
2022-07-09T13:25:50Z,algae_brown,642,0.03343333333333334
2022-07-09T13:25:50Z,algae_brown,644,0.03406000000000001
2022-07-09T13:25:50Z,algae_brown,646,0.03464375
2022-07-09T13:25:50Z,algae_brown,648,0.035
2022-07-09T13:25:50Z,algae_brown,650,0.03473333333333333
2022-07-09T13:25:50Z,algae_brown,652,0.033800000000000004
2022-07-09T13:25:50Z,algae_brown,654,0.032400000000000005
2022-07-09T13:25:50Z,algae_brown,656,0.031066666666666666
2022-07-09T13:25:50Z,algae_brown,658,0.028950000000000017
2022-07-09T13:25:50Z,algae_brown,660,0.026333333333333365
2022-07-09T13:25:50Z,algae_brown,662,0.024506666666666684
2022-07-09T13:25:50Z,algae_brown,664,0.02322000000000001
2022-07-09T13:25:50Z,algae_brown,666,0.022433333333333343
2022-07-09T13:25:50Z,algae_brown,668,0.021920000000000005
2022-07-09T13:25:50Z,algae_brown,670,0.0217
2022-07-09T13:25:50Z,algae_brown,672,0.021886666666666662
2022-07-09T13:25:50Z,algae_brown,674,0.022279999999999994
2022-07-09T13:25:50Z,algae_brown,676,0.02279999999999999
2022-07-09T13:25:50Z,algae_brown,678,0.02346666666666666
2022-07-09T13:25:50Z,algae_brown,680,0.024259999999999993
2022-07-09T13:25:50Z,algae_brown,682,0.025179999999999987
2022-07-09T13:25:50Z,algae_brown,684,0.026339999999999985
2022-07-09T13:25:50Z,algae_brown,686,0.028466666666666626
2022-07-09T13:25:50Z,algae_brown,688,0.031679999999999965
2022-07-09T13:25:50Z,algae_brown,690,0.034746666666666634
2022-07-09T13:25:50Z,algae_brown,692,0.03939999999999993
2022-07-09T13:25:50Z,algae_brown,694,0.045999999999999916
2022-07-09T13:25:50Z,algae_brown,696,0.053799999999999903
2022-07-09T13:25:50Z,algae_brown,698,0.06228666666666656
2022-07-09T13:25:50Z,algae_brown,700,0.0713999999999999
2022-07-09T13:25:50Z,algae_brown,702,0.08054666666666657
2022-07-09T13:25:50Z,algae_brown,704,0.08923333333333333
2022-07-09T13:25:50Z,algae_brown,706,0.09676666666666667
2022-07-09T13:25:50Z,algae_brown,708,0.1035
2022-07-09T13:25:50Z,algae_brown,710,0.10903333333333333
2022-07-09T13:25:50Z,algae_brown,712,0.11376666666666667
2022-07-09T13:25:50Z,algae_brown,714,0.11786000000000003
2022-07-09T13:25:50Z,algae_brown,716,0.12118000000000004
2022-07-09T13:25:50Z,algae_brown,718,0.12485333333333339
2022-07-09T13:25:50Z,algae_brown,720,0.1272
2022-07-09T13:25:50Z,algae_brown,722,0.12748
2022-07-09T13:25:50Z,algae_brown,724,0.12900000000000003
2022-07-09T13:25:50Z,algae_brown,726,0.1303
2022-07-09T13:25:50Z,algae_brown,728,0.13121999999999998
2022-07-09T13:25:50Z,algae_brown,730,0.13193333333333332
2022-07-09T13:25:50Z,algae_brown,732,0.13217857142857145
2022-07-09T13:25:50Z,algae_brown,734,0.13227999999999998
2022-07-09T13:25:50Z,algae_brown,736,0.13286666666666666
2022-07-09T13:25:50Z,algae_brown,738,0.1333
2022-07-09T13:25:50Z,algae_brown,740,0.13363333333333333
2022-07-09T13:25:50Z,algae_brown,742,0.1338
2022-07-09T13:25:50Z,algae_brown,744,0.13369999999999999
2022-07-09T13:25:50Z,algae_brown,746,0.13377857142857144
2022-07-09T13:25:50Z,algae_brown,748,0.13378666666666666
2022-07-09T13:25:50Z,algae_brown,750,0.13374999999999998
2022-07-09T13:25:50Z,algae_brown,752,0.13371333333333332
2022-07-09T13:25:50Z,algae_brown,754,0.13345714285714286
2022-07-09T13:25:50Z,algae_brown,756,0.13312000000000002
2022-07-09T13:25:50Z,algae_brown,758,0.1329
2022-07-09T13:25:50Z,algae_brown,760,0.13747142857142858
2022-07-09T13:25:50Z,algae_brown,762,0.13875999999999997
2022-07-09T13:25:50Z,algae_brown,764,0.1344999999999999
2022-07-09T13:25:50Z,algae_brown,766,0.13101333333333326
2022-07-09T13:25:50Z,algae_brown,768,0.1294857142857143
2022-07-09T13:25:50Z,algae_brown,770,0.12980714285714284
2022-07-09T13:25:50Z,algae_brown,772,0.13039285714285714
2022-07-09T13:25:50Z,algae_brown,774,0.1307
2022-07-09T13:25:50Z,algae_brown,776,0.13076000000000002
2022-07-09T13:25:50Z,algae_brown,778,0.1307
2022-07-09T13:25:50Z,algae_brown,780,0.13058571428571428
2022-07-09T13:25:50Z,algae_brown,782,0.13044666666666666
2022-07-09T13:25:50Z,algae_brown,784,0.13030714285714284
2022-07-09T13:25:50Z,algae_brown,786,0.13016666666666665
2022-07-09T13:25:50Z,algae_brown,788,0.1301
2022-07-09T13:25:50Z,algae_brown,790,0.12998666666666667
2022-07-09T13:25:50Z,algae_brown,792,0.12985000000000002
2022-07-09T13:25:50Z,algae_brown,794,0.12970714285714285
2022-07-09T13:25:50Z,algae_brown,796,0.12947142857142857
2022-07-09T13:25:50Z,algae_brown,798,0.12925714285714285
2022-07-09T13:25:50Z,algae_brown,800,0.12929285714285715
2022-07-09T13:27:37Z,algae_brown,340,0.031558823529411764
2022-07-09T13:27:37Z,algae_brown,342,0.0314125
2022-07-09T13:27:37Z,algae_brown,344,0.03146470588235294
2022-07-09T13:27:37Z,algae_brown,346,0.031231250000000002
2022-07-09T13:27:37Z,algae_brown,348,0.0311
2022-07-09T13:27:37Z,algae_brown,350,0.030899999999999997
2022-07-09T13:27:37Z,algae_brown,352,0.030705882352941184
2022-07-09T13:27:37Z,algae_brown,354,0.030137499999999998
2022-07-09T13:27:37Z,algae_brown,356,0.0299375
2022-07-09T13:27:37Z,algae_brown,358,0.03044117647058824
2022-07-09T13:27:37Z,algae_brown,360,0.029862500000000004
2022-07-09T13:27:37Z,algae_brown,362,0.0296
2022-07-09T13:27:37Z,algae_brown,364,0.029375000000000002
2022-07-09T13:27:37Z,algae_brown,366,0.028793750000000003
2022-07-09T13:27:37Z,algae_brown,368,0.0285
2022-07-09T13:27:37Z,algae_brown,370,0.028100000000000003
2022-07-09T13:27:37Z,algae_brown,372,0.027899999999999998
2022-07-09T13:27:37Z,algae_brown,374,0.028352941176470588
2022-07-09T13:27:37Z,algae_brown,376,0.028125000000000004
2022-07-09T13:27:37Z,algae_brown,378,0.02722941176470588
2022-07-09T13:27:37Z,algae_brown,380,0.026824999999999998
2022-07-09T13:27:37Z,algae_brown,382,0.02719999999999999
2022-07-09T13:27:37Z,algae_brown,384,0.0277625
2022-07-09T13:27:37Z,algae_brown,386,0.027376470588235297
2022-07-09T13:27:37Z,algae_brown,388,0.027168750000000002
2022-07-09T13:27:37Z,algae_brown,390,0.02665
2022-07-09T13:27:37Z,algae_brown,392,0.02638125
2022-07-09T13:27:37Z,algae_brown,394,0.0274
2022-07-09T13:27:37Z,algae_brown,396,0.027374999999999997
2022-07-09T13:27:37Z,algae_brown,398,0.027200000000000002
2022-07-09T13:27:37Z,algae_brown,400,0.026274999999999993
2022-07-09T13:27:37Z,algae_brown,402,0.025699999999999997
2022-07-09T13:27:37Z,algae_brown,404,0.025623529411764705
2022-07-09T13:27:37Z,algae_brown,406,0.02574375
2022-07-09T13:27:37Z,algae_brown,408,0.0256625
2022-07-09T13:27:37Z,algae_brown,410,0.02550625
2022-07-09T13:27:37Z,algae_brown,412,0.0253625
2022-07-09T13:27:37Z,algae_brown,414,0.025156249999999998
2022-07-09T13:27:37Z,algae_brown,416,0.025031249999999998
2022-07-09T13:27:37Z,algae_brown,418,0.025
2022-07-09T13:27:37Z,algae_brown,420,0.024975
2022-07-09T13:27:37Z,algae_brown,422,0.0247625
2022-07-09T13:27:37Z,algae_brown,424,0.024700000000000003
2022-07-09T13:27:37Z,algae_brown,426,0.0246125
2022-07-09T13:27:37Z,algae_brown,428,0.024425
2022-07-09T13:27:37Z,algae_brown,430,0.024787500000000004
2022-07-09T13:27:37Z,algae_brown,432,0.024850000000000004
2022-07-09T13:27:37Z,algae_brown,434,0.024437499999999997
2022-07-09T13:27:37Z,algae_brown,436,0.024075000000000003
2022-07-09T13:27:37Z,algae_brown,438,0.024012500000000003
2022-07-09T13:27:37Z,algae_brown,440,0.0242625
2022-07-09T13:27:37Z,algae_brown,442,0.024125
2022-07-09T13:27:37Z,algae_brown,444,0.0239125
2022-07-09T13:27:37Z,algae_brown,446,0.0240375
2022-07-09T13:27:37Z,algae_brown,448,0.0241
2022-07-09T13:27:37Z,algae_brown,450,0.0240125
2022-07-09T13:27:37Z,algae_brown,452,0.0239125
2022-07-09T13:27:37Z,algae_brown,454,0.024075000000000003
2022-07-09T13:27:37Z,algae_brown,456,0.0241375
2022-07-09T13:27:37Z,algae_brown,458,0.0240125
2022-07-09T13:27:37Z,algae_brown,460,0.0241
2022-07-09T13:27:37Z,algae_brown,462,0.0240625
2022-07-09T13:27:37Z,algae_brown,464,0.024
2022-07-09T13:27:37Z,algae_brown,466,0.0240875
2022-07-09T13:27:37Z,algae_brown,468,0.024213333333333333
2022-07-09T13:27:37Z,algae_brown,470,0.02434375
2022-07-09T13:27:37Z,algae_brown,472,0.024399999999999998
2022-07-09T13:27:37Z,algae_brown,474,0.024399999999999998
2022-07-09T13:27:37Z,algae_brown,476,0.024537500000000004
2022-07-09T13:27:37Z,algae_brown,478,0.024700000000000003
2022-07-09T13:27:37Z,algae_brown,480,0.024700000000000003
2022-07-09T13:27:37Z,algae_brown,482,0.024700000000000003
2022-07-09T13:27:37Z,algae_brown,484,0.02465
2022-07-09T13:27:37Z,algae_brown,486,0.025
2022-07-09T13:27:37Z,algae_brown,488,0.025275000000000002
2022-07-09T13:27:37Z,algae_brown,490,0.025099999999999997
2022-07-09T13:27:37Z,algae_brown,492,0.025031249999999998
2022-07-09T13:27:37Z,algae_brown,494,0.025099999999999997
2022-07-09T13:27:37Z,algae_brown,496,0.025099999999999997
2022-07-09T13:27:37Z,algae_brown,498,0.025112499999999996
2022-07-09T13:27:37Z,algae_brown,500,0.025275000000000002
2022-07-09T13:27:37Z,algae_brown,502,0.025525
2022-07-09T13:27:37Z,algae_brown,504,0.02569333333333333
2022-07-09T13:27:37Z,algae_brown,506,0.02571875
2022-07-09T13:27:37Z,algae_brown,508,0.02584375
2022-07-09T13:27:37Z,algae_brown,510,0.025968750000000002
2022-07-09T13:27:37Z,algae_brown,512,0.026099999999999998
2022-07-09T13:27:37Z,algae_brown,514,0.026225
2022-07-09T13:27:37Z,algae_brown,516,0.02640666666666666
2022-07-09T13:27:37Z,algae_brown,518,0.02682500000000001
2022-07-09T13:27:37Z,algae_brown,520,0.026781249999999996
2022-07-09T13:27:37Z,algae_brown,522,0.026433333333333333
2022-07-09T13:27:37Z,algae_brown,524,0.0263625
2022-07-09T13:27:37Z,algae_brown,526,0.026662499999999992
2022-07-09T13:27:37Z,algae_brown,528,0.027337499999999997
2022-07-09T13:27:37Z,algae_brown,530,0.02754666666666667
2022-07-09T13:27:37Z,algae_brown,532,0.027825000000000006
2022-07-09T13:27:37Z,algae_brown,534,0.028300000000000002
2022-07-09T13:27:37Z,algae_brown,536,0.02869375
2022-07-09T13:27:37Z,algae_brown,538,0.029068749999999994
2022-07-09T13:27:37Z,algae_brown,540,0.029546666666666655
2022-07-09T13:27:37Z,algae_brown,542,0.030253333333333347
2022-07-09T13:27:37Z,algae_brown,544,0.03077500000000001
2022-07-09T13:27:37Z,algae_brown,546,0.031343750000000004
2022-07-09T13:27:37Z,algae_brown,548,0.0321
2022-07-09T13:27:37Z,algae_brown,550,0.03287499999999999
2022-07-09T13:27:37Z,algae_brown,552,0.03377333333333331
2022-07-09T13:27:37Z,algae_brown,554,0.03475000000000002
2022-07-09T13:27:37Z,algae_brown,556,0.03580000000000002
2022-07-09T13:27:37Z,algae_brown,558,0.036940000000000014
2022-07-09T13:27:37Z,algae_brown,560,0.0382875
2022-07-09T13:27:37Z,algae_brown,562,0.0394
2022-07-09T13:27:37Z,algae_brown,564,0.04048666666666666
2022-07-09T13:27:37Z,algae_brown,566,0.04150624999999998
2022-07-09T13:27:37Z,algae_brown,568,0.042419999999999985
2022-07-09T13:27:37Z,algae_brown,570,0.04318000000000002
2022-07-09T13:27:37Z,algae_brown,572,0.04383125000000001
2022-07-09T13:27:37Z,algae_brown,574,0.04407333333333334
2022-07-09T13:27:37Z,algae_brown,576,0.0443
2022-07-09T13:27:37Z,algae_brown,578,0.0445625
2022-07-09T13:27:37Z,algae_brown,580,0.04476
2022-07-09T13:27:37Z,algae_brown,582,0.044800000000000006
2022-07-09T13:27:37Z,algae_brown,584,0.04468
2022-07-09T13:27:37Z,algae_brown,586,0.0446
2022-07-09T13:27:37Z,algae_brown,588,0.0446
2022-07-09T13:27:37Z,algae_brown,590,0.04523333333333334
2022-07-09T13:27:37Z,algae_brown,592,0.04585000000000001
2022-07-09T13:27:37Z,algae_brown,594,0.04643333333333333
2022-07-09T13:27:37Z,algae_brown,596,0.0472
2022-07-09T13:27:37Z,algae_brown,598,0.04793333333333333
2022-07-09T13:27:37Z,algae_brown,600,0.04852499999999999
2022-07-09T13:27:37Z,algae_brown,602,0.048873333333333324
2022-07-09T13:27:37Z,algae_brown,604,0.048706250000000006
2022-07-09T13:27:37Z,algae_brown,606,0.047926666666666645
2022-07-09T13:27:37Z,algae_brown,608,0.04669999999999998
2022-07-09T13:27:37Z,algae_brown,610,0.04543333333333332
2022-07-09T13:27:37Z,algae_brown,612,0.04405999999999999
2022-07-09T13:27:37Z,algae_brown,614,0.042712499999999994
2022-07-09T13:27:37Z,algae_brown,616,0.0415
2022-07-09T13:27:37Z,algae_brown,618,0.04056666666666667
2022-07-09T13:27:37Z,algae_brown,620,0.039725
2022-07-09T13:27:37Z,algae_brown,622,0.038940000000000016
2022-07-09T13:27:37Z,algae_brown,624,0.03855
2022-07-09T13:27:37Z,algae_brown,626,0.03829333333333334
2022-07-09T13:27:37Z,algae_brown,628,0.03794000000000001
2022-07-09T13:27:37Z,algae_brown,630,0.037643750000000004
2022-07-09T13:27:37Z,algae_brown,632,0.037259999999999995
2022-07-09T13:27:37Z,algae_brown,634,0.036939999999999994
2022-07-09T13:27:37Z,algae_brown,636,0.0368
2022-07-09T13:27:37Z,algae_brown,638,0.036931250000000006
2022-07-09T13:27:37Z,algae_brown,640,0.03739333333333334
2022-07-09T13:27:37Z,algae_brown,642,0.03824666666666668
2022-07-09T13:27:37Z,algae_brown,644,0.039020000000000006
2022-07-09T13:27:37Z,algae_brown,646,0.0392
2022-07-09T13:27:37Z,algae_brown,648,0.0393
2022-07-09T13:27:37Z,algae_brown,650,0.03916666666666667
2022-07-09T13:27:37Z,algae_brown,652,0.038233333333333334
2022-07-09T13:27:37Z,algae_brown,654,0.0366
2022-07-09T13:27:37Z,algae_brown,656,0.0347
2022-07-09T13:27:37Z,algae_brown,658,0.03290000000000001
2022-07-09T13:27:37Z,algae_brown,660,0.030620000000000026
2022-07-09T13:27:37Z,algae_brown,662,0.02852666666666669
2022-07-09T13:27:37Z,algae_brown,664,0.026960000000000015
2022-07-09T13:27:37Z,algae_brown,666,0.02613333333333334
2022-07-09T13:27:37Z,algae_brown,668,0.025773333333333336
2022-07-09T13:27:37Z,algae_brown,670,0.025759999999999998
2022-07-09T13:27:37Z,algae_brown,672,0.025986666666666665
2022-07-09T13:27:37Z,algae_brown,674,0.026533333333333325
2022-07-09T13:27:37Z,algae_brown,676,0.027259999999999993
2022-07-09T13:27:37Z,algae_brown,678,0.028153333333333322
2022-07-09T13:27:37Z,algae_brown,680,0.029239999999999985
2022-07-09T13:27:37Z,algae_brown,682,0.030439999999999988
2022-07-09T13:27:37Z,algae_brown,684,0.03173333333333332
2022-07-09T13:27:37Z,algae_brown,686,0.033766666666666625
2022-07-09T13:27:37Z,algae_brown,688,0.037579999999999954
2022-07-09T13:27:37Z,algae_brown,690,0.04225999999999995
2022-07-09T13:27:37Z,algae_brown,692,0.04783333333333326
2022-07-09T13:27:37Z,algae_brown,694,0.05521999999999991
2022-07-09T13:27:37Z,algae_brown,696,0.06423333333333323
2022-07-09T13:27:37Z,algae_brown,698,0.07420666666666655
2022-07-09T13:27:37Z,algae_brown,700,0.08497999999999988
2022-07-09T13:27:37Z,algae_brown,702,0.09595333333333321
2022-07-09T13:27:37Z,algae_brown,704,0.10676666666666666
2022-07-09T13:27:37Z,algae_brown,706,0.1159
2022-07-09T13:27:37Z,algae_brown,708,0.124
2022-07-09T13:27:37Z,algae_brown,710,0.1307
2022-07-09T13:27:37Z,algae_brown,712,0.13636666666666666
2022-07-09T13:27:37Z,algae_brown,714,0.14117333333333337
2022-07-09T13:27:37Z,algae_brown,716,0.14460000000000003
2022-07-09T13:27:37Z,algae_brown,718,0.14830000000000004
2022-07-09T13:27:37Z,algae_brown,720,0.1518857142857143
2022-07-09T13:27:37Z,algae_brown,722,0.15328
2022-07-09T13:27:37Z,algae_brown,724,0.15472000000000005
2022-07-09T13:27:37Z,algae_brown,726,0.15611428571428573
2022-07-09T13:27:37Z,algae_brown,728,0.15722666666666663
2022-07-09T13:27:37Z,algae_brown,730,0.15820666666666663
2022-07-09T13:27:37Z,algae_brown,732,0.15882142857142856
2022-07-09T13:27:37Z,algae_brown,734,0.1589
2022-07-09T13:27:37Z,algae_brown,736,0.15927333333333332
2022-07-09T13:27:37Z,algae_brown,738,0.15956666666666666
2022-07-09T13:27:37Z,algae_brown,740,0.15976666666666667
2022-07-09T13:27:37Z,algae_brown,742,0.15990000000000001
2022-07-09T13:27:37Z,algae_brown,744,0.15986
2022-07-09T13:27:37Z,algae_brown,746,0.15972142857142857
2022-07-09T13:27:37Z,algae_brown,748,0.15957333333333334
2022-07-09T13:27:37Z,algae_brown,750,0.15935
2022-07-09T13:27:37Z,algae_brown,752,0.15921333333333335
2022-07-09T13:27:37Z,algae_brown,754,0.15885714285714286
2022-07-09T13:27:37Z,algae_brown,756,0.15846
2022-07-09T13:27:37Z,algae_brown,758,0.1574
2022-07-09T13:27:37Z,algae_brown,760,0.15925714285714287
2022-07-09T13:27:37Z,algae_brown,762,0.16162666666666667
2022-07-09T13:27:37Z,algae_brown,764,0.16059999999999994
2022-07-09T13:27:37Z,algae_brown,766,0.1585066666666666
2022-07-09T13:27:37Z,algae_brown,768,0.1564857142857143
2022-07-09T13:27:37Z,algae_brown,770,0.15573571428571428
2022-07-09T13:27:37Z,algae_brown,772,0.1554357142857143
2022-07-09T13:27:37Z,algae_brown,774,0.1553
2022-07-09T13:27:37Z,algae_brown,776,0.15526
2022-07-09T13:27:37Z,algae_brown,778,0.1552
2022-07-09T13:27:37Z,algae_brown,780,0.15498571428571428
2022-07-09T13:27:37Z,algae_brown,782,0.15479333333333334
2022-07-09T13:27:37Z,algae_brown,784,0.15460714285714286
2022-07-09T13:27:37Z,algae_brown,786,0.15443333333333334
2022-07-09T13:27:37Z,algae_brown,788,0.1543
2022-07-09T13:27:37Z,algae_brown,790,0.15418666666666667
2022-07-09T13:27:37Z,algae_brown,792,0.15405000000000002
2022-07-09T13:27:37Z,algae_brown,794,0.15390714285714285
2022-07-09T13:27:37Z,algae_brown,796,0.1537714285714286
2022-07-09T13:27:37Z,algae_brown,798,0.15362857142857142
2022-07-09T13:27:37Z,algae_brown,800,0.15349285714285715
2022-07-09T13:35:50Z,algae_brown,340,0.10585882352941177
2022-07-09T13:35:50Z,algae_brown,342,0.1058875
2022-07-09T13:35:50Z,algae_brown,344,0.1059764705882353
2022-07-09T13:35:50Z,algae_brown,346,0.10652500000000001
2022-07-09T13:35:50Z,algae_brown,348,0.1067
2022-07-09T13:35:50Z,algae_brown,350,0.1069
2022-07-09T13:35:50Z,algae_brown,352,0.107
2022-07-09T13:35:50Z,algae_brown,354,0.1069125
2022-07-09T13:35:50Z,algae_brown,356,0.106525
2022-07-09T13:35:50Z,algae_brown,358,0.10684117647058823
2022-07-09T13:35:50Z,algae_brown,360,0.1081
2022-07-09T13:35:50Z,algae_brown,362,0.10813529411764707
2022-07-09T13:35:50Z,algae_brown,364,0.10825625000000001
2022-07-09T13:35:50Z,algae_brown,366,0.10830000000000001
2022-07-09T13:35:50Z,algae_brown,368,0.10800000000000001
2022-07-09T13:35:50Z,algae_brown,370,0.10765
2022-07-09T13:35:50Z,algae_brown,372,0.1073
2022-07-09T13:35:50Z,algae_brown,374,0.10738235294117647
2022-07-09T13:35:50Z,algae_brown,376,0.10815625
2022-07-09T13:35:50Z,algae_brown,378,0.10845882352941175
2022-07-09T13:35:50Z,algae_brown,380,0.1075375
2022-07-09T13:35:50Z,algae_brown,382,0.10672500000000001
2022-07-09T13:35:50Z,algae_brown,384,0.1072
2022-07-09T13:35:50Z,algae_brown,386,0.10831176470588236
2022-07-09T13:35:50Z,algae_brown,388,0.10836875
2022-07-09T13:35:50Z,algae_brown,390,0.10824375
2022-07-09T13:35:50Z,algae_brown,392,0.10746875000000002
2022-07-09T13:35:50Z,algae_brown,394,0.10679999999999999
2022-07-09T13:35:50Z,algae_brown,396,0.10807499999999999
2022-07-09T13:35:50Z,algae_brown,398,0.10894999999999999
2022-07-09T13:35:50Z,algae_brown,400,0.109225
2022-07-09T13:35:50Z,algae_brown,402,0.10830000000000001
2022-07-09T13:35:50Z,algae_brown,404,0.10718235294117648
2022-07-09T13:35:50Z,algae_brown,406,0.1067125
2022-07-09T13:35:50Z,algae_brown,408,0.1067375
2022-07-09T13:35:50Z,algae_brown,410,0.10679999999999999
2022-07-09T13:35:50Z,algae_brown,412,0.10681874999999999
2022-07-09T13:35:50Z,algae_brown,414,0.1068125
2022-07-09T13:35:50Z,algae_brown,416,0.10663125
2022-07-09T13:35:50Z,algae_brown,418,0.10642352941176471
2022-07-09T13:35:50Z,algae_brown,420,0.1065125
2022-07-09T13:35:50Z,algae_brown,422,0.1065625
2022-07-09T13:35:50Z,algae_brown,424,0.1064375
2022-07-09T13:35:50Z,algae_brown,426,0.10640000000000001
2022-07-09T13:35:50Z,algae_brown,428,0.10626250000000001
2022-07-09T13:35:50Z,algae_brown,430,0.10603749999999999
2022-07-09T13:35:50Z,algae_brown,432,0.1067875
2022-07-09T13:35:50Z,algae_brown,434,0.1076375
2022-07-09T13:35:50Z,algae_brown,436,0.107575
2022-07-09T13:35:50Z,algae_brown,438,0.10725
2022-07-09T13:35:50Z,algae_brown,440,0.107125
2022-07-09T13:35:50Z,algae_brown,442,0.10755
2022-07-09T13:35:50Z,algae_brown,444,0.10768749999999999
2022-07-09T13:35:50Z,algae_brown,446,0.1076375
2022-07-09T13:35:50Z,algae_brown,448,0.10782499999999999
2022-07-09T13:35:50Z,algae_brown,450,0.108075
2022-07-09T13:35:50Z,algae_brown,452,0.108075
2022-07-09T13:35:50Z,algae_brown,454,0.1079
2022-07-09T13:35:50Z,algae_brown,456,0.1080875
2022-07-09T13:35:50Z,algae_brown,458,0.108375
2022-07-09T13:35:50Z,algae_brown,460,0.108325
2022-07-09T13:35:50Z,algae_brown,462,0.1085375
2022-07-09T13:35:50Z,algae_brown,464,0.1085375
2022-07-09T13:35:50Z,algae_brown,466,0.1084125
2022-07-09T13:35:50Z,algae_brown,468,0.10852666666666666
2022-07-09T13:35:50Z,algae_brown,470,0.1087875
2022-07-09T13:35:50Z,algae_brown,472,0.10903750000000001
2022-07-09T13:35:50Z,algae_brown,474,0.10938125
2022-07-09T13:35:50Z,algae_brown,476,0.10951874999999998
2022-07-09T13:35:50Z,algae_brown,478,0.10964375
2022-07-09T13:35:50Z,algae_brown,480,0.10976875000000001
2022-07-09T13:35:50Z,algae_brown,482,0.10980000000000001
2022-07-09T13:35:50Z,algae_brown,484,0.109525
2022-07-09T13:35:50Z,algae_brown,486,0.10919999999999999
2022-07-09T13:35:50Z,algae_brown,488,0.1094
2022-07-09T13:35:50Z,algae_brown,490,0.1101
2022-07-09T13:35:50Z,algae_brown,492,0.11016875
2022-07-09T13:35:50Z,algae_brown,494,0.1101
2022-07-09T13:35:50Z,algae_brown,496,0.1101
2022-07-09T13:35:50Z,algae_brown,498,0.1100875
2022-07-09T13:35:50Z,algae_brown,500,0.11
2022-07-09T13:35:50Z,algae_brown,502,0.11006250000000001
2022-07-09T13:35:50Z,algae_brown,504,0.11037999999999999
2022-07-09T13:35:50Z,algae_brown,506,0.1107375
2022-07-09T13:35:50Z,algae_brown,508,0.1109
2022-07-09T13:35:50Z,algae_brown,510,0.11096875
2022-07-09T13:35:50Z,algae_brown,512,0.11109999999999999
2022-07-09T13:35:50Z,algae_brown,514,0.110975
2022-07-09T13:35:50Z,algae_brown,516,0.1109
2022-07-09T13:35:50Z,algae_brown,518,0.11081875
2022-07-09T13:35:50Z,algae_brown,520,0.11123125
2022-07-09T13:35:50Z,algae_brown,522,0.11173333333333332
2022-07-09T13:35:50Z,algae_brown,524,0.11192499999999998
2022-07-09T13:35:50Z,algae_brown,526,0.1119125
2022-07-09T13:35:50Z,algae_brown,528,0.11177499999999999
2022-07-09T13:35:50Z,algae_brown,530,0.11228666666666669
2022-07-09T13:35:50Z,algae_brown,532,0.1125
2022-07-09T13:35:50Z,algae_brown,534,0.1125
2022-07-09T13:35:50Z,algae_brown,536,0.1128625
2022-07-09T13:35:50Z,algae_brown,538,0.1131125
2022-07-09T13:35:50Z,algae_brown,540,0.11337333333333333
2022-07-09T13:35:50Z,algae_brown,542,0.11388000000000002
2022-07-09T13:35:50Z,algae_brown,544,0.11466250000000001
2022-07-09T13:35:50Z,algae_brown,546,0.11541250000000002
2022-07-09T13:35:50Z,algae_brown,548,0.1162
2022-07-09T13:35:50Z,algae_brown,550,0.11724999999999998
2022-07-09T13:35:50Z,algae_brown,552,0.11853333333333331
2022-07-09T13:35:50Z,algae_brown,554,0.11989375000000002
2022-07-09T13:35:50Z,algae_brown,556,0.12156250000000005
2022-07-09T13:35:50Z,algae_brown,558,0.12326000000000002
2022-07-09T13:35:50Z,algae_brown,560,0.12526875
2022-07-09T13:35:50Z,algae_brown,562,0.1275
2022-07-09T13:35:50Z,algae_brown,564,0.12969999999999998
2022-07-09T13:35:50Z,algae_brown,566,0.13153124999999996
2022-07-09T13:35:50Z,algae_brown,568,0.13322666666666663
2022-07-09T13:35:50Z,algae_brown,570,0.13456666666666667
2022-07-09T13:35:50Z,algae_brown,572,0.1350875
2022-07-09T13:35:50Z,algae_brown,574,0.13512666666666667
2022-07-09T13:35:50Z,algae_brown,576,0.1346
2022-07-09T13:35:50Z,algae_brown,578,0.13420625
2022-07-09T13:35:50Z,algae_brown,580,0.13394
2022-07-09T13:35:50Z,algae_brown,582,0.1338125
2022-07-09T13:35:50Z,algae_brown,584,0.13366
2022-07-09T13:35:50Z,algae_brown,586,0.13335000000000002
2022-07-09T13:35:50Z,algae_brown,588,0.1332
2022-07-09T13:35:50Z,algae_brown,590,0.13323333333333334
2022-07-09T13:35:50Z,algae_brown,592,0.13415
2022-07-09T13:35:50Z,algae_brown,594,0.13563333333333333
2022-07-09T13:35:50Z,algae_brown,596,0.1369
2022-07-09T13:35:50Z,algae_brown,598,0.13801333333333332
2022-07-09T13:35:50Z,algae_brown,600,0.13888124999999998
2022-07-09T13:35:50Z,algae_brown,602,0.13918666666666665
2022-07-09T13:35:50Z,algae_brown,604,0.13888750000000002
2022-07-09T13:35:50Z,algae_brown,606,0.13788666666666663
2022-07-09T13:35:50Z,algae_brown,608,0.13609999999999997
2022-07-09T13:35:50Z,algae_brown,610,0.1340933333333333
2022-07-09T13:35:50Z,algae_brown,612,0.13199999999999998
2022-07-09T13:35:50Z,algae_brown,614,0.13006875
2022-07-09T13:35:50Z,algae_brown,616,0.1284
2022-07-09T13:35:50Z,algae_brown,618,0.12693333333333334
2022-07-09T13:35:50Z,algae_brown,620,0.12608750000000002
2022-07-09T13:35:50Z,algae_brown,622,0.12534
2022-07-09T13:35:50Z,algae_brown,624,0.12470000000000002
2022-07-09T13:35:50Z,algae_brown,626,0.12424
2022-07-09T13:35:50Z,algae_brown,628,0.12392666666666668
2022-07-09T13:35:50Z,algae_brown,630,0.1236625
2022-07-09T13:35:50Z,algae_brown,632,0.12340666666666666
2022-07-09T13:35:50Z,algae_brown,634,0.1233
2022-07-09T13:35:50Z,algae_brown,636,0.12342666666666667
2022-07-09T13:35:50Z,algae_brown,638,0.12381875
2022-07-09T13:35:50Z,algae_brown,640,0.12454000000000001
2022-07-09T13:35:50Z,algae_brown,642,0.12536
2022-07-09T13:35:50Z,algae_brown,644,0.12639999999999998
2022-07-09T13:35:50Z,algae_brown,646,0.1268375
2022-07-09T13:35:50Z,algae_brown,648,0.127
2022-07-09T13:35:50Z,algae_brown,650,0.12669999999999998
2022-07-09T13:35:50Z,algae_brown,652,0.12563333333333332
2022-07-09T13:35:50Z,algae_brown,654,0.12380000000000001
2022-07-09T13:35:50Z,algae_brown,656,0.12123333333333333
2022-07-09T13:35:50Z,algae_brown,658,0.1185125
2022-07-09T13:35:50Z,algae_brown,660,0.11686666666666669
2022-07-09T13:35:50Z,algae_brown,662,0.11538000000000001
2022-07-09T13:35:50Z,algae_brown,664,0.1139
2022-07-09T13:35:50Z,algae_brown,666,0.11275333333333334
2022-07-09T13:35:50Z,algae_brown,668,0.11212000000000001
2022-07-09T13:35:50Z,algae_brown,670,0.11184
2022-07-09T13:35:50Z,algae_brown,672,0.1118
2022-07-09T13:35:50Z,algae_brown,674,0.11195333333333334
2022-07-09T13:35:50Z,algae_brown,676,0.11234
2022-07-09T13:35:50Z,algae_brown,678,0.11306
2022-07-09T13:35:50Z,algae_brown,680,0.11401333333333333
2022-07-09T13:35:50Z,algae_brown,682,0.11525999999999999
2022-07-09T13:35:50Z,algae_brown,684,0.11681999999999997
2022-07-09T13:35:50Z,algae_brown,686,0.1188333333333333
2022-07-09T13:35:50Z,algae_brown,688,0.12185999999999995
2022-07-09T13:35:50Z,algae_brown,690,0.12709999999999994
2022-07-09T13:35:50Z,algae_brown,692,0.13524666666666657
2022-07-09T13:35:50Z,algae_brown,694,0.14599999999999988
2022-07-09T13:35:50Z,algae_brown,696,0.16051999999999983
2022-07-09T13:35:50Z,algae_brown,698,0.17966666666666642
2022-07-09T13:35:50Z,algae_brown,700,0.20207999999999976
2022-07-09T13:35:50Z,algae_brown,702,0.22702666666666635
2022-07-09T13:35:50Z,algae_brown,704,0.2547
2022-07-09T13:35:50Z,algae_brown,706,0.2803
2022-07-09T13:35:50Z,algae_brown,708,0.3044
2022-07-09T13:35:50Z,algae_brown,710,0.326
2022-07-09T13:35:50Z,algae_brown,712,0.3454
2022-07-09T13:35:50Z,algae_brown,714,0.3630000000000001
2022-07-09T13:35:50Z,algae_brown,716,0.37620000000000015
2022-07-09T13:35:50Z,algae_brown,718,0.3872400000000001
2022-07-09T13:35:50Z,algae_brown,720,0.3995357142857145
2022-07-09T13:35:50Z,algae_brown,722,0.41288000000000025
2022-07-09T13:35:50Z,algae_brown,724,0.42216000000000026
2022-07-09T13:35:50Z,algae_brown,726,0.4303428571428573
2022-07-09T13:35:50Z,algae_brown,728,0.4383333333333332
2022-07-09T13:35:50Z,algae_brown,730,0.4454933333333332
2022-07-09T13:35:50Z,algae_brown,732,0.4525499999999999
2022-07-09T13:35:50Z,algae_brown,734,0.45891999999999994
2022-07-09T13:35:50Z,algae_brown,736,0.46377333333333326
2022-07-09T13:35:50Z,algae_brown,738,0.4686
2022-07-09T13:35:50Z,algae_brown,740,0.473
2022-07-09T13:35:50Z,algae_brown,742,0.47740000000000005
2022-07-09T13:35:50Z,algae_brown,744,0.48166000000000003
2022-07-09T13:35:50Z,algae_brown,746,0.4856785714285715
2022-07-09T13:35:50Z,algae_brown,748,0.4889066666666667
2022-07-09T13:35:50Z,algae_brown,750,0.49205000000000004
2022-07-09T13:35:50Z,algae_brown,752,0.4951066666666666
2022-07-09T13:35:50Z,algae_brown,754,0.49780714285714284
2022-07-09T13:35:50Z,algae_brown,756,0.50014
2022-07-09T13:35:50Z,algae_brown,758,0.5008
2022-07-09T13:35:50Z,algae_brown,760,0.49543571428571426
2022-07-09T13:35:50Z,algae_brown,762,0.49417333333333335
2022-07-09T13:35:50Z,algae_brown,764,0.5035533333333335
2022-07-09T13:35:50Z,algae_brown,766,0.5129200000000002
2022-07-09T13:35:50Z,algae_brown,768,0.5176857142857143
2022-07-09T13:35:50Z,algae_brown,770,0.5182928571428572
2022-07-09T13:35:50Z,algae_brown,772,0.5176428571428572
2022-07-09T13:35:50Z,algae_brown,774,0.5176
2022-07-09T13:35:50Z,algae_brown,776,0.51762
2022-07-09T13:35:50Z,algae_brown,778,0.5182714285714287
2022-07-09T13:35:50Z,algae_brown,780,0.5189714285714286
2022-07-09T13:35:50Z,algae_brown,782,0.51972
2022-07-09T13:35:50Z,algae_brown,784,0.5204642857142857
2022-07-09T13:35:50Z,algae_brown,786,0.5209
2022-07-09T13:35:50Z,algae_brown,788,0.5209714285714286
2022-07-09T13:35:50Z,algae_brown,790,0.5212533333333333
2022-07-09T13:35:50Z,algae_brown,792,0.52165
2022-07-09T13:35:50Z,algae_brown,794,0.5218857142857143
2022-07-09T13:35:50Z,algae_brown,796,0.5223857142857142
2022-07-09T13:35:50Z,algae_brown,798,0.5227428571428572
2022-07-09T13:35:50Z,algae_brown,800,0.5223857142857142
2022-07-09T13:39:24Z,algae_brown,340,0.047652941176470585
2022-07-09T13:39:24Z,algae_brown,342,0.0478
2022-07-09T13:39:24Z,algae_brown,344,0.04772941176470588
2022-07-09T13:39:24Z,algae_brown,346,0.04765625
2022-07-09T13:39:24Z,algae_brown,348,0.047776470588235295
2022-07-09T13:39:24Z,algae_brown,350,0.0478
2022-07-09T13:39:24Z,algae_brown,352,0.04782352941176471
2022-07-09T13:39:24Z,algae_brown,354,0.04794375
2022-07-09T13:39:24Z,algae_brown,356,0.048
2022-07-09T13:39:24Z,algae_brown,358,0.04747058823529412
2022-07-09T13:39:24Z,algae_brown,360,0.0471125
2022-07-09T13:39:24Z,algae_brown,362,0.04712941176470588
2022-07-09T13:39:24Z,algae_brown,364,0.0468875
2022-07-09T13:39:24Z,algae_brown,366,0.046718749999999996
2022-07-09T13:39:24Z,algae_brown,368,0.0466
2022-07-09T13:39:24Z,algae_brown,370,0.0464
2022-07-09T13:39:24Z,algae_brown,372,0.04625
2022-07-09T13:39:24Z,algae_brown,374,0.0456764705882353
2022-07-09T13:39:24Z,algae_brown,376,0.04503125
2022-07-09T13:39:24Z,algae_brown,378,0.04505294117647059
2022-07-09T13:39:24Z,algae_brown,380,0.0453
2022-07-09T13:39:24Z,algae_brown,382,0.045175
2022-07-09T13:39:24Z,algae_brown,384,0.044399999999999995
2022-07-09T13:39:24Z,algae_brown,386,0.044011764705882354
2022-07-09T13:39:24Z,algae_brown,388,0.044006250000000004
2022-07-09T13:39:24Z,algae_brown,390,0.0439125
2022-07-09T13:39:24Z,algae_brown,392,0.04424375
2022-07-09T13:39:24Z,algae_brown,394,0.0436
2022-07-09T13:39:24Z,algae_brown,396,0.043050000000000005
2022-07-09T13:39:24Z,algae_brown,398,0.0427
2022-07-09T13:39:24Z,algae_brown,400,0.042800000000000005
2022-07-09T13:39:24Z,algae_brown,402,0.0431
2022-07-09T13:39:24Z,algae_brown,404,0.04307647058823529
2022-07-09T13:39:24Z,algae_brown,406,0.0429125
2022-07-09T13:39:24Z,algae_brown,408,0.0426625
2022-07-09T13:39:24Z,algae_brown,410,0.0426
2022-07-09T13:39:24Z,algae_brown,412,0.0424
2022-07-09T13:39:24Z,algae_brown,414,0.0424
2022-07-09T13:39:24Z,algae_brown,416,0.0424
2022-07-09T13:39:24Z,algae_brown,418,0.042311764705882354
2022-07-09T13:39:24Z,algae_brown,420,0.042187499999999996
2022-07-09T13:39:24Z,algae_brown,422,0.0421375
2022-07-09T13:39:24Z,algae_brown,424,0.042075
2022-07-09T13:39:24Z,algae_brown,426,0.0420875
2022-07-09T13:39:24Z,algae_brown,428,0.0421
2022-07-09T13:39:24Z,algae_brown,430,0.04191249999999999
2022-07-09T13:39:24Z,algae_brown,432,0.0414125
2022-07-09T13:39:24Z,algae_brown,434,0.041475000000000005
2022-07-09T13:39:24Z,algae_brown,436,0.0415125
2022-07-09T13:39:24Z,algae_brown,438,0.041562499999999995
2022-07-09T13:39:24Z,algae_brown,440,0.041375
2022-07-09T13:39:24Z,algae_brown,442,0.041299999999999996
2022-07-09T13:39:24Z,algae_brown,444,0.0414125
2022-07-09T13:39:24Z,algae_brown,446,0.0414625
2022-07-09T13:39:24Z,algae_brown,448,0.0413375
2022-07-09T13:39:24Z,algae_brown,450,0.0413875
2022-07-09T13:39:24Z,algae_brown,452,0.0415125
2022-07-09T13:39:24Z,algae_brown,454,0.041525
2022-07-09T13:39:24Z,algae_brown,456,0.0413375
2022-07-09T13:39:24Z,algae_brown,458,0.0413875
2022-07-09T13:39:24Z,algae_brown,460,0.0413875
2022-07-09T13:39:24Z,algae_brown,462,0.041299999999999996
2022-07-09T13:39:24Z,algae_brown,464,0.041362499999999996
2022-07-09T13:39:24Z,algae_brown,466,0.041312499999999995
2022-07-09T13:39:24Z,algae_brown,468,0.041299999999999996
2022-07-09T13:39:24Z,algae_brown,470,0.041299999999999996
2022-07-09T13:39:24Z,algae_brown,472,0.04123125
2022-07-09T13:39:24Z,algae_brown,474,0.04129375
2022-07-09T13:39:24Z,algae_brown,476,0.0414
2022-07-09T13:39:24Z,algae_brown,478,0.0414
2022-07-09T13:39:24Z,algae_brown,480,0.04146875
2022-07-09T13:39:24Z,algae_brown,482,0.0415
2022-07-09T13:39:24Z,algae_brown,484,0.041624999999999995
2022-07-09T13:39:24Z,algae_brown,486,0.0416
2022-07-09T13:39:24Z,algae_brown,488,0.0412
2022-07-09T13:39:24Z,algae_brown,490,0.041100000000000005
2022-07-09T13:39:24Z,algae_brown,492,0.04126875
2022-07-09T13:39:24Z,algae_brown,494,0.04114375
2022-07-09T13:39:24Z,algae_brown,496,0.041100000000000005
2022-07-09T13:39:24Z,algae_brown,498,0.0412
2022-07-09T13:39:24Z,algae_brown,500,0.0412
2022-07-09T13:39:24Z,algae_brown,502,0.04113750000000001
2022-07-09T13:39:24Z,algae_brown,504,0.041100000000000005
2022-07-09T13:39:24Z,algae_brown,506,0.04111875
2022-07-09T13:39:24Z,algae_brown,508,0.0412
2022-07-09T13:39:24Z,algae_brown,510,0.04126875
2022-07-09T13:39:24Z,algae_brown,512,0.0415
2022-07-09T13:39:24Z,algae_brown,514,0.04164999999999999
2022-07-09T13:39:24Z,algae_brown,516,0.04190666666666666
2022-07-09T13:39:24Z,algae_brown,518,0.041918750000000005
2022-07-09T13:39:24Z,algae_brown,520,0.04201875000000001
2022-07-09T13:39:24Z,algae_brown,522,0.0424
2022-07-09T13:39:24Z,algae_brown,524,0.04266249999999999
2022-07-09T13:39:24Z,algae_brown,526,0.0427875
2022-07-09T13:39:24Z,algae_brown,528,0.04268125
2022-07-09T13:39:24Z,algae_brown,530,0.04274000000000001
2022-07-09T13:39:24Z,algae_brown,532,0.043050000000000005
2022-07-09T13:39:24Z,algae_brown,534,0.0431
2022-07-09T13:39:24Z,algae_brown,536,0.043393749999999995
2022-07-09T13:39:24Z,algae_brown,538,0.043712499999999994
2022-07-09T13:39:24Z,algae_brown,540,0.04405999999999999
2022-07-09T13:39:24Z,algae_brown,542,0.04434000000000001
2022-07-09T13:39:24Z,algae_brown,544,0.04477500000000001
2022-07-09T13:39:24Z,algae_brown,546,0.045275
2022-07-09T13:39:24Z,algae_brown,548,0.045899999999999996
2022-07-09T13:39:24Z,algae_brown,550,0.046574999999999984
2022-07-09T13:39:24Z,algae_brown,552,0.047419999999999976
2022-07-09T13:39:24Z,algae_brown,554,0.04835000000000001
2022-07-09T13:39:24Z,algae_brown,556,0.04951250000000003
2022-07-09T13:39:24Z,algae_brown,558,0.050700000000000016
2022-07-09T13:39:24Z,algae_brown,560,0.051987500000000006
2022-07-09T13:39:24Z,algae_brown,562,0.053399999999999996
2022-07-09T13:39:24Z,algae_brown,564,0.05479333333333332
2022-07-09T13:39:24Z,algae_brown,566,0.05610624999999998
2022-07-09T13:39:24Z,algae_brown,568,0.05727999999999997
2022-07-09T13:39:24Z,algae_brown,570,0.058193333333333354
2022-07-09T13:39:24Z,algae_brown,572,0.05906250000000001
2022-07-09T13:39:24Z,algae_brown,574,0.05984000000000001
2022-07-09T13:39:24Z,algae_brown,576,0.0603
2022-07-09T13:39:24Z,algae_brown,578,0.0604
2022-07-09T13:39:24Z,algae_brown,580,0.060340000000000005
2022-07-09T13:39:24Z,algae_brown,582,0.060125000000000005
2022-07-09T13:39:24Z,algae_brown,584,0.06
2022-07-09T13:39:24Z,algae_brown,586,0.05995
2022-07-09T13:39:24Z,algae_brown,588,0.06006000000000001
2022-07-09T13:39:24Z,algae_brown,590,0.060206666666666665
2022-07-09T13:39:24Z,algae_brown,592,0.060525
2022-07-09T13:39:24Z,algae_brown,594,0.06143333333333333
2022-07-09T13:39:24Z,algae_brown,596,0.062400000000000004
2022-07-09T13:39:24Z,algae_brown,598,0.06348666666666665
2022-07-09T13:39:24Z,algae_brown,600,0.06428124999999998
2022-07-09T13:39:24Z,algae_brown,602,0.06458666666666667
2022-07-09T13:39:24Z,algae_brown,604,0.06416875000000001
2022-07-09T13:39:24Z,algae_brown,606,0.0631333333333333
2022-07-09T13:39:24Z,algae_brown,608,0.06163999999999996
2022-07-09T13:39:24Z,algae_brown,610,0.059899999999999974
2022-07-09T13:39:24Z,algae_brown,612,0.05793999999999998
2022-07-09T13:39:24Z,algae_brown,614,0.05613749999999999
2022-07-09T13:39:24Z,algae_brown,616,0.0546
2022-07-09T13:39:24Z,algae_brown,618,0.053099999999999994
2022-07-09T13:39:24Z,algae_brown,620,0.052125000000000005
2022-07-09T13:39:24Z,algae_brown,622,0.05152666666666668
2022-07-09T13:39:24Z,algae_brown,624,0.05102500000000001
2022-07-09T13:39:24Z,algae_brown,626,0.050640000000000004
2022-07-09T13:39:24Z,algae_brown,628,0.05024000000000001
2022-07-09T13:39:24Z,algae_brown,630,0.049843750000000006
2022-07-09T13:39:24Z,algae_brown,632,0.04945999999999999
2022-07-09T13:39:24Z,algae_brown,634,0.049139999999999996
2022-07-09T13:39:24Z,algae_brown,636,0.04901333333333334
2022-07-09T13:39:24Z,algae_brown,638,0.04923125000000001
2022-07-09T13:39:24Z,algae_brown,640,0.049766666666666674
2022-07-09T13:39:24Z,algae_brown,642,0.05054666666666668
2022-07-09T13:39:24Z,algae_brown,644,0.05148000000000001
2022-07-09T13:39:24Z,algae_brown,646,0.052381250000000004
2022-07-09T13:39:24Z,algae_brown,648,0.0529
2022-07-09T13:39:24Z,algae_brown,650,0.0524
2022-07-09T13:39:24Z,algae_brown,652,0.051333333333333335
2022-07-09T13:39:24Z,algae_brown,654,0.049800000000000004
2022-07-09T13:39:24Z,algae_brown,656,0.0479
2022-07-09T13:39:24Z,algae_brown,658,0.04538750000000002
2022-07-09T13:39:24Z,algae_brown,660,0.04329333333333336
2022-07-09T13:39:24Z,algae_brown,662,0.041886666666666676
2022-07-09T13:39:24Z,algae_brown,664,0.04094000000000001
2022-07-09T13:39:24Z,algae_brown,666,0.04032666666666668
2022-07-09T13:39:24Z,algae_brown,668,0.040073333333333336
2022-07-09T13:39:24Z,algae_brown,670,0.04006
2022-07-09T13:39:24Z,algae_brown,672,0.04037999999999999
2022-07-09T13:39:24Z,algae_brown,674,0.040706666666666655
2022-07-09T13:39:24Z,algae_brown,676,0.04123999999999999
2022-07-09T13:39:24Z,algae_brown,678,0.04177333333333332
2022-07-09T13:39:24Z,algae_brown,680,0.04243333333333333
2022-07-09T13:39:24Z,algae_brown,682,0.04315999999999999
2022-07-09T13:39:24Z,algae_brown,684,0.044146666666666654
2022-07-09T13:39:24Z,algae_brown,686,0.045879999999999976
2022-07-09T13:39:24Z,algae_brown,688,0.04803999999999998
2022-07-09T13:39:24Z,algae_brown,690,0.0509333333333333
2022-07-09T13:39:24Z,algae_brown,692,0.056953333333333245
2022-07-09T13:39:24Z,algae_brown,694,0.06653999999999988
2022-07-09T13:39:24Z,algae_brown,696,0.07988666666666651
2022-07-09T13:39:24Z,algae_brown,698,0.09731999999999978
2022-07-09T13:39:24Z,algae_brown,700,0.11781999999999976
2022-07-09T13:39:24Z,algae_brown,702,0.14035333333333308
2022-07-09T13:39:24Z,algae_brown,704,0.16513333333333333
2022-07-09T13:39:24Z,algae_brown,706,0.18813333333333332
2022-07-09T13:39:24Z,algae_brown,708,0.2101
2022-07-09T13:39:24Z,algae_brown,710,0.23003333333333334
2022-07-09T13:39:24Z,algae_brown,712,0.24823333333333333
2022-07-09T13:39:24Z,algae_brown,714,0.2653266666666668
2022-07-09T13:39:24Z,algae_brown,716,0.27930000000000016
2022-07-09T13:39:24Z,algae_brown,718,0.29116000000000014
2022-07-09T13:39:24Z,algae_brown,720,0.3020928571428573
2022-07-09T13:39:24Z,algae_brown,722,0.31325333333333355
2022-07-09T13:39:24Z,algae_brown,724,0.3224000000000002
2022-07-09T13:39:24Z,algae_brown,726,0.3306000000000001
2022-07-09T13:39:24Z,algae_brown,728,0.33817333333333316
2022-07-09T13:39:24Z,algae_brown,730,0.34475999999999984
2022-07-09T13:39:24Z,algae_brown,732,0.351042857142857
2022-07-09T13:39:24Z,algae_brown,734,0.35707999999999995
2022-07-09T13:39:24Z,algae_brown,736,0.36253333333333326
2022-07-09T13:39:24Z,algae_brown,738,0.3677333333333333
2022-07-09T13:39:24Z,algae_brown,740,0.37233333333333335
2022-07-09T13:39:24Z,algae_brown,742,0.37689999999999996
2022-07-09T13:39:24Z,algae_brown,744,0.38110000000000005
2022-07-09T13:39:24Z,algae_brown,746,0.3851785714285715
2022-07-09T13:39:24Z,algae_brown,748,0.38873333333333343
2022-07-09T13:39:24Z,algae_brown,750,0.39205
2022-07-09T13:39:24Z,algae_brown,752,0.39510666666666655
2022-07-09T13:39:24Z,algae_brown,754,0.39782857142857136
2022-07-09T13:39:24Z,algae_brown,756,0.40077999999999997
2022-07-09T13:39:24Z,algae_brown,758,0.40490000000000004
2022-07-09T13:39:24Z,algae_brown,760,0.4075857142857143
2022-07-09T13:39:24Z,algae_brown,762,0.40551333333333334
2022-07-09T13:39:24Z,algae_brown,764,0.40442
2022-07-09T13:39:24Z,algae_brown,766,0.4064133333333334
2022-07-09T13:39:24Z,algae_brown,768,0.4098571428571428
2022-07-09T13:39:24Z,algae_brown,770,0.41237857142857143
2022-07-09T13:39:24Z,algae_brown,772,0.4141071428571429
2022-07-09T13:39:24Z,algae_brown,774,0.4155
2022-07-09T13:39:24Z,algae_brown,776,0.41628000000000004
2022-07-09T13:39:24Z,algae_brown,778,0.41732857142857144
2022-07-09T13:39:24Z,algae_brown,780,0.4180714285714286
2022-07-09T13:39:24Z,algae_brown,782,0.4187133333333333
2022-07-09T13:39:24Z,algae_brown,784,0.41945714285714286
2022-07-09T13:39:24Z,algae_brown,786,0.41996666666666665
2022-07-09T13:39:24Z,algae_brown,788,0.42024285714285714
2022-07-09T13:39:24Z,algae_brown,790,0.42064
2022-07-09T13:39:24Z,algae_brown,792,0.42090000000000005
2022-07-09T13:39:24Z,algae_brown,794,0.42090000000000005
2022-07-09T13:39:24Z,algae_brown,796,0.4210285714285715
2022-07-09T13:39:24Z,algae_brown,798,0.4211
2022-07-09T13:39:24Z,algae_brown,800,0.42099285714285717
2022-07-09T13:43:27Z,algae_brown,340,0.017811764705882353
2022-07-09T13:43:27Z,algae_brown,342,0.0177875
2022-07-09T13:43:27Z,algae_brown,344,0.01766470588235294
2022-07-09T13:43:27Z,algae_brown,346,0.0174875
2022-07-09T13:43:27Z,algae_brown,348,0.017170588235294115
2022-07-09T13:43:27Z,algae_brown,350,0.017
2022-07-09T13:43:27Z,algae_brown,352,0.016876470588235295
2022-07-09T13:43:27Z,algae_brown,354,0.016843749999999998
2022-07-09T13:43:27Z,algae_brown,356,0.0170375
2022-07-09T13:43:27Z,algae_brown,358,0.017011764705882355
2022-07-09T13:43:27Z,algae_brown,360,0.016775
2022-07-09T13:43:27Z,algae_brown,362,0.01656470588235294
2022-07-09T13:43:27Z,algae_brown,364,0.01644375
2022-07-09T13:43:27Z,algae_brown,366,0.016399999999999998
2022-07-09T13:43:27Z,algae_brown,368,0.0163
2022-07-09T13:43:27Z,algae_brown,370,0.016324999999999996
2022-07-09T13:43:27Z,algae_brown,372,0.01645
2022-07-09T13:43:27Z,algae_brown,374,0.01628823529411765
2022-07-09T13:43:27Z,algae_brown,376,0.015918750000000006
2022-07-09T13:43:27Z,algae_brown,378,0.0158
2022-07-09T13:43:27Z,algae_brown,380,0.015912500000000003
2022-07-09T13:43:27Z,algae_brown,382,0.0161625
2022-07-09T13:43:27Z,algae_brown,384,0.016025
2022-07-09T13:43:27Z,algae_brown,386,0.01568823529411765
2022-07-09T13:43:27Z,algae_brown,388,0.015537500000000001
2022-07-09T13:43:27Z,algae_brown,390,0.0154
2022-07-09T13:43:27Z,algae_brown,392,0.015725
2022-07-09T13:43:27Z,algae_brown,394,0.015600000000000001
2022-07-09T13:43:27Z,algae_brown,396,0.015550000000000007
2022-07-09T13:43:27Z,algae_brown,398,0.015
2022-07-09T13:43:27Z,algae_brown,400,0.014825
2022-07-09T13:43:27Z,algae_brown,402,0.0149
2022-07-09T13:43:27Z,algae_brown,404,0.015023529411764705
2022-07-09T13:43:27Z,algae_brown,406,0.01505625
2022-07-09T13:43:27Z,algae_brown,408,0.01493125
2022-07-09T13:43:27Z,algae_brown,410,0.014806250000000002
2022-07-09T13:43:27Z,algae_brown,412,0.0147
2022-07-09T13:43:27Z,algae_brown,414,0.01465625
2022-07-09T13:43:27Z,algae_brown,416,0.0146
2022-07-09T13:43:27Z,algae_brown,418,0.0146
2022-07-09T13:43:27Z,algae_brown,420,0.0145125
2022-07-09T13:43:27Z,algae_brown,422,0.0146
2022-07-09T13:43:27Z,algae_brown,424,0.0145375
2022-07-09T13:43:27Z,algae_brown,426,0.014499999999999999
2022-07-09T13:43:27Z,algae_brown,428,0.014612499999999999
2022-07-09T13:43:27Z,algae_brown,430,0.014587499999999996
2022-07-09T13:43:27Z,algae_brown,432,0.014275000000000001
2022-07-09T13:43:27Z,algae_brown,434,0.014112499999999998
2022-07-09T13:43:27Z,algae_brown,436,0.014012499999999999
2022-07-09T13:43:27Z,algae_brown,438,0.0141
2022-07-09T13:43:27Z,algae_brown,440,0.0141
2022-07-09T13:43:27Z,algae_brown,442,0.014012499999999999
2022-07-09T13:43:27Z,algae_brown,444,0.014112499999999998
2022-07-09T13:43:27Z,algae_brown,446,0.0142375
2022-07-09T13:43:27Z,algae_brown,448,0.0143
2022-07-09T13:43:27Z,algae_brown,450,0.014387500000000001
2022-07-09T13:43:27Z,algae_brown,452,0.0145125
2022-07-09T13:43:27Z,algae_brown,454,0.0146
2022-07-09T13:43:27Z,algae_brown,456,0.014662499999999998
2022-07-09T13:43:27Z,algae_brown,458,0.0147
2022-07-09T13:43:27Z,algae_brown,460,0.0147
2022-07-09T13:43:27Z,algae_brown,462,0.0147375
2022-07-09T13:43:27Z,algae_brown,464,0.0148
2022-07-09T13:43:27Z,algae_brown,466,0.014887500000000001
2022-07-09T13:43:27Z,algae_brown,468,0.015013333333333332
2022-07-09T13:43:27Z,algae_brown,470,0.015143750000000001
2022-07-09T13:43:27Z,algae_brown,472,0.015268750000000001
2022-07-09T13:43:27Z,algae_brown,474,0.01539375
2022-07-09T13:43:27Z,algae_brown,476,0.015618750000000002
2022-07-09T13:43:27Z,algae_brown,478,0.015787500000000003
2022-07-09T13:43:27Z,algae_brown,480,0.0160375
2022-07-09T13:43:27Z,algae_brown,482,0.016200000000000003
2022-07-09T13:43:27Z,algae_brown,484,0.016374999999999997
2022-07-09T13:43:27Z,algae_brown,486,0.016649999999999998
2022-07-09T13:43:27Z,algae_brown,488,0.0167
2022-07-09T13:43:27Z,algae_brown,490,0.0167
2022-07-09T13:43:27Z,algae_brown,492,0.0168
2022-07-09T13:43:27Z,algae_brown,494,0.0168
2022-07-09T13:43:27Z,algae_brown,496,0.016881249999999997
2022-07-09T13:43:27Z,algae_brown,498,0.0171125
2022-07-09T13:43:27Z,algae_brown,500,0.017275000000000002
2022-07-09T13:43:27Z,algae_brown,502,0.0174625
2022-07-09T13:43:27Z,algae_brown,504,0.017593333333333332
2022-07-09T13:43:27Z,algae_brown,506,0.017837500000000003
2022-07-09T13:43:27Z,algae_brown,508,0.01804375
2022-07-09T13:43:27Z,algae_brown,510,0.0182375
2022-07-09T13:43:27Z,algae_brown,512,0.018500000000000003
2022-07-09T13:43:27Z,algae_brown,514,0.018774999999999997
2022-07-09T13:43:27Z,algae_brown,516,0.01915999999999999
2022-07-09T13:43:27Z,algae_brown,518,0.019462500000000004
2022-07-09T13:43:27Z,algae_brown,520,0.019606250000000002
2022-07-09T13:43:27Z,algae_brown,522,0.019733333333333332
2022-07-09T13:43:27Z,algae_brown,524,0.019987499999999995
2022-07-09T13:43:27Z,algae_brown,526,0.020624999999999984
2022-07-09T13:43:27Z,algae_brown,528,0.021074999999999993
2022-07-09T13:43:27Z,algae_brown,530,0.02154000000000001
2022-07-09T13:43:27Z,algae_brown,532,0.02207500000000001
2022-07-09T13:43:27Z,algae_brown,534,0.0225
2022-07-09T13:43:27Z,algae_brown,536,0.023025
2022-07-09T13:43:27Z,algae_brown,538,0.023524999999999994
2022-07-09T13:43:27Z,algae_brown,540,0.02413333333333332
2022-07-09T13:43:27Z,algae_brown,542,0.02478000000000002
2022-07-09T13:43:27Z,algae_brown,544,0.02551875000000001
2022-07-09T13:43:27Z,algae_brown,546,0.026281250000000003
2022-07-09T13:43:27Z,algae_brown,548,0.0271
2022-07-09T13:43:27Z,algae_brown,550,0.028099999999999986
2022-07-09T13:43:27Z,algae_brown,552,0.029126666666666644
2022-07-09T13:43:27Z,algae_brown,554,0.030231250000000015
2022-07-09T13:43:27Z,algae_brown,556,0.03142500000000003
2022-07-09T13:43:27Z,algae_brown,558,0.03278000000000002
2022-07-09T13:43:27Z,algae_brown,560,0.03418750000000001
2022-07-09T13:43:27Z,algae_brown,562,0.0355
2022-07-09T13:43:27Z,algae_brown,564,0.03681999999999998
2022-07-09T13:43:27Z,algae_brown,566,0.03831874999999998
2022-07-09T13:43:27Z,algae_brown,568,0.03966666666666664
2022-07-09T13:43:27Z,algae_brown,570,0.04092000000000003
2022-07-09T13:43:27Z,algae_brown,572,0.04205000000000002
2022-07-09T13:43:27Z,algae_brown,574,0.043233333333333346
2022-07-09T13:43:27Z,algae_brown,576,0.0443
2022-07-09T13:43:27Z,algae_brown,578,0.045125
2022-07-09T13:43:27Z,algae_brown,580,0.04552
2022-07-09T13:43:27Z,algae_brown,582,0.045774999999999996
2022-07-09T13:43:27Z,algae_brown,584,0.04605999999999999
2022-07-09T13:43:27Z,algae_brown,586,0.04635
2022-07-09T13:43:27Z,algae_brown,588,0.046800000000000015
2022-07-09T13:43:27Z,algae_brown,590,0.047526666666666675
2022-07-09T13:43:27Z,algae_brown,592,0.048162500000000004
2022-07-09T13:43:27Z,algae_brown,594,0.0492
2022-07-09T13:43:27Z,algae_brown,596,0.050499999999999996
2022-07-09T13:43:27Z,algae_brown,598,0.051766666666666655
2022-07-09T13:43:27Z,algae_brown,600,0.05294999999999998
2022-07-09T13:43:27Z,algae_brown,602,0.05381999999999998
2022-07-09T13:43:27Z,algae_brown,604,0.05384375
2022-07-09T13:43:27Z,algae_brown,606,0.053319999999999985
2022-07-09T13:43:27Z,algae_brown,608,0.05227999999999997
2022-07-09T13:43:27Z,algae_brown,610,0.05101999999999999
2022-07-09T13:43:27Z,algae_brown,612,0.04945999999999998
2022-07-09T13:43:27Z,algae_brown,614,0.04797499999999999
2022-07-09T13:43:27Z,algae_brown,616,0.0466
2022-07-09T13:43:27Z,algae_brown,618,0.04543333333333334
2022-07-09T13:43:27Z,algae_brown,620,0.04452500000000001
2022-07-09T13:43:27Z,algae_brown,622,0.04383333333333334
2022-07-09T13:43:27Z,algae_brown,624,0.043550000000000005
2022-07-09T13:43:27Z,algae_brown,626,0.04324000000000001
2022-07-09T13:43:27Z,algae_brown,628,0.042926666666666675
2022-07-09T13:43:27Z,algae_brown,630,0.04242500000000001
2022-07-09T13:43:27Z,algae_brown,632,0.04191333333333332
2022-07-09T13:43:27Z,algae_brown,634,0.041379999999999986
2022-07-09T13:43:27Z,algae_brown,636,0.04121333333333334
2022-07-09T13:43:27Z,algae_brown,638,0.041475000000000005
2022-07-09T13:43:27Z,algae_brown,640,0.04228666666666668
2022-07-09T13:43:27Z,algae_brown,642,0.04336666666666668
2022-07-09T13:43:27Z,algae_brown,644,0.04458000000000001
2022-07-09T13:43:27Z,algae_brown,646,0.04534375
2022-07-09T13:43:27Z,algae_brown,648,0.0458
2022-07-09T13:43:27Z,algae_brown,650,0.0456
2022-07-09T13:43:27Z,algae_brown,652,0.04446666666666667
2022-07-09T13:43:27Z,algae_brown,654,0.0425
2022-07-09T13:43:27Z,algae_brown,656,0.04
2022-07-09T13:43:27Z,algae_brown,658,0.03652500000000002
2022-07-09T13:43:27Z,algae_brown,660,0.03288000000000004
2022-07-09T13:43:27Z,algae_brown,662,0.02954000000000003
2022-07-09T13:43:27Z,algae_brown,664,0.026920000000000027
2022-07-09T13:43:27Z,algae_brown,666,0.02508000000000002
2022-07-09T13:43:27Z,algae_brown,668,0.024020000000000003
2022-07-09T13:43:27Z,algae_brown,670,0.023799999999999998
2022-07-09T13:43:27Z,algae_brown,672,0.024173333333333328
2022-07-09T13:43:27Z,algae_brown,674,0.025393333333333316
2022-07-09T13:43:27Z,algae_brown,676,0.02697999999999998
2022-07-09T13:43:27Z,algae_brown,678,0.02899333333333331
2022-07-09T13:43:27Z,algae_brown,680,0.03145999999999997
2022-07-09T13:43:27Z,algae_brown,682,0.034439999999999964
2022-07-09T13:43:27Z,algae_brown,684,0.03801333333333329
2022-07-09T13:43:27Z,algae_brown,686,0.04318666666666659
2022-07-09T13:43:27Z,algae_brown,688,0.05041999999999991
2022-07-09T13:43:27Z,algae_brown,690,0.05867333333333324
2022-07-09T13:43:27Z,algae_brown,692,0.06920666666666653
2022-07-09T13:43:27Z,algae_brown,694,0.08269999999999984
2022-07-09T13:43:27Z,algae_brown,696,0.09848666666666649
2022-07-09T13:43:27Z,algae_brown,698,0.11623333333333312
2022-07-09T13:43:27Z,algae_brown,700,0.13537999999999978
2022-07-09T13:43:27Z,algae_brown,702,0.15520666666666644
2022-07-09T13:43:27Z,algae_brown,704,0.17523333333333332
2022-07-09T13:43:27Z,algae_brown,706,0.19323333333333334
2022-07-09T13:43:27Z,algae_brown,708,0.20989999999999998
2022-07-09T13:43:27Z,algae_brown,710,0.22463333333333332
2022-07-09T13:43:27Z,algae_brown,712,0.23776666666666665
2022-07-09T13:43:27Z,algae_brown,714,0.2500266666666668
2022-07-09T13:43:27Z,algae_brown,716,0.2605200000000001
2022-07-09T13:43:27Z,algae_brown,718,0.2705533333333335
2022-07-09T13:43:27Z,algae_brown,720,0.27871428571428575
2022-07-09T13:43:27Z,algae_brown,722,0.2853200000000002
2022-07-09T13:43:27Z,algae_brown,724,0.29268000000000016
2022-07-09T13:43:27Z,algae_brown,726,0.2988142857142858
2022-07-09T13:43:27Z,algae_brown,728,0.30468666666666655
2022-07-09T13:43:27Z,algae_brown,730,0.30989333333333324
2022-07-09T13:43:27Z,algae_brown,732,0.31432142857142853
2022-07-09T13:43:27Z,algae_brown,734,0.3185799999999999
2022-07-09T13:43:27Z,algae_brown,736,0.32269999999999993
2022-07-09T13:43:27Z,algae_brown,738,0.3267
2022-07-09T13:43:27Z,algae_brown,740,0.3301
2022-07-09T13:43:27Z,algae_brown,742,0.3331
2022-07-09T13:43:27Z,algae_brown,744,0.33576000000000006
2022-07-09T13:43:27Z,algae_brown,746,0.33823571428571436
2022-07-09T13:43:27Z,algae_brown,748,0.3404000000000001
2022-07-09T13:43:27Z,algae_brown,750,0.34240000000000004
2022-07-09T13:43:27Z,algae_brown,752,0.34413999999999995
2022-07-09T13:43:27Z,algae_brown,754,0.3457357142857142
2022-07-09T13:43:27Z,algae_brown,756,0.34719999999999995
2022-07-09T13:43:27Z,algae_brown,758,0.3494
2022-07-09T13:43:27Z,algae_brown,760,0.35814285714285715
2022-07-09T13:43:27Z,algae_brown,762,0.35867999999999994
2022-07-09T13:43:27Z,algae_brown,764,0.3554533333333333
2022-07-09T13:43:27Z,algae_brown,766,0.3528733333333333
2022-07-09T13:43:27Z,algae_brown,768,0.35309999999999997
2022-07-09T13:43:27Z,algae_brown,770,0.35465714285714284
2022-07-09T13:43:27Z,algae_brown,772,0.3561785714285714
2022-07-09T13:43:27Z,algae_brown,774,0.35729999999999995
2022-07-09T13:43:27Z,algae_brown,776,0.35846
2022-07-09T13:43:27Z,algae_brown,778,0.3597071428571429
2022-07-09T13:43:27Z,algae_brown,780,0.3607
2022-07-09T13:43:27Z,algae_brown,782,0.36172666666666664
2022-07-09T13:43:27Z,algae_brown,784,0.36284285714285713
2022-07-09T13:43:27Z,algae_brown,786,0.36393333333333333
2022-07-09T13:43:27Z,algae_brown,788,0.3649
2022-07-09T13:43:27Z,algae_brown,790,0.36579333333333336
2022-07-09T13:43:27Z,algae_brown,792,0.3667
2022-07-09T13:43:27Z,algae_brown,794,0.36765000000000003
2022-07-09T13:43:27Z,algae_brown,796,0.3684142857142857
2022-07-09T13:43:27Z,algae_brown,798,0.3691285714285714
2022-07-09T13:43:27Z,algae_brown,800,0.3701357142857143
2022-07-09T13:45:22Z,algae_brown,340,0.023964705882352944
2022-07-09T13:45:22Z,algae_brown,342,0.023925
2022-07-09T13:45:22Z,algae_brown,344,0.024029411764705882
2022-07-09T13:45:22Z,algae_brown,346,0.023675
2022-07-09T13:45:22Z,algae_brown,348,0.023423529411764704
2022-07-09T13:45:22Z,algae_brown,350,0.023700000000000002
2022-07-09T13:45:22Z,algae_brown,352,0.02384705882352941
2022-07-09T13:45:22Z,algae_brown,354,0.024
2022-07-09T13:45:22Z,algae_brown,356,0.02379375
2022-07-09T13:45:22Z,algae_brown,358,0.023611764705882353
2022-07-09T13:45:22Z,algae_brown,360,0.0235
2022-07-09T13:45:22Z,algae_brown,362,0.023429411764705883
2022-07-09T13:45:22Z,algae_brown,364,0.02335625
2022-07-09T13:45:22Z,algae_brown,366,0.023318750000000003
2022-07-09T13:45:22Z,algae_brown,368,0.0233
2022-07-09T13:45:22Z,algae_brown,370,0.023275
2022-07-09T13:45:22Z,algae_brown,372,0.02305
2022-07-09T13:45:22Z,algae_brown,374,0.022688235294117648
2022-07-09T13:45:22Z,algae_brown,376,0.022506250000000002
2022-07-09T13:45:22Z,algae_brown,378,0.02258235294117647
2022-07-09T13:45:22Z,algae_brown,380,0.0224625
2022-07-09T13:45:22Z,algae_brown,382,0.022150000000000006
2022-07-09T13:45:22Z,algae_brown,384,0.022175000000000004
2022-07-09T13:45:22Z,algae_brown,386,0.021888235294117646
2022-07-09T13:45:22Z,algae_brown,388,0.02183125
2022-07-09T13:45:22Z,algae_brown,390,0.022012499999999997
2022-07-09T13:45:22Z,algae_brown,392,0.02169375
2022-07-09T13:45:22Z,algae_brown,394,0.0219
2022-07-09T13:45:22Z,algae_brown,396,0.0213
2022-07-09T13:45:22Z,algae_brown,398,0.02135
2022-07-09T13:45:22Z,algae_brown,400,0.021400000000000002
2022-07-09T13:45:22Z,algae_brown,402,0.0215
2022-07-09T13:45:22Z,algae_brown,404,0.021452941176470588
2022-07-09T13:45:22Z,algae_brown,406,0.02125625
2022-07-09T13:45:22Z,algae_brown,408,0.021131249999999997
2022-07-09T13:45:22Z,algae_brown,410,0.021006250000000004
2022-07-09T13:45:22Z,algae_brown,412,0.0209625
2022-07-09T13:45:22Z,algae_brown,414,0.0208
2022-07-09T13:45:22Z,algae_brown,416,0.0208
2022-07-09T13:45:22Z,algae_brown,418,0.020711764705882353
2022-07-09T13:45:22Z,algae_brown,420,0.0206875
2022-07-09T13:45:22Z,algae_brown,422,0.020562499999999997
2022-07-09T13:45:22Z,algae_brown,424,0.020499999999999997
2022-07-09T13:45:22Z,algae_brown,426,0.020499999999999997
2022-07-09T13:45:22Z,algae_brown,428,0.020462499999999998
2022-07-09T13:45:22Z,algae_brown,430,0.020162499999999996
2022-07-09T13:45:22Z,algae_brown,432,0.0200375
2022-07-09T13:45:22Z,algae_brown,434,0.0199125
2022-07-09T13:45:22Z,algae_brown,436,0.019975
2022-07-09T13:45:22Z,algae_brown,438,0.019799999999999998
2022-07-09T13:45:22Z,algae_brown,440,0.019799999999999998
2022-07-09T13:45:22Z,algae_brown,442,0.019799999999999998
2022-07-09T13:45:22Z,algae_brown,444,0.019799999999999998
2022-07-09T13:45:22Z,algae_brown,446,0.019875
2022-07-09T13:45:22Z,algae_brown,448,0.0199375
2022-07-09T13:45:22Z,algae_brown,450,0.020075
2022-07-09T13:45:22Z,algae_brown,452,0.020099999999999996
2022-07-09T13:45:22Z,algae_brown,454,0.0201375
2022-07-09T13:45:22Z,algae_brown,456,0.0202
2022-07-09T13:45:22Z,algae_brown,458,0.0202
2022-07-09T13:45:22Z,algae_brown,460,0.0202
2022-07-09T13:45:22Z,algae_brown,462,0.0202
2022-07-09T13:45:22Z,algae_brown,464,0.0202625
2022-07-09T13:45:22Z,algae_brown,466,0.0203
2022-07-09T13:45:22Z,algae_brown,468,0.020413333333333332
2022-07-09T13:45:22Z,algae_brown,470,0.02054375
2022-07-09T13:45:22Z,algae_brown,472,0.02066875
2022-07-09T13:45:22Z,algae_brown,474,0.020887499999999996
2022-07-09T13:45:22Z,algae_brown,476,0.0210375
2022-07-09T13:45:22Z,algae_brown,478,0.0212875
2022-07-09T13:45:22Z,algae_brown,480,0.02146875
2022-07-09T13:45:22Z,algae_brown,482,0.0217
2022-07-09T13:45:22Z,algae_brown,484,0.0219
2022-07-09T13:45:22Z,algae_brown,486,0.02195
2022-07-09T13:45:22Z,algae_brown,488,0.022000000000000002
2022-07-09T13:45:22Z,algae_brown,490,0.022000000000000002
2022-07-09T13:45:22Z,algae_brown,492,0.022131249999999998
2022-07-09T13:45:22Z,algae_brown,494,0.0222
2022-07-09T13:45:22Z,algae_brown,496,0.02228125
2022-07-09T13:45:22Z,algae_brown,498,0.022425
2022-07-09T13:45:22Z,algae_brown,500,0.0226
2022-07-09T13:45:22Z,algae_brown,502,0.0226625
2022-07-09T13:45:22Z,algae_brown,504,0.02279333333333333
2022-07-09T13:45:22Z,algae_brown,506,0.02311875
2022-07-09T13:45:22Z,algae_brown,508,0.02333125
2022-07-09T13:45:22Z,algae_brown,510,0.023637500000000002
2022-07-09T13:45:22Z,algae_brown,512,0.0239
2022-07-09T13:45:22Z,algae_brown,514,0.024299999999999992
2022-07-09T13:45:22Z,algae_brown,516,0.02470666666666666
2022-07-09T13:45:22Z,algae_brown,518,0.02512500000000001
2022-07-09T13:45:22Z,algae_brown,520,0.025631250000000008
2022-07-09T13:45:22Z,algae_brown,522,0.026299999999999997
2022-07-09T13:45:22Z,algae_brown,524,0.026949999999999995
2022-07-09T13:45:22Z,algae_brown,526,0.0271875
2022-07-09T13:45:22Z,algae_brown,528,0.027537499999999996
2022-07-09T13:45:22Z,algae_brown,530,0.027840000000000007
2022-07-09T13:45:22Z,algae_brown,532,0.028225000000000007
2022-07-09T13:45:22Z,algae_brown,534,0.0286
2022-07-09T13:45:22Z,algae_brown,536,0.029025000000000002
2022-07-09T13:45:22Z,algae_brown,538,0.029524999999999992
2022-07-09T13:45:22Z,algae_brown,540,0.02995999999999999
2022-07-09T13:45:22Z,algae_brown,542,0.030453333333333346
2022-07-09T13:45:22Z,algae_brown,544,0.03101875000000001
2022-07-09T13:45:22Z,algae_brown,546,0.031643750000000005
2022-07-09T13:45:22Z,algae_brown,548,0.0325
2022-07-09T13:45:22Z,algae_brown,550,0.03337499999999999
2022-07-09T13:45:22Z,algae_brown,552,0.03437999999999997
2022-07-09T13:45:22Z,algae_brown,554,0.03561250000000002
2022-07-09T13:45:22Z,algae_brown,556,0.037050000000000034
2022-07-09T13:45:22Z,algae_brown,558,0.03854000000000002
2022-07-09T13:45:22Z,algae_brown,560,0.040162500000000004
2022-07-09T13:45:22Z,algae_brown,562,0.042
2022-07-09T13:45:22Z,algae_brown,564,0.04387333333333331
2022-07-09T13:45:22Z,algae_brown,566,0.045743749999999965
2022-07-09T13:45:22Z,algae_brown,568,0.04752666666666662
2022-07-09T13:45:22Z,algae_brown,570,0.048946666666666694
2022-07-09T13:45:22Z,algae_brown,572,0.05038125000000002
2022-07-09T13:45:22Z,algae_brown,574,0.05166000000000001
2022-07-09T13:45:22Z,algae_brown,576,0.0528
2022-07-09T13:45:22Z,algae_brown,578,0.053625
2022-07-09T13:45:22Z,algae_brown,580,0.05402
2022-07-09T13:45:22Z,algae_brown,582,0.05427499999999999
2022-07-09T13:45:22Z,algae_brown,584,0.05453999999999999
2022-07-09T13:45:22Z,algae_brown,586,0.054849999999999996
2022-07-09T13:45:22Z,algae_brown,588,0.05532000000000001
2022-07-09T13:45:22Z,algae_brown,590,0.05563333333333334
2022-07-09T13:45:22Z,algae_brown,592,0.05632500000000001
2022-07-09T13:45:22Z,algae_brown,594,0.0573
2022-07-09T13:45:22Z,algae_brown,596,0.0587
2022-07-09T13:45:22Z,algae_brown,598,0.06009333333333332
2022-07-09T13:45:22Z,algae_brown,600,0.061406249999999975
2022-07-09T13:45:22Z,algae_brown,602,0.062146666666666656
2022-07-09T13:45:22Z,algae_brown,604,0.06210625000000001
2022-07-09T13:45:22Z,algae_brown,606,0.06132666666666664
2022-07-09T13:45:22Z,algae_brown,608,0.06001999999999997
2022-07-09T13:45:22Z,algae_brown,610,0.05839999999999997
2022-07-09T13:45:22Z,algae_brown,612,0.056439999999999976
2022-07-09T13:45:22Z,algae_brown,614,0.05463749999999999
2022-07-09T13:45:22Z,algae_brown,616,0.0529
2022-07-09T13:45:22Z,algae_brown,618,0.051366666666666665
2022-07-09T13:45:22Z,algae_brown,620,0.05026250000000001
2022-07-09T13:45:22Z,algae_brown,622,0.049533333333333346
2022-07-09T13:45:22Z,algae_brown,624,0.04912500000000001
2022-07-09T13:45:22Z,algae_brown,626,0.04879333333333334
2022-07-09T13:45:22Z,algae_brown,628,0.048353333333333345
2022-07-09T13:45:22Z,algae_brown,630,0.047825000000000006
2022-07-09T13:45:22Z,algae_brown,632,0.04726666666666665
2022-07-09T13:45:22Z,algae_brown,634,0.04667999999999999
2022-07-09T13:45:22Z,algae_brown,636,0.0464
2022-07-09T13:45:22Z,algae_brown,638,0.046575000000000005
2022-07-09T13:45:22Z,algae_brown,640,0.047313333333333346
2022-07-09T13:45:22Z,algae_brown,642,0.04846000000000001
2022-07-09T13:45:22Z,algae_brown,644,0.04974000000000001
2022-07-09T13:45:22Z,algae_brown,646,0.05115625000000001
2022-07-09T13:45:22Z,algae_brown,648,0.052000000000000005
2022-07-09T13:45:22Z,algae_brown,650,0.05163333333333334
2022-07-09T13:45:22Z,algae_brown,652,0.050300000000000004
2022-07-09T13:45:22Z,algae_brown,654,0.0482
2022-07-09T13:45:22Z,algae_brown,656,0.0453
2022-07-09T13:45:22Z,algae_brown,658,0.04156250000000002
2022-07-09T13:45:22Z,algae_brown,660,0.037506666666666716
2022-07-09T13:45:22Z,algae_brown,662,0.03424000000000003
2022-07-09T13:45:22Z,algae_brown,664,0.03168000000000003
2022-07-09T13:45:22Z,algae_brown,666,0.029786666666666687
2022-07-09T13:45:22Z,algae_brown,668,0.028766666666666676
2022-07-09T13:45:22Z,algae_brown,670,0.02846
2022-07-09T13:45:22Z,algae_brown,672,0.02887333333333333
2022-07-09T13:45:22Z,algae_brown,674,0.029866666666666652
2022-07-09T13:45:22Z,algae_brown,676,0.03125999999999998
2022-07-09T13:45:22Z,algae_brown,678,0.032913333333333315
2022-07-09T13:45:22Z,algae_brown,680,0.03510666666666663
2022-07-09T13:45:22Z,algae_brown,682,0.03775999999999997
2022-07-09T13:45:22Z,algae_brown,684,0.0409333333333333
2022-07-09T13:45:22Z,algae_brown,686,0.04600666666666659
2022-07-09T13:45:22Z,algae_brown,688,0.05289999999999991
2022-07-09T13:45:22Z,algae_brown,690,0.0609799999999999
2022-07-09T13:45:22Z,algae_brown,692,0.07188666666666652
2022-07-09T13:45:22Z,algae_brown,694,0.08601999999999982
2022-07-09T13:45:22Z,algae_brown,696,0.1032999999999998
2022-07-09T13:45:22Z,algae_brown,698,0.1231133333333331
2022-07-09T13:45:22Z,algae_brown,700,0.14471999999999977
2022-07-09T13:45:22Z,algae_brown,702,0.16735999999999976
2022-07-09T13:45:22Z,algae_brown,704,0.19083333333333333
2022-07-09T13:45:22Z,algae_brown,706,0.2121
2022-07-09T13:45:22Z,algae_brown,708,0.23190000000000002
2022-07-09T13:45:22Z,algae_brown,710,0.24963333333333335
2022-07-09T13:45:22Z,algae_brown,712,0.26543333333333335
2022-07-09T13:45:22Z,algae_brown,714,0.2803533333333335
2022-07-09T13:45:22Z,algae_brown,716,0.29310000000000014
2022-07-09T13:45:22Z,algae_brown,718,0.3044400000000001
2022-07-09T13:45:22Z,algae_brown,720,0.3137142857142858
2022-07-09T13:45:22Z,algae_brown,722,0.3217133333333335
2022-07-09T13:45:22Z,algae_brown,724,0.32942000000000016
2022-07-09T13:45:22Z,algae_brown,726,0.3367857142857144
2022-07-09T13:45:22Z,algae_brown,728,0.3432999999999999
2022-07-09T13:45:22Z,algae_brown,730,0.3489533333333332
2022-07-09T13:45:22Z,algae_brown,732,0.35402857142857136
2022-07-09T13:45:22Z,algae_brown,734,0.35885999999999996
2022-07-09T13:45:22Z,algae_brown,736,0.36356666666666665
2022-07-09T13:45:22Z,algae_brown,738,0.36829999999999996
2022-07-09T13:45:22Z,algae_brown,740,0.3721
2022-07-09T13:45:22Z,algae_brown,742,0.3754
2022-07-09T13:45:22Z,algae_brown,744,0.37838000000000005
2022-07-09T13:45:22Z,algae_brown,746,0.3811142857142858
2022-07-09T13:45:22Z,algae_brown,748,0.3835266666666667
2022-07-09T13:45:22Z,algae_brown,750,0.38570000000000004
2022-07-09T13:45:22Z,algae_brown,752,0.3875266666666667
2022-07-09T13:45:22Z,algae_brown,754,0.3892142857142857
2022-07-09T13:45:22Z,algae_brown,756,0.39102
2022-07-09T13:45:22Z,algae_brown,758,0.39549999999999996
2022-07-09T13:45:22Z,algae_brown,760,0.40345714285714285
2022-07-09T13:45:22Z,algae_brown,762,0.40584666666666663
2022-07-09T13:45:22Z,algae_brown,764,0.3990533333333332
2022-07-09T13:45:22Z,algae_brown,766,0.3947533333333333
2022-07-09T13:45:22Z,algae_brown,768,0.3942428571428571
2022-07-09T13:45:22Z,algae_brown,770,0.39584285714285705
2022-07-09T13:45:22Z,algae_brown,772,0.3979357142857143
2022-07-09T13:45:22Z,algae_brown,774,0.3993
2022-07-09T13:45:22Z,algae_brown,776,0.40046
2022-07-09T13:45:22Z,algae_brown,778,0.40155
2022-07-09T13:45:22Z,algae_brown,780,0.4024714285714286
2022-07-09T13:45:22Z,algae_brown,782,0.4031666666666667
2022-07-09T13:45:22Z,algae_brown,784,0.40395714285714285
2022-07-09T13:45:22Z,algae_brown,786,0.4049
2022-07-09T13:45:22Z,algae_brown,788,0.4056571428571429
2022-07-09T13:45:22Z,algae_brown,790,0.4063666666666667
2022-07-09T13:45:22Z,algae_brown,792,0.40700000000000003
2022-07-09T13:45:22Z,algae_brown,794,0.4076642857142857
2022-07-09T13:45:22Z,algae_brown,796,0.4078857142857143
2022-07-09T13:45:22Z,algae_brown,798,0.4085285714285714
2022-07-09T13:45:22Z,algae_brown,800,0.40922857142857144
